plane_idx,x_cm,z_cm,weight
0,-0.092251,0.003580,0.903142
1,-0.046125,0.001790,0.903142
2,-0.000000,-0.000000,0.903142
3,0.046125,-0.001790,0.903142
4,0.092251,-0.003580,0.903142
0,0.023151,0.067660,0.941208
1,0.011575,0.033830,0.941208
2,-0.000000,0.000000,0.941208
3,-0.011575,-0.033830,0.941208
4,-0.023151,-0.067660,0.941208
0,0.065084,-0.005059,0.950880
1,0.032542,-0.002529,0.950880
2,-0.000000,-0.000000,0.950880
3,-0.032542,0.002529,0.950880
4,-0.065084,0.005059,0.950880
0,0.000934,-0.020622,0.995057
1,0.000467,-0.010311,0.995057
2,-0.000000,-0.000000,0.995057
3,-0.000467,0.010311,0.995057
4,-0.000934,0.020622,0.995057
0,-0.025116,-0.038729,0.975311
1,-0.012558,-0.019365,0.975311
2,0.000000,-0.000000,0.975311
3,0.012558,0.019365,0.975311
4,0.025116,0.038729,0.975311
0,0.011590,0.093888,0.898457
1,0.005795,0.046944,0.898457
2,-0.000000,0.000000,0.898457
3,-0.005795,-0.046944,0.898457
4,-0.011590,-0.093888,0.898457
0,0.048158,-0.025766,0.965499
1,0.024079,-0.012883,0.965499
2,0.000000,0.000000,0.965499
3,-0.024079,0.012883,0.965499
4,-0.048158,0.025766,0.965499
0,0.092466,-0.013646,0.900798
1,0.046233,-0.006823,0.900798
2,0.000000,0.000000,0.900798
3,-0.046233,0.006823,0.900798
4,-0.092466,0.013646,0.900798
0,-0.000381,0.025280,0.992583
1,-0.000191,0.012640,0.992583
2,0.000000,-0.000000,0.992583
3,0.000191,-0.012640,0.992583
4,0.000381,-0.025280,0.992583
0,0.048537,-0.071427,0.914928
1,0.024269,-0.035713,0.914928
2,-0.000000,0.000000,0.914928
3,-0.024269,0.035713,0.914928
4,-0.048537,0.071427,0.914928
0,0.010775,0.055498,0.963054
1,0.005388,0.027749,0.963054
2,-0.000000,-0.000000,0.963054
3,-0.005388,-0.027749,0.963054
4,-0.010775,-0.055498,0.963054
0,-0.041895,0.007480,0.979002
1,-0.020948,0.003740,0.979002
2,-0.000000,0.000000,0.979002
3,0.020947,-0.003740,0.979002
4,0.041895,-0.007480,0.979002
0,0.029795,0.008432,0.988874
1,0.014897,0.004216,0.988874
2,0.000000,-0.000000,0.988874
3,-0.014897,-0.004216,0.988874
4,-0.029795,-0.008432,0.988874
0,-0.043241,-0.049982,0.949669
1,-0.021621,-0.024991,0.949669
2,-0.000000,-0.000000,0.949669
3,0.021621,0.024991,0.949669
4,0.043241,0.049982,0.949669
0,0.085535,0.005907,0.916111
1,0.042767,0.002954,0.916111
2,-0.000000,-0.000000,0.916111
3,-0.042767,-0.002954,0.916111
4,-0.085535,-0.005907,0.916111
0,-0.075109,-0.002266,0.935193
1,-0.037555,-0.001133,0.935193
2,-0.000000,-0.000000,0.935193
3,0.037555,0.001133,0.935193
4,0.075109,0.002266,0.935193
0,0.001881,-0.084466,0.918482
1,0.000941,-0.042233,0.918482
2,-0.000000,-0.000000,0.918482
3,-0.000941,0.042233,0.918482
4,-0.001881,0.084466,0.918482
0,-0.033874,-0.004949,0.986403
1,-0.016937,-0.002475,0.986403
2,-0.000000,-0.000000,0.986403
3,0.016937,0.002475,0.986403
4,0.033874,0.004949,0.986403
0,-0.012423,-0.066534,0.947247
1,-0.006211,-0.033267,0.947247
2,-0.000000,-0.000000,0.947247
3,0.006211,0.033267,0.947247
4,0.012423,0.066534,0.947247
0,-0.086807,0.005369,0.913744
1,-0.043403,0.002684,0.913744
2,0.000000,0.000000,0.913744
3,0.043403,-0.002684,0.913744
4,0.086807,-0.005369,0.913744
0,0.022264,0.060492,0.952094
1,0.011132,0.030246,0.952094
2,-0.000000,-0.000000,0.952094
3,-0.011132,-0.030246,0.952094
4,-0.022264,-0.060492,0.952094
0,-0.038418,0.031216,0.971625
1,-0.019209,0.015608,0.971625
2,-0.000000,0.000000,0.971625
3,0.019209,-0.015608,0.971625
4,0.038418,-0.031216,0.971625
0,-0.002682,-0.057406,0.961833
1,-0.001341,-0.028703,0.961833
2,-0.000000,-0.000000,0.961833
3,0.001341,0.028703,0.961833
4,0.002682,0.057406,0.961833
0,0.031089,0.028131,0.979618
1,0.015545,0.014065,0.979618
2,-0.000000,-0.000000,0.979618
3,-0.015545,-0.014065,0.979618
4,-0.031089,-0.028131,0.979618
0,-0.025931,0.060352,0.950275
1,-0.012965,0.030176,0.950275
2,-0.000000,0.000000,0.950275
3,0.012965,-0.030176,0.950275
4,0.025931,-0.060352,0.950275
0,-0.034471,-0.069506,0.930997
1,-0.017235,-0.034753,0.930997
2,0.000000,0.000000,0.930997
3,0.017235,0.034753,0.930997
4,0.034471,0.069506,0.930997
0,0.084203,-0.014411,0.916704
1,0.042102,-0.007206,0.916704
2,0.000000,0.000000,0.916704
3,-0.042102,0.007206,0.916704
4,-0.084203,0.014411,0.916704
0,-0.055026,-0.029339,0.955131
1,-0.027513,-0.014670,0.955131
2,0.000000,-0.000000,0.955131
3,0.027513,0.014670,0.955131
4,0.055026,0.029339,0.955131
0,0.032891,-0.033200,0.974696
1,0.016446,-0.016600,0.974696
2,-0.000000,-0.000000,0.974696
3,-0.016446,0.016600,0.974696
4,-0.032891,0.033200,0.974696
0,-0.094072,0.012368,0.897875
1,-0.047036,0.006184,0.897875
2,0.000000,-0.000000,0.897875
3,0.047036,-0.006184,0.897875
4,0.094072,-0.012368,0.897875
0,0.062140,-0.029658,0.945433
1,0.031070,-0.014829,0.945433
2,-0.000000,-0.000000,0.945433
3,-0.031070,0.014829,0.945433
4,-0.062140,0.029658,0.945433
0,-0.010234,0.078280,0.928605
1,-0.005117,0.039140,0.928605
2,-0.000000,0.000000,0.928605
3,0.005117,-0.039140,0.928605
4,0.010234,-0.078280,0.928605
0,0.070105,-0.041761,0.923832
1,0.035052,-0.020880,0.923832
2,-0.000000,-0.000000,0.923832
3,-0.035052,0.020880,0.923832
4,-0.070105,0.041761,0.923832
0,-0.005519,0.011373,0.998148
1,-0.002759,0.005687,0.998148
2,0.000000,-0.000000,0.998148
3,0.002759,-0.005687,0.998148
4,0.005519,-0.011373,0.998148
0,-0.059527,0.005057,0.958783
1,-0.029763,0.002529,0.958783
2,-0.000000,-0.000000,0.958783
3,0.029763,-0.002529,0.958783
4,0.059527,-0.005057,0.958783
0,0.060958,0.039468,0.939401
1,0.030479,0.019734,0.939401
2,0.000000,0.000000,0.939401
3,-0.030479,-0.019734,0.939401
4,-0.060958,-0.039468,0.939401
0,-0.002406,0.063162,0.953916
1,-0.001203,0.031581,0.953916
2,0.000000,0.000000,0.953916
3,0.001203,-0.031581,0.953916
4,0.002406,-0.063162,0.953916
0,0.018909,-0.052776,0.963665
1,0.009455,-0.026388,0.963665
2,0.000000,-0.000000,0.963665
3,-0.009455,0.026388,0.963665
4,-0.018909,0.052776,0.963665
0,0.074190,0.041075,0.917888
1,0.037095,0.020538,0.917888
2,0.000000,0.000000,0.917888
3,-0.037095,-0.020538,0.917888
4,-0.074190,-0.041075,0.917888
0,0.064824,-0.068512,0.899043
1,0.032412,-0.034256,0.899043
2,-0.000000,0.000000,0.899043
3,-0.032412,0.034256,0.899043
4,-0.064824,0.068512,0.899043
0,0.065060,0.020039,0.946642
1,0.032530,0.010020,0.946642
2,0.000000,-0.000000,0.946642
3,-0.032530,-0.010020,0.946642
4,-0.065060,-0.020039,0.946642
0,0.039059,-0.031273,0.971011
1,0.019530,-0.015637,0.971011
2,-0.000000,-0.000000,0.971011
3,-0.019530,0.015637,0.971011
4,-0.039059,0.031273,0.971011
0,0.003280,-0.003984,0.999692
1,0.001640,-0.001992,0.999692
2,-0.000000,-0.000000,0.999692
3,-0.001640,0.001992,0.999692
4,-0.003280,0.003984,0.999692
0,-0.080693,0.018270,0.921750
1,-0.040346,0.009135,0.921750
2,-0.000000,-0.000000,0.921750
3,0.040346,-0.009135,0.921750
4,0.080693,-0.018270,0.921750
0,-0.064293,-0.012435,0.950579
1,-0.032146,-0.006217,0.950579
2,0.000000,0.000000,0.950579
3,0.032146,0.006217,0.950579
4,0.064293,0.012435,0.950579
0,0.035697,-0.005548,0.984859
1,0.017849,-0.002774,0.984859
2,0.000000,0.000000,0.984859
3,-0.017849,0.002774,0.984859
4,-0.035697,0.005548,0.984859
0,-0.014600,0.067091,0.945735
1,-0.007300,0.033545,0.945735
2,0.000000,-0.000000,0.945735
3,0.007300,-0.033545,0.945735
4,0.014600,-0.067091,0.945735
0,-0.028527,0.016680,0.987329
1,-0.014263,0.008340,0.987329
2,0.000000,0.000000,0.987329
3,0.014263,-0.008340,0.987329
4,0.028527,-0.016680,0.987329
0,0.017828,0.034646,0.982392
1,0.008914,0.017323,0.982392
2,0.000000,0.000000,0.982392
3,-0.008914,-0.017323,0.982392
4,-0.017828,-0.034646,0.982392
0,-0.037229,0.059509,0.943319
1,-0.018615,0.029755,0.943319
2,0.000000,0.000000,0.943319
3,0.018615,-0.029755,0.943319
4,0.037229,-0.059509,0.943319
0,0.074801,-0.055326,0.901677
1,0.037401,-0.027663,0.901677
2,-0.000000,-0.000000,0.901677
3,-0.037401,0.027663,0.901677
4,-0.074801,0.055326,0.901677
0,-0.088317,-0.001988,0.911085
1,-0.044159,-0.000994,0.911085
2,0.000000,-0.000000,0.911085
3,0.044159,0.000994,0.911085
4,0.088317,0.001988,0.911085
0,-0.060986,0.015787,0.954220
1,-0.030493,0.007893,0.954220
2,-0.000000,0.000000,0.954220
3,0.030493,-0.007893,0.954220
4,0.060986,-0.015787,0.954220
0,0.069196,0.029750,0.934893
1,0.034598,0.014875,0.934893
2,0.000000,0.000000,0.934893
3,-0.034598,-0.014875,0.934893
4,-0.069196,-0.029750,0.934893
0,-0.020684,-0.031366,0.983625
1,-0.010342,-0.015683,0.983625
2,0.000000,0.000000,0.983625
3,0.010342,0.015683,0.983625
4,0.020684,0.031366,0.983625
0,0.016339,-0.008904,0.995985
1,0.008170,-0.004452,0.995985
2,-0.000000,0.000000,0.995985
3,-0.008170,0.004452,0.995985
4,-0.016339,0.008904,0.995985
0,-0.028845,0.054069,0.956652
1,-0.014423,0.027034,0.956652
2,0.000000,-0.000000,0.956652
3,0.014423,-0.027034,0.956652
4,0.028845,-0.054069,0.956652
0,0.047200,0.063910,0.927709
1,0.023600,0.031955,0.927709
2,0.000000,0.000000,0.927709
3,-0.023600,-0.031955,0.927709
4,-0.047200,-0.063910,0.927709
0,0.000774,0.049764,0.971318
1,0.000387,0.024882,0.971318
2,-0.000000,0.000000,0.971318
3,-0.000387,-0.024882,0.971318
4,-0.000774,-0.049764,0.971318
0,0.041582,-0.007445,0.979310
1,0.020791,-0.003723,0.979310
2,0.000000,0.000000,0.979310
3,-0.020791,0.003723,0.979310
4,-0.041582,0.007445,0.979310
0,-0.052651,-0.057218,0.930698
1,-0.026326,-0.028609,0.930698
2,-0.000000,-0.000000,0.930698
3,0.026326,0.028609,0.930698
4,0.052651,0.057218,0.930698
0,-0.083767,-0.017537,0.916407
1,-0.041884,-0.008769,0.916407
2,-0.000000,-0.000000,0.916407
3,0.041884,0.008769,0.916407
4,0.083767,0.017537,0.916407
0,-0.015676,-0.006874,0.996603
1,-0.007838,-0.003437,0.996603
2,0.000000,-0.000000,0.996603
3,0.007838,0.003437,0.996603
4,0.015676,0.006874,0.996603
0,-0.010291,0.083699,0.918779
1,-0.005146,0.041849,0.918779
2,0.000000,-0.000000,0.918779
3,0.005146,-0.041849,0.918779
4,0.010291,-0.083699,0.918779
0,0.032822,-0.008245,0.986711
1,0.016411,-0.004123,0.986711
2,0.000000,-0.000000,0.986711
3,-0.016411,0.004123,0.986711
4,-0.032822,0.008245,0.986711
0,0.075260,-0.043284,0.914040
1,0.037630,-0.021642,0.914040
2,-0.000000,-0.000000,0.914040
3,-0.037630,0.021642,0.914040
4,-0.075260,0.043284,0.914040
0,-0.046661,-0.044171,0.952397
1,-0.023331,-0.022085,0.952397
2,0.000000,-0.000000,0.952397
3,0.023331,0.022085,0.952397
4,0.046661,0.044171,0.952397
0,0.070161,-0.007622,0.942715
1,0.035080,-0.003811,0.942715
2,-0.000000,0.000000,0.942715
3,-0.035080,0.003811,0.942715
4,-0.070161,0.007622,0.942715
0,0.055618,0.022412,0.958479
1,0.027809,0.011206,0.958479
2,-0.000000,-0.000000,0.958479
3,-0.027809,-0.011206,0.958479
4,-0.055618,-0.022412,0.958479
0,-0.024725,-0.001125,0.992892
1,-0.012363,-0.000563,0.992892
2,0.000000,0.000000,0.992892
3,0.012363,0.000563,0.992892
4,0.024725,0.001125,0.992892
0,-0.029904,-0.055925,0.953612
1,-0.014952,-0.027962,0.953612
2,-0.000000,-0.000000,0.953612
3,0.014952,0.027962,0.953612
4,0.029904,0.055925,0.953612
0,0.026091,-0.028002,0.983008
1,0.013046,-0.014001,0.983008
2,-0.000000,0.000000,0.983008
3,-0.013046,0.014001,0.983008
4,-0.026091,0.028002,0.983008
0,-0.030948,0.047029,0.963359
1,-0.015474,0.023515,0.963359
2,-0.000000,0.000000,0.963359
3,0.015474,-0.023515,0.963359
4,0.030948,-0.047029,0.963359
0,0.074484,-0.032108,0.924726
1,0.037242,-0.016054,0.924726
2,-0.000000,-0.000000,0.924726
3,-0.037242,0.016054,0.924726
4,-0.074484,0.032108,0.924726
0,0.000770,0.019973,0.995366
1,0.000385,0.009987,0.995366
2,-0.000000,0.000000,0.995366
3,-0.000385,-0.009987,0.995366
4,-0.000770,-0.019973,0.995366
0,0.043915,-0.072728,0.917592
1,0.021958,-0.036364,0.917592
2,-0.000000,-0.000000,0.917592
3,-0.021958,0.036364,0.917592
4,-0.043915,0.072728,0.917592
0,-0.059760,-0.015409,0.956044
1,-0.029880,-0.007704,0.956044
2,-0.000000,0.000000,0.956044
3,0.029880,0.007704,0.956044
4,0.059760,0.015409,0.956044
0,0.074243,0.001138,0.936694
1,0.037122,0.000569,0.936694
2,0.000000,0.000000,0.936694
3,-0.037122,-0.000569,0.936694
4,-0.074243,-0.001138,0.936694
0,-0.027080,0.085656,0.908139
1,-0.013540,0.042828,0.908139
2,-0.000000,-0.000000,0.908139
3,0.013540,-0.042828,0.908139
4,0.027080,-0.085656,0.908139
0,-0.048974,0.011483,0.970705
1,-0.024487,0.005742,0.970705
2,-0.000000,0.000000,0.970705
3,0.024487,-0.005742,0.970705
4,0.048974,-0.011483,0.970705
0,0.037251,0.017040,0.980543
1,0.018625,0.008520,0.980543
2,0.000000,0.000000,0.980543
3,-0.018625,-0.008520,0.980543
4,-0.037251,-0.017040,0.980543
0,0.080623,0.018213,0.921898
1,0.040311,0.009107,0.921898
2,0.000000,0.000000,0.921898
3,-0.040311,-0.009107,0.921898
4,-0.080623,-0.018213,0.921898
0,-0.020345,0.036111,0.980080
1,-0.010172,0.018056,0.980080
2,0.000000,-0.000000,0.980080
3,0.010172,-0.018056,0.980080
4,0.020345,-0.036111,0.980080
0,0.055153,0.035113,0.950729
1,0.027577,0.017557,0.950729
2,0.000000,0.000000,0.950729
3,-0.027577,-0.017557,0.950729
4,-0.055153,-0.035113,0.950729
0,-0.037592,0.049351,0.955588
1,-0.018796,0.024675,0.955588
2,-0.000000,-0.000000,0.955588
3,0.018796,-0.024675,0.955588
4,0.037592,-0.049351,0.955588
0,0.043683,-0.015357,0.975157
1,0.021842,-0.007678,0.975157
2,-0.000000,-0.000000,0.975157
3,-0.021842,0.007678,0.975157
4,-0.043683,0.015357,0.975157
0,-0.034102,-0.011350,0.985014
1,-0.017051,-0.005675,0.985014
2,-0.000000,0.000000,0.985014
3,0.017051,0.005675,0.985014
4,0.034102,0.011350,0.985014
0,-0.014644,-0.066982,0.945885
1,-0.007322,-0.033491,0.945885
2,0.000000,-0.000000,0.945885
3,0.007322,0.033491,0.945885
4,0.014644,0.066982,0.945885
0,0.054098,0.008355,0.965346
1,0.027049,0.004177,0.965346
2,-0.000000,0.000000,0.965346
3,-0.027049,-0.004177,0.965346
4,-0.054098,-0.008355,0.965346
0,-0.030217,0.031905,0.977617
1,-0.015108,0.015953,0.977617
2,0.000000,-0.000000,0.977617
3,0.015108,-0.015953,0.977617
4,0.030217,-0.031905,0.977617
0,0.083508,0.042140,0.900653
1,0.041754,0.021070,0.900653
2,0.000000,0.000000,0.900653
3,-0.041754,-0.021070,0.900653
4,-0.083508,-0.042140,0.900653
0,-0.004507,0.032533,0.987484
1,-0.002254,0.016266,0.987484
2,0.000000,0.000000,0.987484
3,0.002254,-0.016266,0.987484
4,0.004507,-0.032533,0.987484
0,0.005208,-0.052499,0.967795
1,0.002604,-0.026250,0.967795
2,0.000000,0.000000,0.967795
3,-0.002604,0.026250,0.967795
4,-0.005208,0.052499,0.967795
0,0.005976,0.086228,0.914779
1,0.002988,0.043114,0.914779
2,-0.000000,-0.000000,0.914779
3,-0.002988,-0.043114,0.914779
4,-0.005976,-0.086228,0.914779
0,0.063241,-0.019545,0.949518
1,0.031620,-0.009773,0.949518
2,-0.000000,0.000000,0.949518
3,-0.031620,0.009773,0.949518
4,-0.063241,0.019545,0.949518
0,0.007124,0.051245,0.969019
1,0.003562,0.025622,0.969019
2,0.000000,-0.000000,0.969019
3,-0.003562,-0.025622,0.969019
4,-0.007124,-0.051245,0.969019
0,-0.045225,-0.058322,0.937446
1,-0.022613,-0.029161,0.937446
2,-0.000000,-0.000000,0.937446
3,0.022613,0.029161,0.937446
4,0.045225,0.058322,0.937446
0,0.065876,0.039156,0.932645
1,0.032938,0.019578,0.932645
2,0.000000,-0.000000,0.932645
3,-0.032938,-0.019578,0.932645
4,-0.065876,-0.039156,0.932645
0,-0.018835,0.089861,0.904169
1,-0.009418,0.044931,0.904169
2,-0.000000,-0.000000,0.904169
3,0.009418,-0.044931,0.904169
4,0.018835,-0.089861,0.904169
0,0.050253,-0.049953,0.942263
1,0.025126,-0.024976,0.942263
2,-0.000000,0.000000,0.942263
3,-0.025126,0.024976,0.942263
4,-0.050253,0.049953,0.942263
0,-0.041343,0.070823,0.923088
1,-0.020672,0.035412,0.923088
2,0.000000,0.000000,0.923088
3,0.020672,-0.035412,0.923088
4,0.041343,-0.070823,0.923088
0,0.030299,0.000929,0.989337
1,0.015149,0.000464,0.989337
2,0.000000,-0.000000,0.989337
3,-0.015149,-0.000464,0.989337
4,-0.030299,-0.000929,0.989337
0,0.014290,-0.049186,0.969633
1,0.007145,-0.024593,0.969633
2,0.000000,-0.000000,0.969633
3,-0.007145,0.024593,0.969633
4,-0.014290,0.049186,0.969633
0,0.062255,0.029640,0.945282
1,0.031128,0.014820,0.945282
2,0.000000,0.000000,0.945282
3,-0.031128,-0.014820,0.945282
4,-0.062255,-0.029640,0.945282
0,-0.016731,-0.082572,0.918927
1,-0.008365,-0.041286,0.918927
2,0.000000,-0.000000,0.918927
3,0.008365,0.041286,0.918927
4,0.016731,0.082572,0.918927
0,0.032075,0.083196,0.909465
1,0.016038,0.041598,0.909465
2,0.000000,-0.000000,0.909465
3,-0.016038,-0.041598,0.909465
4,-0.032075,-0.083196,0.909465
0,0.019683,-0.017844,0.991810
1,0.009841,-0.008922,0.991810
2,0.000000,0.000000,0.991810
3,-0.009841,0.008922,0.991810
4,-0.019683,0.017844,0.991810
0,-0.001804,0.039432,0.981929
1,-0.000902,0.019716,0.981929
2,0.000000,-0.000000,0.981929
3,0.000902,-0.019716,0.981929
4,0.001804,-0.039432,0.981929
0,-0.066524,-0.023279,0.942866
1,-0.033262,-0.011639,0.942866
2,-0.000000,0.000000,0.942866
3,0.033262,0.011639,0.942866
4,0.066524,0.023279,0.942866
0,-0.031827,0.077321,0.920114
1,-0.015914,0.038661,0.920114
2,-0.000000,-0.000000,0.920114
3,0.015914,-0.038661,0.920114
4,0.031827,-0.077321,0.920114
0,0.020619,-0.056189,0.958631
1,0.010309,-0.028094,0.958631
2,-0.000000,0.000000,0.958631
3,-0.010309,0.028095,0.958631
4,-0.020619,0.056189,0.958631
0,-0.042708,-0.082899,0.901239
1,-0.021354,-0.041449,0.901239
2,0.000000,0.000000,0.901239
3,0.021354,0.041449,0.901239
4,0.042708,0.082899,0.901239
0,-0.052372,0.050439,0.939251
1,-0.026186,0.025220,0.939251
2,0.000000,-0.000000,0.939251
3,0.026186,-0.025220,0.939251
4,0.052372,-0.050439,0.939251
0,-0.051694,0.007604,0.968406
1,-0.025847,0.003802,0.968406
2,-0.000000,-0.000000,0.968406
3,0.025847,-0.003802,0.968406
4,0.051694,-0.007604,0.968406
0,0.023340,0.007385,0.993047
1,0.011670,0.003693,0.993047
2,0.000000,-0.000000,0.993047
3,-0.011670,-0.003693,0.993047
4,-0.023340,-0.007385,0.993047
0,0.079604,-0.032878,0.915371
1,0.039802,-0.016439,0.915371
2,-0.000000,-0.000000,0.915371
3,-0.039802,0.016439,0.915371
4,-0.079604,0.032878,0.915371
0,0.025437,-0.040704,0.973314
1,0.012719,-0.020352,0.973314
2,0.000000,0.000000,0.973314
3,-0.012719,0.020352,0.973314
4,-0.025437,0.040704,0.973314
0,-0.080988,0.002521,0.924874
1,-0.040494,0.001261,0.924874
2,0.000000,0.000000,0.924874
3,0.040494,-0.001261,0.924874
4,0.080988,-0.002521,0.924874
0,0.049845,0.036207,0.956196
1,0.024922,0.018103,0.956196
2,0.000000,0.000000,0.956196
3,-0.024922,-0.018103,0.956196
4,-0.049845,-0.036207,0.956196
0,-0.042420,-0.017070,0.975772
1,-0.021210,-0.008535,0.975772
2,0.000000,0.000000,0.975772
3,0.021210,0.008535,0.975772
4,0.042420,0.017070,0.975772
0,0.017756,0.030384,0.985631
1,0.008878,0.015192,0.985631
2,-0.000000,0.000000,0.985631
3,-0.008878,-0.015192,0.985631
4,-0.017756,-0.030384,0.985631
0,0.052186,-0.014824,0.965957
1,0.026093,-0.007412,0.965957
2,0.000000,0.000000,0.965957
3,-0.026093,0.007412,0.965957
4,-0.052186,0.014824,0.965957
0,0.009158,0.079174,0.927261
1,0.004579,0.039587,0.927261
2,0.000000,0.000000,0.927261
3,-0.004579,-0.039587,0.927261
4,-0.009158,-0.079174,0.927261
0,0.058625,0.064760,0.913005
1,0.029313,0.032380,0.913005
2,-0.000000,-0.000000,0.913005
3,-0.029313,-0.032380,0.913005
4,-0.058625,-0.064760,0.913005
0,-0.053838,-0.055024,0.932045
1,-0.026919,-0.027512,0.932045
2,0.000000,0.000000,0.932045
3,0.026919,0.027512,0.932045
4,0.053838,0.055024,0.932045
0,0.007738,-0.040060,0.980696
1,0.003869,-0.020030,0.980696
2,-0.000000,0.000000,0.980696
3,-0.003869,0.020030,0.980696
4,-0.007738,0.040060,0.980696
0,-0.043614,0.038302,0.961070
1,-0.021807,0.019151,0.961070
2,0.000000,-0.000000,0.961070
3,0.021807,-0.019151,0.961070
4,0.043614,-0.038302,0.961070
0,0.060061,-0.057019,0.921601
1,0.030030,-0.028509,0.921601
2,0.000000,-0.000000,0.921601
3,-0.030030,0.028509,0.921601
4,-0.060061,0.057019,0.921601
0,-0.055507,0.074040,0.902703
1,-0.027754,0.037020,0.902703
2,-0.000000,-0.000000,0.902703
3,0.027754,-0.037020,0.902703
4,0.055507,-0.074040,0.902703
0,-0.017757,-0.024020,0.989646
1,-0.008879,-0.012010,0.989646
2,-0.000000,0.000000,0.989646
3,0.008879,0.012010,0.989646
4,0.017757,0.024020,0.989646
0,-0.067493,0.038089,0.931146
1,-0.033747,0.019044,0.931146
2,0.000000,-0.000000,0.931146
3,0.033747,-0.019044,0.931146
4,0.067493,-0.038089,0.931146
0,-0.035727,-0.065601,0.935943
1,-0.017864,-0.032800,0.935943
2,0.000000,-0.000000,0.935943
3,0.017864,0.032800,0.935943
4,0.035727,0.065601,0.935943
0,-0.008642,0.013354,0.997067
1,-0.004321,0.006677,0.997067
2,-0.000000,0.000000,0.997067
3,0.004321,-0.006677,0.997067
4,0.008642,-0.013354,0.997067
0,0.002044,0.044198,0.977310
1,0.001022,0.022099,0.977310
2,-0.000000,-0.000000,0.977310
3,-0.001022,-0.022099,0.977310
4,-0.002044,-0.044198,0.977310
0,0.066993,0.005143,0.948004
1,0.033497,0.002571,0.948004
2,-0.000000,0.000000,0.948004
3,-0.033497,-0.002571,0.948004
4,-0.066993,-0.005143,0.948004
0,0.006525,0.025231,0.992119
1,0.003262,0.012616,0.992119
2,0.000000,-0.000000,0.992119
3,-0.003262,-0.012616,0.992119
4,-0.006525,-0.025231,0.992119
0,0.048824,-0.000047,0.972392
1,0.024412,-0.000023,0.972392
2,0.000000,-0.000000,0.972392
3,-0.024412,0.000023,0.972392
4,-0.048824,0.000047,0.972392
0,0.041464,0.042854,0.958936
1,0.020732,0.021427,0.958936
2,0.000000,-0.000000,0.958936
3,-0.020732,-0.021427,0.958936
4,-0.041464,-0.042854,0.958936
0,0.091584,0.016790,0.901530
1,0.045792,0.008395,0.901530
2,-0.000000,0.000000,0.901530
3,-0.045792,-0.008395,0.901530
4,-0.091584,-0.016790,0.901530
0,0.063056,-0.035837,0.939551
1,0.031528,-0.017919,0.939551
2,0.000000,-0.000000,0.939551
3,-0.031528,0.017919,0.939551
4,-0.063056,0.035837,0.939551
0,-0.022546,0.082962,0.915667
1,-0.011273,0.041481,0.915667
2,-0.000000,0.000000,0.915667
3,0.011273,-0.041481,0.915667
4,0.022546,-0.082962,0.915667
0,0.047287,-0.041782,0.954068
1,0.023644,-0.020891,0.954068
2,0.000000,-0.000000,0.954068
3,-0.023644,0.020891,0.954068
4,-0.047287,0.041782,0.954068
0,-0.056367,-0.071177,0.906226
1,-0.028184,-0.035588,0.906226
2,0.000000,0.000000,0.906226
3,0.028184,0.035588,0.906226
4,0.056367,0.071177,0.906226
0,-0.020483,-0.078225,0.925173
1,-0.010241,-0.039113,0.925173
2,-0.000000,0.000000,0.925173
3,0.010241,0.039113,0.925173
4,0.020483,0.078225,0.925173
0,-0.093993,-0.006928,0.899188
1,-0.046996,-0.003464,0.899188
2,0.000000,0.000000,0.899188
3,0.046996,0.003464,0.899188
4,0.093993,0.006928,0.899188
0,-0.025380,0.023827,0.985939
1,-0.012690,0.011913,0.985939
2,0.000000,-0.000000,0.985939
3,0.012690,-0.011913,0.985939
4,0.025380,-0.023827,0.985939
0,0.066975,-0.011639,0.946793
1,0.033487,-0.005819,0.946793
2,0.000000,0.000000,0.946793
3,-0.033487,0.005819,0.946793
4,-0.066975,0.011639,0.946793
0,-0.010538,0.052966,0.966264
1,-0.005269,0.026483,0.966264
2,0.000000,-0.000000,0.966264
3,0.005269,-0.026483,0.966264
4,0.010538,-0.052966,0.966264
0,0.026072,0.030956,0.981005
1,0.013036,0.015478,0.981005
2,-0.000000,-0.000000,0.981005
3,-0.013036,-0.015478,0.981005
4,-0.026072,-0.030956,0.981005
0,-0.065182,0.028259,0.941961
1,-0.032591,0.014129,0.941961
2,0.000000,-0.000000,0.941961
3,0.032591,-0.014129,0.941961
4,0.065182,-0.028259,0.941961
0,-0.086318,0.017698,0.911529
1,-0.043159,0.008849,0.911529
2,0.000000,0.000000,0.911529
3,0.043159,-0.008849,0.911529
4,0.086318,-0.017698,0.911529
0,-0.009837,-0.046122,0.974236
1,-0.004918,-0.023061,0.974236
2,-0.000000,0.000000,0.974236
3,0.004918,0.023061,0.974236
4,0.009837,0.046122,0.974236
0,0.020480,0.051545,0.964429
1,0.010240,0.025772,0.964429
2,-0.000000,-0.000000,0.964429
3,-0.010240,-0.025772,0.964429
4,-0.020480,-0.051545,0.964429
0,0.051891,0.078337,0.899773
1,0.025945,0.039168,0.899773
2,0.000000,-0.000000,0.899773
3,-0.025945,-0.039168,0.899773
4,-0.051891,-0.078337,0.899773
0,0.031794,0.012156,0.986557
1,0.015897,0.006078,0.986557
2,-0.000000,0.000000,0.986557
3,-0.015897,-0.006078,0.986557
4,-0.031794,-0.012156,0.986557
0,0.084409,-0.029190,0.909170
1,0.042205,-0.014595,0.909170
2,0.000000,0.000000,0.909170
3,-0.042205,0.014595,0.909170
4,-0.084409,0.029190,0.909170
0,0.030972,-0.043634,0.966875
1,0.015486,-0.021817,0.966875
2,0.000000,-0.000000,0.966875
3,-0.015486,0.021817,0.966875
4,-0.030972,0.043634,0.966875
0,0.060064,0.051621,0.928158
1,0.030032,0.025810,0.928158
2,-0.000000,0.000000,0.928158
3,-0.030032,-0.025810,0.928158
4,-0.060064,-0.051621,0.928158
0,-0.065373,0.064261,0.904464
1,-0.032687,0.032131,0.904464
2,-0.000000,0.000000,0.904464
3,0.032687,-0.032131,0.904464
4,0.065373,-0.064261,0.904464
0,0.006111,0.012744,0.997685
1,0.003056,0.006372,0.997685
2,-0.000000,-0.000000,0.997685
3,-0.003056,-0.006372,0.997685
4,-0.006111,-0.012744,0.997685
0,0.002437,0.072854,0.938950
1,0.001218,0.036427,0.938950
2,0.000000,-0.000000,0.938950
3,-0.001218,-0.036427,0.938950
4,-0.002437,-0.072854,0.938950
0,0.052493,0.001073,0.968100
1,0.026247,0.000536,0.968100
2,0.000000,0.000000,0.968100
3,-0.026247,-0.000536,0.968100
4,-0.052493,-0.001073,0.968100
0,-0.064710,-0.044480,0.929351
1,-0.032355,-0.022240,0.929351
2,0.000000,0.000000,0.929351
3,0.032355,0.022240,0.929351
4,0.064710,0.044480,0.929351
0,0.006734,-0.024095,0.992738
1,0.003367,-0.012047,0.992738
2,-0.000000,-0.000000,0.992738
3,-0.003367,0.012047,0.992738
4,-0.006734,0.024095,0.992738
0,-0.086266,0.001584,0.915075
1,-0.043133,0.000792,0.915075
2,0.000000,-0.000000,0.915075
3,0.043133,-0.000792,0.915075
4,0.086266,-0.001584,0.915075
0,0.075637,-0.004327,0.934143
1,0.037819,-0.002163,0.934143
2,0.000000,0.000000,0.934143
3,-0.037819,0.002163,0.934143
4,-0.075637,0.004327,0.934143
0,-0.068145,0.015612,0.943771
1,-0.034072,0.007806,0.943771
2,-0.000000,0.000000,0.943771
3,0.034072,-0.007806,0.943771
4,0.068145,-0.015612,0.943771
0,0.003703,-0.056295,0.963207
1,0.001851,-0.028147,0.963207
2,-0.000000,0.000000,0.963207
3,-0.001851,0.028147,0.963207
4,-0.003703,0.056295,0.963207
0,0.008692,0.084592,0.917444
1,0.004346,0.042296,0.917444
2,-0.000000,0.000000,0.917444
3,-0.004346,-0.042296,0.917444
4,-0.008692,-0.084592,0.917444
0,0.031698,-0.016136,0.985322
1,0.015849,-0.008068,0.985322
2,0.000000,0.000000,0.985322
3,-0.015849,0.008068,0.985322
4,-0.031698,0.016136,0.985322
0,-0.062053,-0.065061,0.907992
1,-0.031027,-0.032531,0.907992
2,0.000000,-0.000000,0.907992
3,0.031027,0.032531,0.907992
4,0.062053,0.065061,0.907992
0,0.086536,-0.012997,0.912709
1,0.043268,-0.006498,0.912709
2,-0.000000,0.000000,0.912709
3,-0.043268,0.006498,0.912709
4,-0.086536,0.012997,0.912709
0,-0.056875,-0.031834,0.951033
1,-0.028438,-0.015917,0.951033
2,-0.000000,0.000000,0.951033
3,0.028438,0.015917,0.951033
4,0.056875,0.031834,0.951033
0,0.036220,-0.035096,0.970552
1,0.018110,-0.017548,0.970552
2,-0.000000,0.000000,0.970552
3,-0.018110,0.017548,0.970552
4,-0.036220,0.035096,0.970552
0,0.086899,0.030955,0.903290
1,0.043450,0.015478,0.903290
2,-0.000000,0.000000,0.903290
3,-0.043450,-0.015478,0.903290
4,-0.086899,-0.030955,0.903290
0,-0.000596,-0.002511,0.999923
1,-0.000298,-0.001255,0.999923
2,0.000000,0.000000,0.999923
3,0.000298,0.001255,0.999923
4,0.000596,0.002511,0.999923
0,-0.038185,0.084093,0.903069
1,-0.019092,0.042047,0.903069
2,0.000000,-0.000000,0.903069
3,0.019092,-0.042047,0.903069
4,0.038185,-0.084093,0.903069
0,0.027037,-0.066253,0.941133
1,0.013518,-0.033127,0.941133
2,0.000000,0.000000,0.941133
3,-0.013518,0.033127,0.941133
4,-0.027037,0.066253,0.941133
0,0.005659,0.028756,0.990033
1,0.002830,0.014378,0.990033
2,-0.000000,0.000000,0.990033
3,-0.002830,-0.014378,0.990033
4,-0.005659,-0.028756,0.990033
0,0.049433,-0.010952,0.970322
1,0.024717,-0.005476,0.970322
2,0.000000,-0.000000,0.970322
3,-0.024717,0.005476,0.970322
4,-0.049433,0.010952,0.970322
0,0.044517,0.012476,0.975234
1,0.022258,0.006238,0.975234
2,0.000000,0.000000,0.975234
3,-0.022258,-0.006238,0.975234
4,-0.044517,-0.012476,0.975234
0,-0.048871,-0.056199,0.936319
1,-0.024435,-0.028099,0.936319
2,-0.000000,0.000000,0.936319
3,0.024435,0.028099,0.936319
4,0.048871,0.056199,0.936319
0,-0.060218,-0.001663,0.958097
1,-0.030109,-0.000832,0.958097
2,0.000000,-0.000000,0.958097
3,0.030109,0.000832,0.958097
4,0.060218,0.001663,0.958097
0,-0.007230,0.088534,0.910128
1,-0.003615,0.044267,0.910128
2,-0.000000,-0.000000,0.910128
3,0.003615,-0.044267,0.910128
4,0.007230,-0.088534,0.910128
0,-0.050791,0.060051,0.929129
1,-0.025395,0.030026,0.929129
2,0.000000,0.000000,0.929129
3,0.025395,-0.030026,0.929129
4,0.050791,-0.060051,0.929129
0,-0.049501,-0.049568,0.943546
1,-0.024751,-0.024784,0.943546
2,0.000000,0.000000,0.943546
3,0.024751,0.024784,0.943546
4,0.049501,0.049568,0.943546
0,0.013977,-0.054840,0.962977
1,0.006988,-0.027420,0.962977
2,0.000000,0.000000,0.962977
3,-0.006988,0.027420,0.962977
4,-0.013977,0.054840,0.962977
0,-0.008393,0.006539,0.998689
1,-0.004196,0.003270,0.998689
2,-0.000000,-0.000000,0.998689
3,0.004196,-0.003270,0.998689
4,0.008393,-0.006539,0.998689
0,-0.012124,0.040876,0.978925
1,-0.006062,0.020438,0.978925
2,-0.000000,-0.000000,0.978925
3,0.006062,-0.020438,0.978925
4,0.012124,-0.040876,0.978925
0,0.062957,0.020275,0.949593
1,0.031479,0.010138,0.949593
2,-0.000000,-0.000000,0.949593
3,-0.031479,-0.010138,0.949593
4,-0.062957,-0.020275,0.949593
0,-0.032390,-0.040262,0.969096
1,-0.016195,-0.020131,0.969096
2,0.000000,-0.000000,0.969096
3,0.016195,0.020131,0.969096
4,0.032390,0.040262,0.969096
0,0.017379,0.015405,0.993743
1,0.008689,0.007703,0.993743
2,-0.000000,-0.000000,0.993743
3,-0.008689,-0.007703,0.993743
4,-0.017379,-0.015405,0.993743
0,-0.022363,-0.082811,0.916038
1,-0.011181,-0.041406,0.916038
2,0.000000,-0.000000,0.916038
3,0.011181,0.041406,0.916038
4,0.022363,0.082811,0.916038
0,-0.028974,0.069381,0.935118
1,-0.014487,0.034690,0.935118
2,-0.000000,0.000000,0.935118
3,0.014487,-0.034690,0.935118
4,0.028974,-0.069381,0.935118
0,-0.037224,-0.002457,0.983857
1,-0.018612,-0.001229,0.983857
2,-0.000000,0.000000,0.983857
3,0.018612,0.001229,0.983857
4,0.037224,0.002457,0.983857
0,-0.083688,0.011873,0.918408
1,-0.041844,0.005937,0.918408
2,-0.000000,-0.000000,0.918408
3,0.041844,-0.005937,0.918408
4,0.083688,-0.011873,0.918408
0,-0.022918,0.038803,0.976464
1,-0.011459,0.019401,0.976464
2,-0.000000,-0.000000,0.976464
3,0.011459,-0.019401,0.976464
4,0.022918,-0.038803,0.976464
0,0.018314,-0.061856,0.952019
1,0.009157,-0.030928,0.952019
2,-0.000000,0.000000,0.952019
3,-0.009157,0.030928,0.952019
4,-0.018314,0.061856,0.952019
0,0.040024,-0.001675,0.981390
1,0.020012,-0.000837,0.981390
2,-0.000000,0.000000,0.981390
3,-0.020012,0.000837,0.981390
4,-0.040024,0.001675,0.981390
0,-0.008462,0.070302,0.942338
1,-0.004231,0.035151,0.942338
2,-0.000000,-0.000000,0.942338
3,0.004231,-0.035151,0.942338
4,0.008462,-0.070302,0.942338
0,0.017349,-0.038256,0.979541
1,0.008675,-0.019128,0.979541
2,-0.000000,-0.000000,0.979541
3,-0.008675,0.019128,0.979541
4,-0.017349,0.038256,0.979541
0,-0.039937,-0.024407,0.974620
1,-0.019968,-0.012204,0.974620
2,-0.000000,0.000000,0.974620
3,0.019968,0.012204,0.974620
4,0.039937,0.024407,0.974620
0,0.001088,-0.090309,0.907182
1,0.000544,-0.045154,0.907182
2,0.000000,0.000000,0.907182
3,-0.000544,0.045154,0.907182
4,-0.001088,0.090309,0.907182
0,-0.004082,0.080222,0.926142
1,-0.002041,0.040111,0.926142
2,0.000000,-0.000000,0.926142
3,0.002041,-0.040111,0.926142
4,0.004082,-0.080222,0.926142
0,0.064284,0.054397,0.919003
1,0.032142,0.027198,0.919003
2,0.000000,0.000000,0.919003
3,-0.032142,-0.027198,0.919003
4,-0.064284,-0.054397,0.919003
0,0.016526,0.065279,0.947776
1,0.008263,0.032640,0.947776
2,0.000000,0.000000,0.947776
3,-0.008263,-0.032640,0.947776
4,-0.016526,-0.065279,0.947776
0,0.009989,-0.008166,0.998071
1,0.004994,-0.004083,0.998071
2,0.000000,-0.000000,0.998071
3,-0.004994,0.004083,0.998071
4,-0.009989,0.008166,0.998071
0,-0.017880,0.057061,0.958707
1,-0.008940,0.028531,0.958707
2,0.000000,0.000000,0.958707
3,0.008940,-0.028531,0.958707
4,0.017880,-0.057061,0.958707
0,-0.025305,-0.068117,0.939326
1,-0.012652,-0.034059,0.939326
2,-0.000000,-0.000000,0.939326
3,0.012652,0.034059,0.939326
4,0.025305,0.068117,0.939326
0,-0.061605,-0.025157,0.948987
1,-0.030802,-0.012578,0.948987
2,0.000000,0.000000,0.948987
3,0.030802,0.012578,0.948987
4,0.061605,0.025157,0.948987
0,-0.039043,-0.040313,0.963589
1,-0.019522,-0.020157,0.963589
2,0.000000,0.000000,0.963589
3,0.019522,0.020157,0.963589
4,0.039043,0.040313,0.963589
0,0.045245,-0.006088,0.975849
1,0.022622,-0.003044,0.975849
2,-0.000000,0.000000,0.975849
3,-0.022622,0.003044,0.975849
4,-0.045245,0.006088,0.975849
0,-0.017236,0.072085,0.936920
1,-0.008618,0.036043,0.936920
2,0.000000,0.000000,0.936920
3,0.008618,-0.036043,0.936920
4,0.017236,-0.072085,0.936920
0,-0.000745,-0.068121,0.946566
1,-0.000372,-0.034061,0.946566
2,0.000000,0.000000,0.946566
3,0.000372,0.034061,0.946566
4,0.000745,0.068121,0.946566
0,0.065694,-0.040048,0.932119
1,0.032847,-0.020024,0.932119
2,0.000000,-0.000000,0.932119
3,-0.032847,0.020024,0.932119
4,-0.065694,0.040048,0.932119
0,-0.070739,-0.007948,0.941736
1,-0.035370,-0.003974,0.941736
2,-0.000000,-0.000000,0.941736
3,0.035370,0.003974,0.941736
4,0.070739,0.007948,0.941736
0,-0.037895,0.060919,0.940832
1,-0.018947,0.030459,0.940832
2,-0.000000,0.000000,0.940832
3,0.018947,-0.030459,0.940832
4,0.037895,-0.060919,0.940832
0,-0.058102,-0.065789,0.912191
1,-0.029051,-0.032895,0.912191
2,0.000000,-0.000000,0.912191
3,0.029051,0.032895,0.912191
4,0.058102,0.065789,0.912191
0,0.004197,0.065400,0.950502
1,0.002098,0.032700,0.950502
2,-0.000000,-0.000000,0.950502
3,-0.002098,-0.032700,0.950502
4,-0.004197,-0.065400,0.950502
0,0.068458,-0.050906,0.916925
1,0.034229,-0.025453,0.916925
2,-0.000000,-0.000000,0.916925
3,-0.034229,0.025453,0.916925
4,-0.068458,0.050906,0.916925
0,-0.094757,-0.001891,0.898092
1,-0.047379,-0.000945,0.898092
2,0.000000,-0.000000,0.898092
3,0.047379,0.000945,0.898092
4,0.094757,0.001891,0.898092
0,0.019980,0.071931,0.936018
1,0.009990,0.035965,0.936018
2,0.000000,0.000000,0.936018
3,-0.009990,-0.035965,0.936018
4,-0.019980,-0.071931,0.936018
0,0.055606,0.023739,0.957794
1,0.027803,0.011870,0.957794
2,0.000000,-0.000000,0.957794
3,-0.027803,-0.011870,0.957794
4,-0.055606,-0.023739,0.957794
0,0.031762,-0.065965,0.938423
1,0.015881,-0.032982,0.938423
2,0.000000,-0.000000,0.938423
3,-0.015881,0.032982,0.938423
4,-0.031762,0.065965,0.938423
0,-0.060081,0.029970,0.948079
1,-0.030040,0.014985,0.948079
2,-0.000000,0.000000,0.948079
3,0.030040,-0.014985,0.948079
4,0.060081,-0.029970,0.948079
0,-0.036922,0.069636,0.928830
1,-0.018461,0.034818,0.928830
2,0.000000,-0.000000,0.928830
3,0.018461,-0.034818,0.928830
4,0.036922,-0.069636,0.928830
0,-0.023619,-0.059362,0.952929
1,-0.011809,-0.029681,0.952929
2,0.000000,0.000000,0.952929
3,0.011809,0.029681,0.952929
4,0.023619,0.059362,0.952929
0,0.039953,0.027944,0.972469
1,0.019976,0.013972,0.972469
2,0.000000,-0.000000,0.972469
3,-0.019976,-0.013972,0.972469
4,-0.039953,-0.027944,0.972469
0,-0.000058,0.011825,0.998380
1,-0.000029,0.005912,0.998380
2,0.000000,-0.000000,0.998380
3,0.000029,-0.005912,0.998380
4,0.000058,-0.011825,0.998380
0,0.046177,-0.069469,0.920487
1,0.023088,-0.034735,0.920487
2,0.000000,-0.000000,0.920487
3,-0.023088,0.034735,0.920487
4,-0.046177,0.069469,0.920487
0,0.071892,0.009230,0.939627
1,0.035946,0.004615,0.939627
2,0.000000,0.000000,0.939627
3,-0.035946,-0.004615,0.939627
4,-0.071892,-0.009230,0.939627
0,-0.023898,-0.020519,0.988488
1,-0.011949,-0.010259,0.988488
2,0.000000,-0.000000,0.988488
3,0.011949,0.010259,0.988488
4,0.023898,0.020519,0.988488
0,-0.035922,0.080748,0.911011
1,-0.017961,0.040374,0.911011
2,-0.000000,-0.000000,0.911011
3,0.017961,-0.040374,0.911011
4,0.035922,-0.080748,0.911011
0,-0.075305,-0.041395,0.915741
1,-0.037653,-0.020698,0.915741
2,-0.000000,0.000000,0.915741
3,0.037653,0.020698,0.915741
4,0.075305,0.041395,0.915741
0,-0.013249,0.061641,0.954143
1,-0.006625,0.030821,0.954143
2,0.000000,0.000000,0.954143
3,0.006625,-0.030821,0.954143
4,0.013249,-0.061641,0.954143
0,-0.047320,0.005607,0.973698
1,-0.023660,0.002804,0.973698
2,0.000000,0.000000,0.973698
3,0.023660,-0.002804,0.973698
4,0.047320,-0.005607,0.973698
0,0.012968,-0.074240,0.934818
1,0.006484,-0.037120,0.934818
2,-0.000000,-0.000000,0.934818
3,-0.006484,0.037120,0.934818
4,-0.012968,0.074240,0.934818
0,0.036626,0.008767,0.983548
1,0.018313,0.004383,0.983548
2,0.000000,0.000000,0.983548
3,-0.018313,-0.004383,0.983548
4,-0.036626,-0.008767,0.983548
0,0.026154,-0.049385,0.963893
1,0.013077,-0.024692,0.963893
2,-0.000000,-0.000000,0.963893
3,-0.013077,0.024692,0.963893
4,-0.026154,0.049385,0.963893
0,0.053006,0.061012,0.925248
1,0.026503,0.030506,0.925248
2,0.000000,0.000000,0.925248
3,-0.026503,-0.030506,0.925248
4,-0.053006,-0.061012,0.925248
0,0.026054,-0.090538,0.899260
1,0.013027,-0.045269,0.899260
2,0.000000,-0.000000,0.899260
3,-0.013027,0.045269,0.899260
4,-0.026054,0.090538,0.899260
0,-0.073933,0.000791,0.937220
1,-0.036967,0.000395,0.937220
2,-0.000000,-0.000000,0.937220
3,0.036967,-0.000395,0.937220
4,0.073933,-0.000791,0.937220
0,-0.011589,-0.032725,0.986017
1,-0.005795,-0.016362,0.986017
2,-0.000000,-0.000000,0.986017
3,0.005795,0.016362,0.986017
4,0.011589,0.032725,0.986017
0,0.050839,-0.061110,0.927635
1,0.025419,-0.030555,0.927635
2,0.000000,-0.000000,0.927635
3,-0.025419,0.030555,0.927635
4,-0.050839,0.061110,0.927635
0,-0.040064,-0.005124,0.981082
1,-0.020032,-0.002562,0.981082
2,0.000000,0.000000,0.981082
3,0.020032,0.002562,0.981082
4,0.040064,0.005124,0.981082
0,-0.014276,-0.069547,0.942038
1,-0.007138,-0.034773,0.942038
2,-0.000000,0.000000,0.942038
3,0.007138,0.034773,0.942038
4,0.014276,0.069547,0.942038
0,-0.060218,-0.055848,0.922865
1,-0.030109,-0.027924,0.922865
2,0.000000,-0.000000,0.922865
3,0.030109,0.027924,0.922865
4,0.060218,0.055848,0.922865
0,0.001951,-0.009097,0.998998
1,0.000975,-0.004549,0.998998
2,-0.000000,-0.000000,0.998998
3,-0.000975,0.004549,0.998998
4,-0.001951,0.009097,0.998998
0,-0.082833,0.006611,0.921081
1,-0.041416,0.003306,0.921081
2,0.000000,0.000000,0.921081
3,0.041416,-0.003306,0.921081
4,0.082833,-0.006611,0.921081
0,0.021410,0.055113,0.959622
1,0.010705,0.027556,0.959622
2,0.000000,0.000000,0.959622
3,-0.010705,-0.027556,0.959622
4,-0.021410,-0.055113,0.959622
0,0.035476,0.030964,0.974312
1,0.017738,0.015482,0.974312
2,0.000000,0.000000,0.974312
3,-0.017738,-0.015482,0.974312
4,-0.035476,-0.030964,0.974312
0,0.030470,-0.020895,0.984165
1,0.015235,-0.010447,0.984165
2,-0.000000,-0.000000,0.984165
3,-0.015235,0.010447,0.984165
4,-0.030470,0.020895,0.984165
0,-0.055310,-0.003226,0.964506
1,-0.027655,-0.001613,0.964506
2,0.000000,-0.000000,0.964506
3,0.027655,0.001613,0.964506
4,0.055310,0.003226,0.964506
0,-0.092894,0.013906,0.899846
1,-0.046447,0.006953,0.899846
2,-0.000000,-0.000000,0.899846
3,0.046447,-0.006953,0.899846
4,0.092894,-0.013906,0.899846
0,0.085186,0.026715,0.909243
1,0.042593,0.013358,0.909243
2,0.000000,-0.000000,0.909243
3,-0.042593,-0.013358,0.909243
4,-0.085186,-0.026715,0.909243
0,0.064303,0.000328,0.952321
1,0.032152,0.000164,0.952321
2,-0.000000,0.000000,0.952321
3,-0.032152,-0.000164,0.952321
4,-0.064303,-0.000328,0.952321
0,-0.032567,-0.085650,0.904536
1,-0.016283,-0.042825,0.904536
2,-0.000000,0.000000,0.904536
3,0.016283,0.042825,0.904536
4,0.032567,0.085650,0.904536
0,-0.013496,0.003310,0.997762
1,-0.006748,0.001655,0.997762
2,0.000000,0.000000,0.997762
3,0.006748,-0.001655,0.997762
4,0.013496,-0.003310,0.997762
0,0.039798,0.017716,0.978002
1,0.019899,0.008858,0.978002
2,0.000000,-0.000000,0.978002
3,-0.019899,-0.008858,0.978002
4,-0.039798,-0.017716,0.978002
0,0.089742,-0.025739,0.901017
1,0.044871,-0.012870,0.901017
2,-0.000000,0.000000,0.901017
3,-0.044871,0.012870,0.901017
4,-0.089742,0.025739,0.901017
0,-0.039324,-0.061323,0.939025
1,-0.019662,-0.030662,0.939025
2,-0.000000,-0.000000,0.939025
3,0.019662,0.030662,0.939025
4,0.039324,0.061323,0.939025
0,0.014472,-0.028913,0.987870
1,0.007236,-0.014457,0.987870
2,0.000000,-0.000000,0.987870
3,-0.007236,0.014457,0.987870
4,-0.014472,0.028913,0.987870
0,-0.047279,0.022686,0.968178
1,-0.023640,0.011343,0.968178
2,0.000000,0.000000,0.968178
3,0.023640,-0.011343,0.968178
4,0.047279,-0.022686,0.968178
0,0.016140,-0.084718,0.915148
1,0.008070,-0.042359,0.915148
2,-0.000000,0.000000,0.915148
3,-0.008070,0.042359,0.915148
4,-0.016140,0.084718,0.915148
0,-0.063136,0.006502,0.953537
1,-0.031568,0.003251,0.953537
2,0.000000,0.000000,0.953537
3,0.031568,-0.003251,0.953537
4,0.063136,-0.006502,0.953537
0,0.035113,0.005056,0.985399
1,0.017556,0.002528,0.985399
2,0.000000,-0.000000,0.985399
3,-0.017556,-0.002528,0.985399
4,-0.035113,-0.005056,0.985399
0,-0.051148,-0.045295,0.946264
1,-0.025574,-0.022647,0.946264
2,-0.000000,0.000000,0.946264
3,0.025574,0.022647,0.946264
4,0.051148,0.045295,0.946264
0,0.077268,0.040993,0.912783
1,0.038634,0.020496,0.912783
2,-0.000000,-0.000000,0.912783
3,-0.038634,-0.020496,0.912783
4,-0.077268,-0.040993,0.912783
0,-0.037864,-0.044221,0.960841
1,-0.018932,-0.022111,0.960841
2,0.000000,-0.000000,0.960841
3,0.018932,0.022111,0.960841
4,0.037864,0.044221,0.960841
0,0.041897,-0.071015,0.922270
1,0.020948,-0.035507,0.922270
2,0.000000,-0.000000,0.922270
3,-0.020948,0.035507,0.922270
4,-0.041897,0.071015,0.922270
0,0.002773,0.003505,0.999769
1,0.001387,0.001753,0.999769
2,-0.000000,0.000000,0.999769
3,-0.001387,-0.001753,0.999769
4,-0.002773,-0.003505,0.999769
0,-0.007230,-0.082378,0.921824
1,-0.003615,-0.041189,0.921824
2,-0.000000,-0.000000,0.921824
3,0.003615,0.041189,0.921824
4,0.007230,0.082378,0.921824
0,-0.029516,-0.001042,0.989878
1,-0.014758,-0.000521,0.989878
2,-0.000000,-0.000000,0.989878
3,0.014758,0.000521,0.989878
4,0.029516,0.001042,0.989878
0,0.022173,0.084847,0.912340
1,0.011087,0.042424,0.912340
2,-0.000000,-0.000000,0.912340
3,-0.011087,-0.042424,0.912340
4,-0.022173,-0.084847,0.912340
0,0.012748,-0.016841,0.994825
1,0.006374,-0.008421,0.994825
2,0.000000,-0.000000,0.994825
3,-0.006374,0.008421,0.994825
4,-0.012748,0.016841,0.994825
0,-0.010952,-0.010635,0.997299
1,-0.005476,-0.005318,0.997299
2,0.000000,0.000000,0.997299
3,0.005476,0.005318,0.997299
4,0.010952,0.010635,0.997299
0,-0.038767,0.074489,0.919447
1,-0.019384,0.037244,0.919447
2,-0.000000,-0.000000,0.919447
3,0.019384,-0.037244,0.919447
4,0.038767,-0.074489,0.919447
0,0.014007,-0.058703,0.957946
1,0.007003,-0.029352,0.957946
2,-0.000000,-0.000000,0.957946
3,-0.007003,0.029352,0.957946
4,-0.014007,0.058703,0.957946
0,0.014993,0.041387,0.977540
1,0.007496,0.020693,0.977540
2,-0.000000,-0.000000,0.977540
3,-0.007496,-0.020693,0.977540
4,-0.014993,-0.041387,0.977540
0,-0.056985,0.045821,0.938574
1,-0.028493,0.022910,0.938574
2,-0.000000,0.000000,0.938574
3,0.028493,-0.022910,0.938574
4,0.056985,-0.045821,0.938574
0,-0.049928,0.017239,0.967717
1,-0.024964,0.008620,0.967717
2,0.000000,0.000000,0.967717
3,0.024964,-0.008620,0.967717
4,0.049928,-0.017239,0.967717
0,-0.003273,-0.078667,0.928978
1,-0.001636,-0.039333,0.928978
2,0.000000,-0.000000,0.928978
3,0.001636,0.039333,0.928978
4,0.003273,0.078667,0.928978
0,0.080582,-0.031371,0.914706
1,0.040291,-0.015685,0.914706
2,0.000000,0.000000,0.914706
3,-0.040291,0.015686,0.914706
4,-0.080582,0.031371,0.914706
0,0.026603,-0.040695,0.972623
1,0.013302,-0.020348,0.972623
2,-0.000000,0.000000,0.972623
3,-0.013302,0.020348,0.972623
4,-0.026603,0.040695,0.972623
0,0.090612,0.010928,0.905270
1,0.045306,0.005464,0.905270
2,-0.000000,-0.000000,0.905270
3,-0.045306,-0.005464,0.905270
4,-0.090612,-0.010928,0.905270
0,-0.022653,0.051990,0.962825
1,-0.011327,0.025995,0.962825
2,-0.000000,-0.000000,0.962825
3,0.011327,-0.025995,0.962825
4,0.022653,-0.051990,0.962825
0,0.051210,-0.051165,0.939777
1,0.025605,-0.025583,0.939777
2,0.000000,-0.000000,0.939777
3,-0.025605,0.025583,0.939777
4,-0.051210,0.051165,0.939777
0,0.014528,-0.087099,0.911160
1,0.007264,-0.043549,0.911160
2,0.000000,-0.000000,0.911160
3,-0.007264,0.043549,0.911160
4,-0.014528,0.087099,0.911160
0,-0.006943,-0.062559,0.954296
1,-0.003471,-0.031280,0.954296
2,0.000000,0.000000,0.954296
3,0.003471,0.031280,0.954296
4,0.006943,0.062559,0.954296
0,-0.060698,-0.044522,0.934968
1,-0.030349,-0.022261,0.934968
2,-0.000000,-0.000000,0.934968
3,0.030349,0.022261,0.934968
4,0.060698,0.044522,0.934968
0,-0.090676,-0.001114,0.906447
1,-0.045338,-0.000557,0.906447
2,-0.000000,0.000000,0.906447
3,0.045338,0.000557,0.906447
4,0.090676,0.001114,0.906447
0,0.004348,-0.045003,0.976310
1,0.002174,-0.022502,0.976310
2,0.000000,-0.000000,0.976310
3,-0.002174,0.022502,0.976310
4,-0.004348,0.045003,0.976310
0,-0.064560,0.068517,0.899408
1,-0.032280,0.034259,0.899408
2,0.000000,0.000000,0.899408
3,0.032280,-0.034259,0.899408
4,0.064560,-0.068517,0.899408
0,0.066013,0.033100,0.937370
1,0.033007,0.016550,0.937370
2,-0.000000,-0.000000,0.937370
3,-0.033007,-0.016550,0.937370
4,-0.066013,-0.033100,0.937370
0,0.026906,-0.062267,0.947019
1,0.013453,-0.031133,0.947019
2,-0.000000,0.000000,0.947019
3,-0.013453,0.031133,0.947019
4,-0.026906,0.062267,0.947019
0,-0.069551,0.038319,0.927783
1,-0.034776,0.019159,0.927783
2,0.000000,-0.000000,0.927783
3,0.034776,-0.019159,0.927783
4,0.069551,-0.038319,0.927783
0,0.023701,-0.014283,0.991115
1,0.011851,-0.007141,0.991115
2,0.000000,0.000000,0.991115
3,-0.011851,0.007141,0.991115
4,-0.023701,0.014283,0.991115
0,-0.031234,-0.070029,0.932569
1,-0.015617,-0.035014,0.932569
2,0.000000,0.000000,0.932569
3,0.015617,0.035014,0.932569
4,0.031234,0.070029,0.932569
0,0.091091,-0.011783,0.904096
1,0.045546,-0.005892,0.904096
2,0.000000,0.000000,0.904096
3,-0.045546,0.005892,0.904096
4,-0.091091,0.011783,0.904096
0,-0.061151,-0.035887,0.942188
1,-0.030575,-0.017943,0.942188
2,0.000000,0.000000,0.942188
3,0.030575,0.017943,0.942188
4,0.061151,0.035887,0.942188
0,0.042208,-0.039258,0.961604
1,0.021104,-0.019629,0.961604
2,0.000000,-0.000000,0.961604
3,-0.021104,0.019629,0.961604
4,-0.042208,0.039258,0.961604
0,-0.001389,0.042142,0.979388
1,-0.000695,0.021071,0.979388
2,0.000000,-0.000000,0.979388
3,0.000695,-0.021071,0.979388
4,0.001389,-0.042142,0.979388
0,-0.073967,0.047674,0.911749
1,-0.036984,0.023837,0.911749
2,-0.000000,-0.000000,0.911749
3,0.036984,-0.023837,0.911749
4,0.073967,-0.047674,0.911749
0,0.005374,0.021691,0.994207
1,0.002687,0.010846,0.994207
2,0.000000,-0.000000,0.994207
3,-0.002687,-0.010846,0.994207
4,-0.005374,-0.021691,0.994207
0,-0.040145,-0.075539,0.916481
1,-0.020072,-0.037770,0.916481
2,0.000000,-0.000000,0.916481
3,0.020072,0.037770,0.916481
4,0.040145,0.075539,0.916481
0,-0.044473,0.043940,0.954904
1,-0.022237,0.021970,0.954904
2,-0.000000,0.000000,0.954904
3,0.022237,-0.021970,0.954904
4,0.044473,-0.043940,0.954904
0,-0.012739,0.073830,0.935568
1,-0.006370,0.036915,0.935568
2,-0.000000,-0.000000,0.935568
3,0.006370,-0.036915,0.935568
4,0.012739,-0.073830,0.935568
0,0.052917,0.016003,0.964658
1,0.026458,0.008002,0.964658
2,-0.000000,-0.000000,0.964658
3,-0.026458,-0.008002,0.964658
4,-0.052917,-0.016003,0.964658
0,0.023791,-0.085971,0.909389
1,0.011896,-0.042986,0.909389
2,-0.000000,-0.000000,0.909389
3,-0.011896,0.042986,0.909389
4,-0.023791,0.085971,0.909389
0,-0.067423,0.001410,0.947625
1,-0.033711,0.000705,0.947625
2,0.000000,-0.000000,0.947625
3,0.033711,-0.000705,0.947625
4,0.067423,-0.001410,0.947625
0,-0.050473,0.057261,0.933168
1,-0.025236,0.028630,0.933168
2,0.000000,-0.000000,0.933168
3,0.025236,-0.028630,0.933168
4,0.050473,-0.057261,0.933168
0,0.038160,-0.010419,0.981852
1,0.019080,-0.005210,0.981852
2,0.000000,0.000000,0.981852
3,-0.019080,0.005210,0.981852
4,-0.038160,0.010419,0.981852
0,0.007688,-0.042723,0.978156
1,0.003844,-0.021362,0.978156
2,-0.000000,0.000000,0.978156
3,-0.003844,0.021362,0.978156
4,-0.007688,0.042723,0.978156
0,0.065878,-0.010066,0.948836
1,0.032939,-0.005033,0.948836
2,0.000000,-0.000000,0.948836
3,-0.032939,0.005033,0.948836
4,-0.065878,0.010066,0.948836
0,-0.074424,0.024638,0.929577
1,-0.037212,0.012319,0.929577
2,0.000000,-0.000000,0.929577
3,0.037212,-0.012319,0.929577
4,0.074424,-0.024638,0.929577
0,-0.000709,-0.024606,0.992970
1,-0.000355,-0.012303,0.992970
2,0.000000,-0.000000,0.992970
3,0.000355,0.012303,0.992970
4,0.000709,0.024606,0.992970
0,0.059745,0.021111,0.953688
1,0.029873,0.010555,0.953688
2,0.000000,-0.000000,0.953688
3,-0.029873,-0.010555,0.953688
4,-0.059745,-0.021111,0.953688
0,-0.033329,0.073900,0.924801
1,-0.016664,0.036950,0.924801
2,0.000000,0.000000,0.924801
3,0.016664,-0.036950,0.924801
4,0.033329,-0.073900,0.924801
0,0.092136,-0.020660,0.898823
1,0.046068,-0.010330,0.898823
2,0.000000,0.000000,0.898823
3,-0.046068,0.010330,0.898823
4,-0.092136,0.020660,0.898823
0,-0.067178,-0.031525,0.936769
1,-0.033589,-0.015762,0.936769
2,0.000000,-0.000000,0.936769
3,0.033589,0.015762,0.936769
4,0.067178,0.031525,0.936769
0,0.043636,-0.075719,0.912932
1,0.021818,-0.037859,0.912932
2,-0.000000,-0.000000,0.912932
3,-0.021818,0.037859,0.912932
4,-0.043636,0.075719,0.912932
0,0.022147,-0.067750,0.941585
1,0.011074,-0.033875,0.941585
2,-0.000000,0.000000,0.941585
3,-0.011074,0.033875,0.941585
4,-0.022147,0.067750,0.941585
0,0.006827,-0.000094,0.999461
1,0.003413,-0.000047,0.999461
2,-0.000000,0.000000,0.999461
3,-0.003413,0.000047,0.999461
4,-0.006827,0.000094,0.999461
0,-0.040539,0.010384,0.979695
1,-0.020269,0.005192,0.979695
2,0.000000,-0.000000,0.979695
3,0.020269,-0.005192,0.979695
4,0.040539,-0.010384,0.979695
0,0.052770,0.056816,0.931072
1,0.026385,0.028408,0.931072
2,0.000000,0.000000,0.931072
3,-0.026385,-0.028408,0.931072
4,-0.052770,-0.056816,0.931072
0,-0.013284,-0.033891,0.984628
1,-0.006642,-0.016945,0.984628
2,-0.000000,0.000000,0.984628
3,0.006642,0.016945,0.984628
4,0.013284,0.033891,0.984628
0,0.061205,-0.051892,0.926290
1,0.030603,-0.025946,0.926290
2,0.000000,-0.000000,0.926290
3,-0.030603,0.025946,0.926290
4,-0.061205,0.051892,0.926290
0,0.009540,0.012987,0.996989
1,0.004770,0.006494,0.996989
2,-0.000000,0.000000,0.996989
3,-0.004770,-0.006494,0.996989
4,-0.009540,-0.012987,0.996989
0,-0.034578,0.049732,0.957641
1,-0.017289,0.024866,0.957641
2,-0.000000,0.000000,0.957641
3,0.017289,-0.024866,0.957641
4,0.034578,-0.049732,0.957641
0,-0.058369,-0.073320,0.900287
1,-0.029185,-0.036660,0.900287
2,-0.000000,-0.000000,0.900287
3,0.029185,0.036660,0.900287
4,0.058369,0.073320,0.900287
0,0.052752,0.005816,0.967412
1,0.026376,0.002908,0.967412
2,-0.000000,-0.000000,0.967412
3,-0.026376,-0.002908,0.967412
4,-0.052752,-0.005816,0.967412
0,-0.060774,-0.050322,0.928679
1,-0.030387,-0.025161,0.928679
2,0.000000,-0.000000,0.928679
3,0.030387,0.025161,0.928679
4,0.060774,0.050322,0.928679
0,0.064005,-0.065268,0.904975
1,0.032002,-0.032634,0.904975
2,0.000000,-0.000000,0.904975
3,-0.032002,0.032634,0.904975
4,-0.064005,0.065268,0.904975
0,-0.066512,0.029037,0.939477
1,-0.033256,0.014519,0.939477
2,0.000000,-0.000000,0.939477
3,0.033256,-0.014519,0.939477
4,0.066512,-0.029037,0.939477
0,0.025103,-0.019373,0.988333
1,0.012551,-0.009686,0.988333
2,-0.000000,0.000000,0.988333
3,-0.012551,0.009686,0.988333
4,-0.025103,0.019373,0.988333
0,-0.071854,-0.051584,0.910865
1,-0.035927,-0.025792,0.910865
2,0.000000,-0.000000,0.910865
3,0.035927,0.025792,0.910865
4,0.071854,0.051584,0.910865
0,-0.021640,0.062820,0.949140
1,-0.010820,0.031410,0.949140
2,0.000000,-0.000000,0.949140
3,0.010820,-0.031410,0.949140
4,0.021640,-0.062820,0.949140
0,-0.025171,-0.074066,0.929875
1,-0.012585,-0.037033,0.929875
2,-0.000000,0.000000,0.929875
3,0.012585,0.037033,0.929875
4,0.025171,0.074066,0.929875
0,0.018993,0.014784,0.993279
1,0.009497,0.007392,0.993279
2,-0.000000,0.000000,0.993279
3,-0.009497,-0.007392,0.993279
4,-0.018993,-0.014784,0.993279
0,0.085952,-0.003157,0.915593
1,0.042976,-0.001578,0.915593
2,-0.000000,-0.000000,0.915593
3,-0.042976,0.001578,0.915593
4,-0.085952,0.003157,0.915593
0,0.031030,-0.036346,0.973544
1,0.015515,-0.018173,0.973544
2,-0.000000,0.000000,0.973544
3,-0.015515,0.018173,0.973544
4,-0.031030,0.036346,0.973544
0,-0.075161,0.039185,0.917963
1,-0.037580,0.019593,0.917963
2,-0.000000,0.000000,0.917963
3,0.037580,-0.019593,0.917963
4,0.075161,-0.039185,0.917963
0,0.060465,0.010926,0.956424
1,0.030233,0.005463,0.956424
2,0.000000,-0.000000,0.956424
3,-0.030233,-0.005463,0.956424
4,-0.060465,-0.010926,0.956424
0,-0.042670,0.084075,0.899115
1,-0.021335,0.042037,0.899115
2,0.000000,0.000000,0.899115
3,0.021335,-0.042037,0.899115
4,0.042670,-0.084075,0.899115
0,-0.052577,0.043167,0.946717
1,-0.026288,0.021584,0.946717
2,-0.000000,-0.000000,0.946717
3,0.026288,-0.021584,0.946717
4,0.052577,-0.043167,0.946717
0,-0.027101,0.007609,0.990805
1,-0.013551,0.003805,0.990805
2,0.000000,-0.000000,0.990805
3,0.013551,-0.003805,0.990805
4,0.027101,-0.007609,0.990805
0,0.001112,-0.064810,0.951563
1,0.000556,-0.032405,0.951563
2,0.000000,0.000000,0.951563
3,-0.000556,0.032405,0.951563
4,-0.001112,0.064810,0.951563
0,0.054386,0.045783,0.941886
1,0.027193,0.022892,0.941886
2,0.000000,-0.000000,0.941886
3,-0.027193,-0.022892,0.941886
4,-0.054386,-0.045783,0.941886
0,0.027053,-0.078654,0.920932
1,0.013526,-0.039327,0.920932
2,0.000000,0.000000,0.920932
3,-0.013526,0.039327,0.920932
4,-0.027053,0.078654,0.920932
0,0.063612,0.034165,0.940078
1,0.031806,0.017082,0.940078
2,-0.000000,-0.000000,0.940078
3,-0.031806,-0.017082,0.940078
4,-0.063612,-0.034165,0.940078
0,-0.014323,0.086980,0.911453
1,-0.007161,0.043490,0.911453
2,0.000000,-0.000000,0.911453
3,0.007161,-0.043490,0.911453
4,0.014323,-0.086980,0.911453
0,-0.045794,-0.011558,0.974158
1,-0.022897,-0.005779,0.974158
2,-0.000000,-0.000000,0.974158
3,0.022897,0.005779,0.974158
4,0.045794,0.011558,0.974158
0,0.037124,0.000379,0.984011
1,0.018562,0.000190,0.984011
2,0.000000,-0.000000,0.984011
3,-0.018562,-0.000190,0.984011
4,-0.037124,-0.000379,0.984011
0,-0.004227,0.044718,0.976617
1,-0.002114,0.022359,0.976617
2,-0.000000,-0.000000,0.976617
3,0.002114,-0.022359,0.976617
4,0.004227,-0.044718,0.976617
0,-0.071635,0.017183,0.937671
1,-0.035817,0.008592,0.937671
2,-0.000000,-0.000000,0.937671
3,0.035817,-0.008592,0.937671
4,0.071635,-0.017183,0.937671
0,0.061648,0.027821,0.947322
1,0.030824,0.013910,0.947322
2,0.000000,0.000000,0.947322
3,-0.030824,-0.013910,0.947322
4,-0.061648,-0.027821,0.947322
0,0.018194,0.020201,0.991424
1,0.009097,0.010101,0.991424
2,-0.000000,-0.000000,0.991424
3,-0.009097,-0.010101,0.991424
4,-0.018194,-0.020201,0.991424
0,-0.058210,0.027566,0.952170
1,-0.029105,0.013783,0.952170
2,0.000000,-0.000000,0.952170
3,0.029105,-0.013783,0.952170
4,0.058210,-0.027566,0.952170
0,0.043823,-0.022874,0.971703
1,0.021912,-0.011437,0.971703
2,-0.000000,-0.000000,0.971703
3,-0.021912,0.011437,0.971703
4,-0.043823,0.022874,0.971703
0,-0.037211,0.066845,0.932869
1,-0.018606,0.033423,0.932869
2,0.000000,-0.000000,0.932869
3,0.018606,-0.033423,0.932869
4,0.037211,-0.066845,0.932869
0,0.034730,0.084874,0.904387
1,0.017365,0.042437,0.904387
2,-0.000000,0.000000,0.904387
3,-0.017365,-0.042437,0.904387
4,-0.034730,-0.084874,0.904387
0,0.010445,-0.009865,0.997608
1,0.005222,-0.004933,0.997608
2,-0.000000,-0.000000,0.997608
3,-0.005222,0.004933,0.997608
4,-0.010445,0.009865,0.997608
0,0.033717,0.049788,0.958250
1,0.016858,0.024894,0.958250
2,-0.000000,0.000000,0.958250
3,-0.016858,-0.024894,0.958250
4,-0.033717,-0.049788,0.958250
0,0.068687,-0.024542,0.938875
1,0.034344,-0.012271,0.938875
2,-0.000000,0.000000,0.938875
3,-0.034344,0.012271,0.938875
4,-0.068687,0.024542,0.938875
0,-0.011489,-0.051296,0.968024
1,-0.005745,-0.025648,0.968024
2,-0.000000,0.000000,0.968024
3,0.005745,0.025648,0.968024
4,0.011489,0.051296,0.968024
0,-0.036689,0.078134,0.915001
1,-0.018345,0.039067,0.915001
2,0.000000,-0.000000,0.915001
3,0.018345,-0.039067,0.915001
4,0.036689,-0.078134,0.915001
0,0.024770,-0.058551,0.953384
1,0.012385,-0.029276,0.953384
2,-0.000000,0.000000,0.953384
3,-0.012385,0.029276,0.953384
4,-0.024770,0.058551,0.953384
0,-0.082785,-0.038078,0.905564
1,-0.041393,-0.019039,0.905564
2,0.000000,0.000000,0.905564
3,0.041393,0.019039,0.905564
4,0.082785,0.038078,0.905564
0,0.019777,0.005325,0.995134
1,0.009889,0.002663,0.995134
2,-0.000000,0.000000,0.995134
3,-0.009889,-0.002663,0.995134
4,-0.019777,-0.005325,0.995134
0,-0.041078,-0.046274,0.955815
1,-0.020539,-0.023137,0.955815
2,-0.000000,0.000000,0.955815
3,0.020539,0.023137,0.955815
4,0.041078,0.046274,0.955815
0,0.054798,-0.040966,0.946113
1,0.027399,-0.020483,0.946113
2,-0.000000,-0.000000,0.946113
3,-0.027399,0.020483,0.946113
4,-0.054798,0.040966,0.946113
0,-0.047224,-0.017892,0.970475
1,-0.023612,-0.008946,0.970475
2,0.000000,-0.000000,0.970475
3,0.023612,0.008946,0.970475
4,0.047224,0.017892,0.970475
0,-0.045590,0.055033,0.941283
1,-0.022795,0.027517,0.941283
2,-0.000000,-0.000000,0.941283
3,0.022795,-0.027517,0.941283
4,0.045590,-0.055033,0.941283
0,0.011156,0.081776,0.922122
1,0.005578,0.040888,0.922122
2,-0.000000,-0.000000,0.922122
3,-0.005578,-0.040888,0.922122
4,-0.011156,-0.081776,0.922122
0,0.056670,0.060086,0.922009
1,0.028335,0.030043,0.922009
2,-0.000000,-0.000000,0.922009
3,-0.028335,-0.030043,0.922009
4,-0.056670,-0.060086,0.922009
0,0.040551,0.007971,0.980196
1,0.020276,0.003985,0.980196
2,-0.000000,0.000000,0.980196
3,-0.020276,-0.003985,0.980196
4,-0.040551,-0.007971,0.980196
0,0.080855,-0.044597,0.903106
1,0.040427,-0.022298,0.903106
2,-0.000000,-0.000000,0.903106
3,-0.040427,0.022298,0.903106
4,-0.080855,0.044597,0.903106
0,0.070388,0.024266,0.936356
1,0.035194,0.012133,0.936356
2,0.000000,-0.000000,0.936356
3,-0.035194,-0.012133,0.936356
4,-0.070388,-0.024266,0.936356
0,0.037769,-0.057136,0.945998
1,0.018884,-0.028568,0.945998
2,0.000000,-0.000000,0.945998
3,-0.018884,0.028568,0.945998
4,-0.037769,0.057136,0.945998
0,0.040145,0.037078,0.965461
1,0.020073,0.018539,0.965461
2,-0.000000,0.000000,0.965461
3,-0.020073,-0.018539,0.965461
4,-0.040145,-0.037078,0.965461
0,-0.068830,0.040719,0.926776
1,-0.034415,0.020360,0.926776
2,0.000000,-0.000000,0.926776
3,0.034415,-0.020360,0.926776
4,0.068830,-0.040719,0.926776
0,0.069991,0.002324,0.943583
1,0.034995,0.001162,0.943583
2,-0.000000,0.000000,0.943583
3,-0.034995,-0.001162,0.943583
4,-0.069991,-0.002324,0.943583
0,-0.048068,0.034764,0.959355
1,-0.024034,0.017382,0.959355
2,0.000000,-0.000000,0.959355
3,0.024034,-0.017382,0.959355
4,0.048068,-0.034764,0.959355
0,0.042555,-0.001889,0.978964
1,0.021277,-0.000945,0.978964
2,-0.000000,0.000000,0.978964
3,-0.021277,0.000945,0.978964
4,-0.042555,0.001889,0.978964
0,-0.030322,0.006540,0.988835
1,-0.015161,0.003270,0.988835
2,0.000000,0.000000,0.988835
3,0.015161,-0.003270,0.988835
4,0.030322,-0.006540,0.988835
0,-0.021873,-0.051132,0.964237
1,-0.010936,-0.025566,0.964237
2,-0.000000,-0.000000,0.964237
3,0.010936,0.025566,0.964237
4,0.021873,0.051132,0.964237
0,-0.021328,0.081771,0.918445
1,-0.010664,0.040886,0.918445
2,0.000000,0.000000,0.918445
3,0.010664,-0.040886,0.918445
4,0.021328,-0.081771,0.918445
0,0.000893,-0.094049,0.899590
1,0.000447,-0.047024,0.899590
2,0.000000,0.000000,0.899590
3,-0.000447,0.047024,0.899590
4,-0.000893,0.094049,0.899590
0,-0.020870,-0.076508,0.927970
1,-0.010435,-0.038254,0.927970
2,-0.000000,-0.000000,0.927970
3,0.010435,0.038254,0.927970
4,0.020870,0.076508,0.927970
0,0.056083,0.017903,0.959964
1,0.028041,0.008952,0.959964
2,0.000000,0.000000,0.959964
3,-0.028041,-0.008952,0.959964
4,-0.056083,-0.017903,0.959964
0,-0.026389,-0.032632,0.979580
1,-0.013194,-0.016316,0.979580
2,-0.000000,-0.000000,0.979580
3,0.013194,0.016316,0.979580
4,0.026389,0.032632,0.979580
0,0.018034,0.024159,0.989453
1,0.009017,0.012080,0.989453
2,0.000000,0.000000,0.989453
3,-0.009017,-0.012080,0.989453
4,-0.018034,-0.024159,0.989453
0,-0.005223,-0.087750,0.911935
1,-0.002612,-0.043875,0.911935
2,0.000000,-0.000000,0.911935
3,0.002612,0.043875,0.911935
4,0.005223,0.087750,0.911935
0,0.022643,-0.028677,0.984512
1,0.011321,-0.014338,0.984512
2,-0.000000,-0.000000,0.984512
3,-0.011321,0.014338,0.984512
4,-0.022643,0.028677,0.984512
0,0.001970,0.016303,0.996873
1,0.000985,0.008152,0.996873
2,-0.000000,-0.000000,0.996873
3,-0.000985,-0.008152,0.996873
4,-0.001970,-0.016303,0.996873
0,-0.084437,0.040781,0.900175
1,-0.042218,0.020391,0.900175
2,0.000000,-0.000000,0.900175
3,0.042218,-0.020391,0.900175
4,0.084437,-0.040781,0.900175
0,-0.042744,0.078188,0.909574
1,-0.021372,0.039094,0.909574
2,0.000000,-0.000000,0.909574
3,0.021372,-0.039094,0.909574
4,0.042744,-0.078188,0.909574
0,-0.014263,0.062463,0.952663
1,-0.007131,0.031231,0.952663
2,0.000000,-0.000000,0.952663
3,0.007131,-0.031231,0.952663
4,0.014263,-0.062463,0.952663
0,-0.046628,0.015041,0.972201
1,-0.023314,0.007521,0.972201
2,-0.000000,0.000000,0.972201
3,0.023314,-0.007521,0.972201
4,0.046628,-0.015041,0.972201
0,-0.001612,-0.076204,0.933356
1,-0.000806,-0.038102,0.933356
2,-0.000000,-0.000000,0.933356
3,0.000806,0.038102,0.933356
4,0.001612,0.076204,0.933356
0,0.059104,0.056291,0.923797
1,0.029552,0.028145,0.923797
2,0.000000,0.000000,0.923797
3,-0.029552,-0.028145,0.923797
4,-0.059104,-0.056291,0.923797
0,0.082733,0.011697,0.920226
1,0.041366,0.005849,0.920226
2,0.000000,0.000000,0.920226
3,-0.041366,-0.005849,0.920226
4,-0.082733,-0.011697,0.920226
0,0.035654,-0.086110,0.901347
1,0.017827,-0.043055,0.901347
2,0.000000,0.000000,0.901347
3,-0.017827,0.043055,0.901347
4,-0.035654,0.086110,0.901347
0,-0.072268,-0.007373,0.939364
1,-0.036134,-0.003686,0.939364
2,-0.000000,0.000000,0.939364
3,0.036134,0.003686,0.939364
4,0.072268,0.007373,0.939364
0,0.052634,-0.057956,0.929763
1,0.026317,-0.028978,0.929763
2,0.000000,-0.000000,0.929763
3,-0.026317,0.028978,0.929763
4,-0.052634,0.057956,0.929763
0,0.043736,-0.019520,0.973429
1,0.021868,-0.009760,0.973429
2,0.000000,0.000000,0.973429
3,-0.021868,0.009760,0.973429
4,-0.043736,0.019520,0.973429
0,-0.036884,-0.009009,0.983278
1,-0.018442,-0.004505,0.983278
2,-0.000000,-0.000000,0.983278
3,0.018442,0.004505,0.983278
4,0.036884,0.009009,0.983278
0,0.055948,0.004007,0.963627
1,0.027974,0.002004,0.963627
2,0.000000,-0.000000,0.963627
3,-0.027974,-0.002004,0.963627
4,-0.055948,-0.004007,0.963627
0,-0.084776,-0.002775,0.917852
1,-0.042388,-0.001387,0.917852
2,-0.000000,0.000000,0.917852
3,0.042388,0.001387,0.917852
4,0.084776,0.002775,0.917852
0,0.072632,0.060199,0.899006
1,0.036316,0.030099,0.899006
2,0.000000,0.000000,0.899006
3,-0.036316,-0.030099,0.899006
4,-0.072632,-0.060199,0.899006
0,-0.002228,0.034979,0.985747
1,-0.001114,0.017490,0.985747
2,0.000000,0.000000,0.985747
3,0.001114,-0.017490,0.985747
4,0.002228,-0.034979,0.985747
0,0.053958,-0.071663,0.908397
1,0.026979,-0.035831,0.908397
2,0.000000,0.000000,0.908397
3,-0.026979,0.035831,0.908397
4,-0.053958,0.071663,0.908397
0,0.073559,0.030519,0.927374
1,0.036780,0.015260,0.927374
2,-0.000000,0.000000,0.927374
3,-0.036780,-0.015260,0.927374
4,-0.073559,-0.030519,0.927374
0,-0.015894,-0.023446,0.990690
1,-0.007947,-0.011723,0.990690
2,0.000000,-0.000000,0.990690
3,0.007947,0.011723,0.990690
4,0.015894,0.023446,0.990690
0,0.012463,0.086403,0.913115
1,0.006231,0.043202,0.913115
2,0.000000,-0.000000,0.913115
3,-0.006231,-0.043202,0.913115
4,-0.012463,-0.086403,0.913115
0,0.027556,-0.058756,0.951450
1,0.013778,-0.029378,0.951450
2,0.000000,-0.000000,0.951450
3,-0.013778,0.029378,0.951450
4,-0.027556,0.058756,0.951450
0,-0.068474,0.035035,0.932157
1,-0.034237,0.017517,0.932157
2,-0.000000,-0.000000,0.932157
3,0.034237,-0.017517,0.932157
4,0.068474,-0.035035,0.932157
0,-0.066199,-0.063960,0.903694
1,-0.033099,-0.031980,0.903694
2,0.000000,0.000000,0.903694
3,0.033099,0.031980,0.903694
4,0.066199,0.063960,0.903694
0,-0.057858,0.003430,0.961185
1,-0.028929,0.001715,0.961185
2,-0.000000,0.000000,0.961185
3,0.028929,-0.001715,0.961185
4,0.057858,-0.003430,0.961185
0,0.004517,0.003091,0.999653
1,0.002259,0.001546,0.999653
2,0.000000,0.000000,0.999653
3,-0.002259,-0.001546,0.999653
4,-0.004517,-0.003091,0.999653
0,-0.087341,0.030407,0.902813
1,-0.043670,0.015204,0.902813
2,-0.000000,0.000000,0.902813
3,0.043670,-0.015204,0.902813
4,0.087341,-0.030407,0.902813
0,0.083179,0.027964,0.912230
1,0.041589,0.013982,0.912230
2,0.000000,0.000000,0.912230
3,-0.041589,-0.013982,0.912230
4,-0.083179,-0.027964,0.912230
0,0.000272,0.050861,0.970054
1,0.000136,0.025430,0.970054
2,0.000000,-0.000000,0.970054
3,-0.000136,-0.025430,0.970054
4,-0.000272,-0.050861,0.970054
0,-0.074299,-0.021811,0.931260
1,-0.037150,-0.010906,0.931260
2,0.000000,-0.000000,0.931260
3,0.037150,0.010906,0.931260
4,0.074299,0.021811,0.931260
0,0.007618,0.035361,0.984821
1,0.003809,0.017680,0.984821
2,0.000000,0.000000,0.984821
3,-0.003809,-0.017680,0.984821
4,-0.007618,-0.035361,0.984821
0,0.054128,-0.009122,0.965155
1,0.027064,-0.004561,0.965155
2,0.000000,0.000000,0.965155
3,-0.027064,0.004561,0.965155
4,-0.054128,0.009122,0.965155
0,-0.049007,-0.054362,0.938460
1,-0.024504,-0.027181,0.938460
2,0.000000,0.000000,0.938460
3,0.024504,0.027181,0.938460
4,0.049007,0.054362,0.938460
0,0.042973,0.051555,0.948117
1,0.021486,0.025777,0.948117
2,0.000000,0.000000,0.948117
3,-0.021486,-0.025777,0.948117
4,-0.042973,-0.051555,0.948117
0,0.025623,-0.082650,0.914595
1,0.012812,-0.041325,0.914595
2,-0.000000,-0.000000,0.914595
3,-0.012812,0.041325,0.914595
4,-0.025623,0.082650,0.914595
0,-0.015323,-0.046249,0.972508
1,-0.007662,-0.023125,0.972508
2,0.000000,0.000000,0.972508
3,0.007662,0.023125,0.972508
4,0.015323,0.046249,0.972508
0,0.065893,0.065709,0.901641
1,0.032946,0.032855,0.901641
2,-0.000000,0.000000,0.901641
3,-0.032946,-0.032855,0.901641
4,-0.065893,-0.065709,0.901641
0,-0.018100,0.015331,0.993472
1,-0.009050,0.007666,0.993472
2,0.000000,-0.000000,0.993472
3,0.009050,-0.007666,0.993472
4,0.018100,-0.015331,0.993472
0,0.037313,-0.025727,0.976195
1,0.018657,-0.012864,0.976195
2,0.000000,-0.000000,0.976195
3,-0.018657,0.012864,0.976195
4,-0.037313,0.025727,0.976195
0,-0.073464,-0.058955,0.899299
1,-0.036732,-0.029477,0.899299
2,0.000000,0.000000,0.899299
3,0.036732,0.029477,0.899299
4,0.073464,0.058955,0.899299
0,0.020869,0.087091,0.908689
1,0.010434,0.043545,0.908689
2,-0.000000,-0.000000,0.908689
3,-0.010434,-0.043545,0.908689
4,-0.020869,-0.087091,0.908689
0,0.019194,-0.020182,0.990999
1,0.009597,-0.010091,0.990999
2,0.000000,0.000000,0.990999
3,-0.009597,0.010091,0.990999
4,-0.019194,0.020182,0.990999
0,0.027674,0.058473,0.951753
1,0.013837,0.029237,0.951753
2,-0.000000,-0.000000,0.951753
3,-0.013837,-0.029237,0.951753
4,-0.027674,-0.058473,0.951753
0,-0.027801,0.041321,0.971280
1,-0.013900,0.020661,0.971280
2,-0.000000,0.000000,0.971280
3,0.013900,-0.020661,0.971280
4,0.027801,-0.041321,0.971280
0,-0.068541,-0.018421,0.942075
1,-0.034271,-0.009211,0.942075
2,0.000000,-0.000000,0.942075
3,0.034271,0.009211,0.942075
4,0.068541,0.018421,0.942075
0,-0.058089,0.042693,0.940266
1,-0.029044,0.021347,0.940266
2,0.000000,-0.000000,0.940266
3,0.029045,-0.021347,0.940266
4,0.058089,-0.042693,0.940266
0,-0.007208,0.065519,0.949934
1,-0.003604,0.032760,0.949934
2,0.000000,0.000000,0.949934
3,0.003604,-0.032760,0.949934
4,0.007208,-0.065519,0.949934
0,0.020427,0.009598,0.994091
1,0.010214,0.004799,0.994091
2,0.000000,-0.000000,0.994091
3,-0.010214,-0.004799,0.994091
4,-0.020427,-0.009598,0.994091
0,-0.032708,-0.053374,0.954790
1,-0.016354,-0.026687,0.954790
2,-0.000000,0.000000,0.954790
3,0.016354,0.026687,0.954790
4,0.032708,0.053374,0.954790
0,0.021916,-0.041638,0.974351
1,0.010958,-0.020819,0.974351
2,-0.000000,-0.000000,0.974351
3,-0.010958,0.020819,0.974351
4,-0.021916,0.041638,0.974351
0,0.049324,0.056483,0.935456
1,0.024662,0.028241,0.935456
2,-0.000000,0.000000,0.935456
3,-0.024662,-0.028241,0.935456
4,-0.049324,-0.056483,0.935456
0,-0.079927,0.009334,0.925881
1,-0.039964,0.004667,0.925881
2,-0.000000,-0.000000,0.925881
3,0.039964,-0.004667,0.925881
4,0.079927,-0.009334,0.925881
0,0.052114,0.031459,0.957223
1,0.026057,0.015729,0.957223
2,0.000000,-0.000000,0.957223
3,-0.026057,-0.015729,0.957223
4,-0.052114,-0.031459,0.957223
0,-0.002875,-0.089212,0.909279
1,-0.001437,-0.044606,0.909279
2,-0.000000,-0.000000,0.909279
3,0.001437,0.044606,0.909279
4,0.002875,0.089212,0.909279
0,-0.015221,-0.062450,0.952359
1,-0.007610,-0.031225,0.952359
2,0.000000,0.000000,0.952359
3,0.007610,0.031225,0.952359
4,0.015221,0.062450,0.952359
0,-0.039660,0.041309,0.962100
1,-0.019830,0.020655,0.962100
2,-0.000000,0.000000,0.962100
3,0.019830,-0.020655,0.962100
4,0.039660,-0.041309,0.962100
0,0.055593,-0.062591,0.919929
1,0.027796,-0.031296,0.919929
2,0.000000,-0.000000,0.919929
3,-0.027796,0.031296,0.919929
4,-0.055593,0.062591,0.919929
0,-0.069045,-0.051645,0.915185
1,-0.034522,-0.025822,0.915185
2,0.000000,0.000000,0.915185
3,0.034522,0.025822,0.915185
4,0.069045,0.051645,0.915185
0,-0.065203,-0.025021,0.943885
1,-0.032601,-0.012510,0.943885
2,0.000000,-0.000000,0.943885
3,0.032601,0.012510,0.943885
4,0.065203,0.025021,0.943885
0,-0.012870,0.015402,0.995328
1,-0.006435,0.007701,0.995328
2,0.000000,0.000000,0.995328
3,0.006435,-0.007701,0.995328
4,0.012870,-0.015402,0.995328
0,0.078097,0.033498,0.917554
1,0.039049,0.016749,0.917554
2,0.000000,0.000000,0.917554
3,-0.039049,-0.016749,0.917554
4,-0.078097,-0.033498,0.917554
0,0.059112,-0.017829,0.956006
1,0.029556,-0.008914,0.956006
2,0.000000,0.000000,0.956006
3,-0.029556,0.008914,0.956006
4,-0.059112,0.017829,0.956006
0,0.041132,-0.085053,0.898714
1,0.020566,-0.042527,0.898714
2,-0.000000,0.000000,0.898714
3,-0.020566,0.042527,0.898714
4,-0.041132,0.085053,0.898714
0,-0.005998,-0.034917,0.985438
1,-0.002999,-0.017458,0.985438
2,-0.000000,-0.000000,0.985438
3,0.002999,0.017458,0.985438
4,0.005998,0.034917,0.985438
0,-0.021480,0.074037,0.931857
1,-0.010740,0.037018,0.931857
2,-0.000000,0.000000,0.931857
3,0.010740,-0.037018,0.931857
4,0.021480,-0.074037,0.931857
0,0.054834,0.074115,0.903399
1,0.027417,0.037057,0.903399
2,0.000000,0.000000,0.903399
3,-0.027417,-0.037057,0.903399
4,-0.054834,-0.074115,0.903399
0,-0.035306,0.021789,0.980042
1,-0.017653,0.010895,0.980042
2,0.000000,-0.000000,0.980042
3,0.017653,-0.010895,0.980042
4,0.035306,-0.021789,0.980042
0,-0.022926,-0.045255,0.970207
1,-0.011463,-0.022627,0.970207
2,-0.000000,-0.000000,0.970207
3,0.011463,0.022627,0.970207
4,0.022926,0.045255,0.970207
0,-0.016130,0.083672,0.917111
1,-0.008065,0.041836,0.917111
2,-0.000000,-0.000000,0.917111
3,0.008065,-0.041836,0.917111
4,0.016130,-0.083672,0.917111
0,0.012558,-0.042150,0.977579
1,0.006279,-0.021075,0.977579
2,-0.000000,0.000000,0.977579
3,-0.006279,0.021075,0.977579
4,-0.012558,0.042150,0.977579
0,-0.026736,0.019163,0.987445
1,-0.013368,0.009582,0.987445
2,0.000000,-0.000000,0.987445
3,0.013368,-0.009582,0.987445
4,0.026736,-0.019163,0.987445
0,0.066963,-0.002688,0.948268
1,0.033481,-0.001344,0.948268
2,0.000000,0.000000,0.948268
3,-0.033481,0.001344,0.948268
4,-0.066963,0.002688,0.948268
0,-0.024890,-0.041725,0.972661
1,-0.012445,-0.020863,0.972661
2,0.000000,-0.000000,0.972661
3,0.012445,0.020863,0.972661
4,0.024890,0.041725,0.972661
0,-0.017511,-0.089554,0.905307
1,-0.008756,-0.044777,0.905307
2,0.000000,0.000000,0.905307
3,0.008756,0.044777,0.905307
4,0.017511,0.089554,0.905307
0,0.035547,0.023753,0.978810
1,0.017774,0.011876,0.978810
2,0.000000,-0.000000,0.978810
3,-0.017774,-0.011876,0.978810
4,-0.035547,-0.023753,0.978810
0,0.092433,-0.010121,0.901787
1,0.046216,-0.005061,0.901787
2,-0.000000,-0.000000,0.901787
3,-0.046216,0.005061,0.901787
4,-0.092433,0.010121,0.901787
0,-0.084915,0.024154,0.911197
1,-0.042457,0.012077,0.911197
2,-0.000000,0.000000,0.911197
3,0.042457,-0.012077,0.911197
4,0.084915,-0.024154,0.911197
0,0.035623,0.055819,0.949479
1,0.017811,0.027909,0.949479
2,-0.000000,-0.000000,0.949479
3,-0.017811,-0.027909,0.949479
4,-0.035623,-0.055819,0.949479
0,-0.001231,0.023406,0.993627
1,-0.000615,0.011703,0.993627
2,0.000000,0.000000,0.993627
3,0.000615,-0.011703,0.993627
4,0.001231,-0.023406,0.993627
0,-0.059243,-0.021185,0.954333
1,-0.029622,-0.010593,0.954333
2,0.000000,-0.000000,0.954333
3,0.029622,0.010593,0.954333
4,0.059243,0.021185,0.954333
0,0.013586,0.054052,0.964085
1,0.006793,0.027026,0.964085
2,0.000000,-0.000000,0.964085
3,-0.006793,-0.027026,0.964085
4,-0.013586,-0.054052,0.964085
0,-0.075855,-0.037426,0.918298
1,-0.037928,-0.018713,0.918298
2,0.000000,0.000000,0.918298
3,0.037928,0.018713,0.918298
4,0.075855,0.037426,0.918298
0,-0.044583,0.007296,0.976348
1,-0.022291,0.003648,0.976348
2,0.000000,0.000000,0.976348
3,0.022291,-0.003648,0.976348
4,0.044583,-0.007296,0.976348
0,0.041204,0.084626,0.899444
1,0.020602,0.042313,0.899444
2,0.000000,-0.000000,0.899444
3,-0.020602,-0.042313,0.899444
4,-0.041204,-0.084626,0.899444
0,0.009473,-0.073214,0.937408
1,0.004736,-0.036607,0.937408
2,0.000000,-0.000000,0.937408
3,-0.004736,0.036607,0.937408
4,-0.009473,0.073214,0.937408
0,0.048671,0.062718,0.927821
1,0.024336,0.031359,0.927821
2,0.000000,0.000000,0.927821
3,-0.024336,-0.031359,0.927821
4,-0.048671,-0.062718,0.927821
0,-0.073390,0.055200,0.904132
1,-0.036695,0.027600,0.904132
2,0.000000,0.000000,0.904132
3,0.036695,-0.027600,0.904132
4,0.073390,-0.055200,0.904132
0,0.051596,-0.063768,0.923051
1,0.025798,-0.031884,0.923051
2,0.000000,0.000000,0.923051
3,-0.025798,0.031884,0.923051
4,-0.051596,0.063768,0.923051
0,0.040599,-0.011234,0.979426
1,0.020300,-0.005617,0.979426
2,0.000000,0.000000,0.979426
3,-0.020300,0.005617,0.979426
4,-0.040599,0.011234,0.979426
0,-0.085153,0.007965,0.916518
1,-0.042577,0.003982,0.916518
2,0.000000,-0.000000,0.916518
3,0.042577,-0.003982,0.916518
4,0.085153,-0.007965,0.916518
0,0.080155,0.050935,0.897691
1,0.040077,0.025467,0.897691
2,-0.000000,0.000000,0.897691
3,-0.040077,-0.025467,0.897691
4,-0.080155,-0.050935,0.897691
0,0.074247,-0.009862,0.935606
1,0.037124,-0.004931,0.935606
2,0.000000,0.000000,0.935606
3,-0.037124,0.004931,0.935606
4,-0.074247,0.009862,0.935606
0,0.034876,-0.049758,0.957374
1,0.017438,-0.024879,0.957374
2,0.000000,-0.000000,0.957374
3,-0.017438,0.024879,0.957374
4,-0.034876,0.049758,0.957374
0,0.031915,0.031129,0.976964
1,0.015958,0.015565,0.976964
2,0.000000,0.000000,0.976964
3,-0.015958,-0.015565,0.976964
4,-0.031915,-0.031129,0.976964
0,-0.066210,-0.059749,0.909426
1,-0.033105,-0.029875,0.909426
2,0.000000,0.000000,0.909426
3,0.033105,0.029875,0.909426
4,0.066210,0.059749,0.909426
0,0.084444,-0.019919,0.914151
1,0.042222,-0.009959,0.914151
2,0.000000,-0.000000,0.914151
3,-0.042222,0.009959,0.914151
4,-0.084444,0.019919,0.914151
0,-0.058394,-0.026618,0.952512
1,-0.029197,-0.013309,0.952512
2,-0.000000,0.000000,0.952512
3,0.029197,0.013309,0.952512
4,0.058394,0.026618,0.952512
0,0.032343,-0.036982,0.972047
1,0.016172,-0.018491,0.972047
2,0.000000,-0.000000,0.972047
3,-0.016172,0.018491,0.972047
4,-0.032343,0.036982,0.972047
0,-0.020672,0.033677,0.981890
1,-0.010336,0.016838,0.981890
2,-0.000000,-0.000000,0.981890
3,0.010336,-0.016838,0.981890
4,0.020672,-0.033677,0.981890
0,-0.079718,-0.017897,0.923647
1,-0.039859,-0.008949,0.923647
2,-0.000000,0.000000,0.923647
3,0.039859,0.008949,0.923647
4,0.079718,0.017897,0.923647
0,0.008768,0.030853,0.988063
1,0.004384,0.015426,0.988063
2,0.000000,-0.000000,0.988063
3,-0.004384,-0.015426,0.988063
4,-0.008768,-0.030853,0.988063
0,0.052266,-0.001296,0.968368
1,0.026133,-0.000648,0.968368
2,0.000000,-0.000000,0.968368
3,-0.026133,0.000648,0.968368
4,-0.052266,0.001296,0.968368
0,-0.005314,0.078194,0.929614
1,-0.002657,0.039097,0.929614
2,0.000000,-0.000000,0.929614
3,0.002657,-0.039097,0.929614
4,0.005314,-0.078194,0.929614
0,-0.042158,-0.062762,0.934406
1,-0.021079,-0.031381,0.934406
2,0.000000,-0.000000,0.934406
3,0.021079,0.031381,0.934406
4,0.042158,0.062762,0.934406
0,-0.073673,0.059033,0.898861
1,-0.036837,0.029516,0.898861
2,0.000000,0.000000,0.898861
3,0.036837,-0.029516,0.898861
4,0.073673,-0.059033,0.898861
0,0.031612,0.044126,0.965920
1,0.015806,0.022063,0.965920
2,-0.000000,-0.000000,0.965920
3,-0.015806,-0.022063,0.965920
4,-0.031612,-0.044126,0.965920
0,-0.046287,0.064909,0.927224
1,-0.023144,0.032454,0.927224
2,0.000000,-0.000000,0.927224
3,0.023144,-0.032454,0.927224
4,0.046287,-0.064909,0.927224
0,0.000071,0.064999,0.951297
1,0.000035,0.032500,0.951297
2,0.000000,0.000000,0.951297
3,-0.000035,-0.032500,0.951297
4,-0.000071,-0.064999,0.951297
0,-0.048109,-0.014346,0.970820
1,-0.024055,-0.007173,0.970820
2,0.000000,0.000000,0.970820
3,0.024055,0.007173,0.970820
4,0.048109,0.014346,0.970820
0,-0.044214,0.075889,0.912083
1,-0.022107,0.037945,0.912083
2,-0.000000,0.000000,0.912083
3,0.022107,-0.037945,0.912083
4,0.044214,-0.075889,0.912083
0,0.036398,-0.068444,0.931109
1,0.018199,-0.034222,0.931109
2,0.000000,-0.000000,0.931109
3,-0.018199,0.034222,0.931109
4,-0.036398,0.068444,0.931109
0,-0.056797,0.025548,0.955246
1,-0.028399,0.012774,0.955246
2,-0.000000,-0.000000,0.955246
3,0.028399,-0.012774,0.955246
4,0.056797,-0.025548,0.955246
0,-0.023553,0.070912,0.935906
1,-0.011777,0.035456,0.935906
2,-0.000000,-0.000000,0.935906
3,0.011777,-0.035456,0.935906
4,0.023553,-0.070912,0.935906
0,-0.022851,-0.064875,0.945545
1,-0.011426,-0.032438,0.945545
2,0.000000,0.000000,0.945545
3,0.011426,0.032438,0.945545
4,0.022851,0.064875,0.945545
0,0.010261,-0.012291,0.997028
1,0.005130,-0.006146,0.997028
2,-0.000000,-0.000000,0.997028
3,-0.005130,0.006146,0.997028
4,-0.010261,0.012291,0.997028
0,0.005370,0.032861,0.987136
1,0.002685,0.016430,0.987136
2,-0.000000,-0.000000,0.987136
3,-0.002685,-0.016430,0.987136
4,-0.005370,-0.032861,0.987136
0,0.036288,-0.081303,0.909721
1,0.018144,-0.040652,0.909721
2,-0.000000,-0.000000,0.909721
3,-0.018144,0.040652,0.909721
4,-0.036288,0.081303,0.909721
0,-0.010577,-0.051975,0.967450
1,-0.005289,-0.025987,0.967450
2,0.000000,-0.000000,0.967450
3,0.005289,0.025987,0.967450
4,0.010577,0.051975,0.967450
0,0.038910,-0.004563,0.982199
1,0.019455,-0.002281,0.982199
2,0.000000,0.000000,0.982199
3,-0.019455,0.002281,0.982199
4,-0.038910,0.004563,0.982199
0,0.079144,-0.026542,0.920376
1,0.039572,-0.013271,0.920376
2,0.000000,0.000000,0.920376
3,-0.039572,0.013271,0.920376
4,-0.079144,0.026542,0.920376
0,0.054577,0.047801,0.939514
1,0.027289,0.023901,0.939514
2,-0.000000,-0.000000,0.939514
3,-0.027289,-0.023901,0.939514
4,-0.054577,-0.047801,0.939514
0,-0.026811,0.016832,0.988372
1,-0.013405,0.008416,0.988372
2,-0.000000,-0.000000,0.988372
3,0.013405,-0.008416,0.988372
4,0.026811,-0.016832,0.988372
0,-0.019762,0.048127,0.968674
1,-0.009881,0.024063,0.968674
2,-0.000000,-0.000000,0.968674
3,0.009881,-0.024063,0.968674
4,0.019762,-0.048127,0.968674
0,0.001947,0.080860,0.925136
1,0.000974,0.040430,0.925136
2,-0.000000,-0.000000,0.925136
3,-0.000974,-0.040430,0.925136
4,-0.001947,-0.080860,0.925136
0,0.072622,-0.060099,0.899154
1,0.036311,-0.030050,0.899154
2,-0.000000,-0.000000,0.899154
3,-0.036311,0.030050,0.899154
4,-0.072622,0.060099,0.899154
0,0.008925,-0.033698,0.985901
1,0.004463,-0.016849,0.985901
2,0.000000,0.000000,0.985901
3,-0.004463,0.016849,0.985901
4,-0.008925,0.033698,0.985901
0,-0.042933,0.032810,0.966225
1,-0.021467,0.016405,0.966225
2,0.000000,-0.000000,0.966225
3,0.021467,-0.016405,0.966225
4,0.042933,-0.032810,0.966225
0,0.010646,0.091359,0.903839
1,0.005323,0.045679,0.903839
2,-0.000000,-0.000000,0.903839
3,-0.005323,-0.045679,0.903839
4,-0.010646,-0.091359,0.903839
0,-0.078793,0.044554,0.906778
1,-0.039397,0.022277,0.906778
2,0.000000,0.000000,0.906778
3,0.039397,-0.022277,0.906778
4,0.078793,-0.044554,0.906778
0,-0.040444,-0.074111,0.918593
1,-0.020222,-0.037055,0.918593
2,-0.000000,-0.000000,0.918593
3,0.020222,0.037055,0.918593
4,0.040444,0.074111,0.918593
0,-0.042903,0.043338,0.957071
1,-0.021452,0.021669,0.957071
2,0.000000,-0.000000,0.957071
3,0.021452,-0.021669,0.957071
4,0.042903,-0.043338,0.957071
0,0.043907,-0.009297,0.976656
1,0.021953,-0.004649,0.976656
2,0.000000,0.000000,0.976656
3,-0.021953,0.004649,0.976656
4,-0.043907,0.009297,0.976656
0,-0.050041,-0.073279,0.910311
1,-0.025020,-0.036639,0.910311
2,0.000000,0.000000,0.910311
3,0.025020,0.036639,0.910311
4,0.050041,0.073279,0.910311
0,0.010932,-0.047057,0.972968
1,0.005466,-0.023528,0.972968
2,-0.000000,0.000000,0.972968
3,-0.005466,0.023528,0.972968
4,-0.010932,0.047057,0.972968
0,0.026235,0.071097,0.934106
1,0.013118,0.035548,0.934106
2,-0.000000,-0.000000,0.934106
3,-0.013118,-0.035548,0.934106
4,-0.026235,-0.071097,0.934106
0,0.075360,0.051195,0.905601
1,0.037680,0.025597,0.905601
2,0.000000,-0.000000,0.905601
3,-0.037680,-0.025597,0.905601
4,-0.075360,-0.051195,0.905601
0,-0.014896,0.054445,0.963168
1,-0.007448,0.027223,0.963168
2,0.000000,-0.000000,0.963168
3,0.007448,-0.027223,0.963168
4,0.014896,-0.054445,0.963168
0,-0.076605,0.026963,0.924541
1,-0.038303,0.013481,0.924541
2,0.000000,-0.000000,0.924541
3,0.038303,-0.013481,0.924541
4,0.076605,-0.026963,0.924541
0,-0.058475,0.035473,0.946150
1,-0.029238,0.017736,0.946150
2,-0.000000,-0.000000,0.946150
3,0.029238,-0.017736,0.946150
4,0.058475,-0.035473,0.946150
0,-0.028940,-0.002183,0.990226
1,-0.014470,-0.001091,0.990226
2,-0.000000,0.000000,0.990226
3,0.014470,0.001091,0.990226
4,0.028940,0.002183,0.990226
0,0.018725,0.085499,0.912672
1,0.009363,0.042750,0.912672
2,-0.000000,0.000000,0.912672
3,-0.009363,-0.042750,0.912672
4,-0.018725,-0.085499,0.912672
0,-0.029020,-0.058390,0.950995
1,-0.014510,-0.029195,0.950995
2,0.000000,0.000000,0.950995
3,0.014510,0.029195,0.950995
4,0.029020,0.058390,0.950995
0,0.043600,0.025416,0.970514
1,0.021800,0.012708,0.970514
2,0.000000,0.000000,0.970514
3,-0.021800,-0.012708,0.970514
4,-0.043600,-0.025416,0.970514
0,0.039912,-0.072356,0.921935
1,0.019956,-0.036178,0.921935
2,-0.000000,-0.000000,0.921935
3,-0.019956,0.036178,0.921935
4,-0.039912,0.072356,0.921935
0,-0.057150,-0.012372,0.960499
1,-0.028575,-0.006186,0.960499
2,0.000000,-0.000000,0.960499
3,0.028575,0.006186,0.960499
4,0.057150,0.012372,0.960499
0,0.020873,-0.000678,0.994941
1,0.010436,-0.000339,0.994941
2,0.000000,-0.000000,0.994941
3,-0.010436,0.000339,0.994941
4,-0.020873,0.000678,0.994941
0,0.032182,0.015898,0.985052
1,0.016091,0.007949,0.985052
2,-0.000000,-0.000000,0.985052
3,-0.016091,-0.007949,0.985052
4,-0.032182,-0.015898,0.985052
0,0.021915,-0.050128,0.965384
1,0.010957,-0.025064,0.965384
2,0.000000,0.000000,0.965384
3,-0.010957,0.025064,0.965384
4,-0.021915,0.050128,0.965384
0,0.056850,0.056306,0.926702
1,0.028425,0.028153,0.926702
2,-0.000000,0.000000,0.926702
3,-0.028425,-0.028153,0.926702
4,-0.056850,-0.056306,0.926702
0,0.082841,0.013372,0.919558
1,0.041421,0.006686,0.919558
2,0.000000,-0.000000,0.919558
3,-0.041421,-0.006686,0.919558
4,-0.082841,-0.013372,0.919558
0,-0.019134,0.039517,0.977656
1,-0.009567,0.019758,0.977656
2,0.000000,-0.000000,0.977656
3,0.009567,-0.019758,0.977656
4,0.019134,-0.039517,0.977656
0,-0.072787,0.006246,0.938686
1,-0.036393,0.003123,0.938686
2,-0.000000,0.000000,0.938686
3,0.036393,-0.003123,0.938686
4,0.072787,-0.006246,0.938686
0,0.056244,0.036348,0.948343
1,0.028122,0.018174,0.948343
2,0.000000,-0.000000,0.948343
3,-0.028122,-0.018174,0.948343
4,-0.056244,-0.036348,0.948343
0,0.014035,0.021266,0.992467
1,0.007017,0.010633,0.992467
2,0.000000,-0.000000,0.992467
3,-0.007017,-0.010633,0.992467
4,-0.014035,-0.021266,0.992467
0,-0.038947,0.050414,0.953195
1,-0.019474,0.025207,0.953195
2,0.000000,-0.000000,0.953195
3,0.019474,-0.025207,0.953195
4,0.038947,-0.050414,0.953195
0,0.056388,0.005150,0.962939
1,0.028194,0.002575,0.962939
2,0.000000,0.000000,0.962939
3,-0.028194,-0.002575,0.962939
4,-0.056388,-0.005150,0.962939
0,-0.063607,-0.050690,0.924316
1,-0.031804,-0.025345,0.924316
2,0.000000,0.000000,0.924316
3,0.031804,0.025345,0.924316
4,0.063607,0.050690,0.924316
0,-0.083163,-0.004353,0.920745
1,-0.041581,-0.002177,0.920745
2,0.000000,0.000000,0.920745
3,0.041581,0.002177,0.920745
4,0.083163,0.004353,0.920745
0,0.081356,0.044953,0.901859
1,0.040678,0.022476,0.901859
2,-0.000000,0.000000,0.901859
3,-0.040678,-0.022476,0.901859
4,-0.081356,-0.044953,0.901859
0,-0.074598,-0.051464,0.906557
1,-0.037299,-0.025732,0.906557
2,-0.000000,0.000000,0.906557
3,0.037299,0.025732,0.906557
4,0.074598,0.051464,0.906557
0,0.014533,0.010881,0.996178
1,0.007266,0.005441,0.996178
2,-0.000000,0.000000,0.996178
3,-0.007266,-0.005441,0.996178
4,-0.014533,-0.010881,0.996178
0,0.028638,-0.034844,0.976425
1,0.014319,-0.017422,0.976425
2,0.000000,-0.000000,0.976425
3,-0.014319,0.017422,0.976425
4,-0.028638,0.034844,0.976425
0,-0.052823,0.047191,0.942300
1,-0.026411,0.023596,0.942300
2,0.000000,0.000000,0.942300
3,0.026411,-0.023596,0.942300
4,0.052823,-0.047191,0.942300
0,-0.017979,0.079992,0.923125
1,-0.008989,0.039996,0.923125
2,0.000000,-0.000000,0.923125
3,0.008989,-0.039996,0.923125
4,0.017979,-0.079992,0.923125
0,0.039584,0.014176,0.979503
1,0.019792,0.007088,0.979503
2,-0.000000,0.000000,0.979503
3,-0.019792,-0.007088,0.979503
4,-0.039584,-0.014176,0.979503
0,0.086909,-0.032141,0.902446
1,0.043455,-0.016071,0.902446
2,-0.000000,-0.000000,0.902446
3,-0.043455,0.016071,0.902446
4,-0.086909,0.032141,0.902446
0,0.016985,-0.025041,0.989376
1,0.008493,-0.012521,0.989376
2,0.000000,-0.000000,0.989376
3,-0.008493,0.012521,0.989376
4,-0.016985,0.025041,0.989376
0,-0.044363,0.025536,0.969671
1,-0.022182,0.012768,0.969671
2,-0.000000,-0.000000,0.969671
3,0.022182,-0.012768,0.969671
4,0.044363,-0.025536,0.969671
0,-0.062138,-0.006126,0.955018
1,-0.031069,-0.003063,0.955018
2,-0.000000,-0.000000,0.955018
3,0.031069,0.003063,0.955018
4,0.062138,0.006126,0.955018
0,0.066333,0.034686,0.935681
1,0.033167,0.017343,0.935681
2,0.000000,-0.000000,0.935681
3,-0.033167,-0.017343,0.935681
4,-0.066333,-0.034686,0.935681
0,-0.013690,0.089290,0.907145
1,-0.006845,0.044645,0.907145
2,-0.000000,0.000000,0.907145
3,0.006845,-0.044645,0.907145
4,0.013690,-0.089290,0.907145
0,-0.055163,-0.063653,0.918964
1,-0.027582,-0.031827,0.918964
2,-0.000000,-0.000000,0.918964
3,0.027582,0.031827,0.918964
4,0.055163,0.063653,0.918964
0,-0.043272,-0.010414,0.977040
1,-0.021636,-0.005207,0.977040
2,0.000000,-0.000000,0.977040
3,0.021636,0.005207,0.977040
4,0.043272,0.010414,0.977040
0,0.072031,-0.052522,0.909501
1,0.036016,-0.026261,0.909501
2,0.000000,-0.000000,0.909501
3,-0.036016,0.026261,0.909501
4,-0.072031,0.052522,0.909501
0,-0.073960,0.018609,0.933281
1,-0.036980,0.009304,0.933281
2,0.000000,-0.000000,0.933281
3,0.036980,-0.009304,0.933281
4,0.073960,-0.018609,0.933281
0,0.036115,-0.073242,0.923721
1,0.018057,-0.036621,0.923721
2,0.000000,0.000000,0.923721
3,-0.018057,0.036621,0.923721
4,-0.036115,0.073242,0.923721
0,-0.053782,0.026202,0.958669
1,-0.026891,0.013101,0.958669
2,0.000000,0.000000,0.958669
3,0.026891,-0.013101,0.958669
4,0.053782,-0.026202,0.958669
0,-0.034650,0.063898,0.939288
1,-0.017325,0.031949,0.939288
2,-0.000000,-0.000000,0.939288
3,0.017325,-0.031949,0.939288
4,0.034650,-0.063898,0.939288
0,0.042508,0.030328,0.968444
1,0.021254,0.015164,0.968444
2,0.000000,-0.000000,0.968444
3,-0.021254,-0.015164,0.968444
4,-0.042508,-0.030328,0.968444
0,-0.065482,-0.042988,0.929688
1,-0.032741,-0.021494,0.929688
2,-0.000000,-0.000000,0.929688
3,0.032741,0.021494,0.929688
4,0.065482,0.042988,0.929688
0,0.000722,0.038049,0.983201
1,0.000361,0.019025,0.983201
2,-0.000000,-0.000000,0.983201
3,-0.000361,-0.019025,0.983201
4,-0.000722,-0.038049,0.983201
0,0.080570,0.008398,0.924911
1,0.040285,0.004199,0.924911
2,-0.000000,-0.000000,0.924911
3,-0.040285,-0.004199,0.924911
4,-0.080570,-0.008398,0.924911
0,-0.015145,-0.012389,0.995560
1,-0.007573,-0.006195,0.995560
2,-0.000000,-0.000000,0.995560
3,0.007573,0.006195,0.995560
4,0.015145,0.012389,0.995560
0,-0.032635,0.078334,0.917778
1,-0.016317,0.039167,0.917778
2,0.000000,0.000000,0.917778
3,0.016317,-0.039167,0.917778
4,0.032635,-0.078334,0.917778
0,-0.042862,-0.084076,0.898934
1,-0.021431,-0.042038,0.898934
2,0.000000,-0.000000,0.898934
3,0.021431,0.042038,0.898934
4,0.042862,0.084076,0.898934
0,-0.053619,0.051202,0.936883
1,-0.026810,0.025601,0.936883
2,0.000000,0.000000,0.936883
3,0.026810,-0.025601,0.936883
4,0.053619,-0.051202,0.936883
0,0.034574,-0.006312,0.985670
1,0.017287,-0.003156,0.985670
2,-0.000000,0.000000,0.985670
3,-0.017287,0.003156,0.985670
4,-0.034574,0.006312,0.985670
0,0.023766,-0.044145,0.970897
1,0.011883,-0.022073,0.970897
2,-0.000000,0.000000,0.970897
3,-0.011883,0.022073,0.970897
4,-0.023766,0.044145,0.970897
0,0.050076,0.058440,0.932082
1,0.025038,0.029220,0.932082
2,-0.000000,0.000000,0.932082
3,-0.025038,-0.029220,0.932082
4,-0.050076,-0.058440,0.932082
0,0.056112,-0.043840,0.941697
1,0.028056,-0.021920,0.941697
2,0.000000,0.000000,0.941697
3,-0.028056,0.021920,0.941697
4,-0.056112,0.043840,0.941697
0,0.007029,-0.087510,0.912155
1,0.003515,-0.043755,0.912155
2,0.000000,-0.000000,0.912155
3,-0.003515,0.043755,0.912155
4,-0.007029,0.087510,0.912155
0,-0.044182,0.048436,0.950464
1,-0.022091,0.024218,0.950464
2,-0.000000,0.000000,0.950464
3,0.022091,-0.024218,0.950464
4,0.044182,-0.048436,0.950464
0,0.012104,0.076526,0.931185
1,0.006052,0.038263,0.931185
2,-0.000000,0.000000,0.931185
3,-0.006052,-0.038263,0.931185
4,-0.012104,-0.076526,0.931185
0,-0.021319,-0.002874,0.994632
1,-0.010660,-0.001437,0.994632
2,0.000000,-0.000000,0.994632
3,0.010660,0.001437,0.994632
4,0.021319,0.002874,0.994632
0,-0.012097,-0.061038,0.955321
1,-0.006049,-0.030519,0.955321
2,0.000000,-0.000000,0.955321
3,0.006049,0.030519,0.955321
4,0.012097,0.061038,0.955321
0,0.007845,-0.035405,0.984744
1,0.003922,-0.017703,0.984744
2,0.000000,-0.000000,0.984744
3,-0.003922,0.017703,0.984744
4,-0.007845,0.035405,0.984744
0,-0.089947,0.006563,0.907440
1,-0.044973,0.003281,0.907440
2,-0.000000,0.000000,0.907440
3,0.044973,-0.003281,0.907440
4,0.089947,-0.006563,0.907440
0,0.079681,-0.008931,0.926403
1,0.039841,-0.004466,0.926403
2,-0.000000,0.000000,0.926403
3,-0.039841,0.004466,0.926403
4,-0.079681,0.008931,0.926403
0,-0.004447,0.088886,0.909796
1,-0.002223,0.044443,0.909796
2,0.000000,-0.000000,0.909796
3,0.002223,-0.044443,0.909796
4,0.004447,-0.088886,0.909796
0,0.039666,-0.054202,0.948041
1,0.019833,-0.027101,0.948041
2,0.000000,-0.000000,0.948041
3,-0.019833,0.027101,0.948041
4,-0.039666,0.054202,0.948041
0,-0.023217,0.059549,0.952891
1,-0.011609,0.029774,0.952891
2,-0.000000,0.000000,0.952891
3,0.011609,-0.029774,0.952891
4,0.023217,-0.059549,0.952891
0,-0.048747,-0.002053,0.972431
1,-0.024373,-0.001026,0.972431
2,-0.000000,0.000000,0.972431
3,0.024373,0.001026,0.972431
4,0.048747,0.002053,0.972431
0,-0.063093,-0.030929,0.943206
1,-0.031547,-0.015465,0.943206
2,0.000000,0.000000,0.943206
3,0.031547,0.015465,0.943206
4,0.063093,0.030929,0.943206
0,0.035864,0.073183,0.924018
1,0.017932,0.036592,0.924018
2,-0.000000,-0.000000,0.924018
3,-0.017932,-0.036592,0.924018
4,-0.035864,-0.073183,0.924018
0,0.080006,0.023677,0.920450
1,0.040003,0.011838,0.920450
2,-0.000000,0.000000,0.920450
3,-0.040003,-0.011838,0.920450
4,-0.080006,-0.023677,0.920450
0,0.054652,-0.023780,0.958974
1,0.027326,-0.011890,0.958974
2,0.000000,0.000000,0.958974
3,-0.027326,0.011890,0.958974
4,-0.054652,0.023780,0.958974
0,0.001803,0.042948,0.978579
1,0.000901,0.021474,0.978579
2,-0.000000,-0.000000,0.978579
3,-0.000901,-0.021474,0.978579
4,-0.001803,-0.042948,0.978579
0,-0.082362,0.032099,0.910975
1,-0.041181,0.016050,0.910975
2,-0.000000,-0.000000,0.910975
3,0.041181,-0.016050,0.910975
4,0.082362,-0.032099,0.910975
0,0.066363,0.000791,0.949252
1,0.033182,0.000395,0.949252
2,-0.000000,-0.000000,0.949252
3,-0.033182,-0.000395,0.949252
4,-0.066363,-0.000791,0.949252
0,0.007455,0.022666,0.993395
1,0.003727,0.011333,0.993395
2,-0.000000,-0.000000,0.993395
3,-0.003727,-0.011333,0.993395
4,-0.007455,-0.022666,0.993395
0,-0.036679,0.008732,0.983509
1,-0.018340,0.004366,0.983509
2,-0.000000,0.000000,0.983509
3,0.018340,-0.004366,0.983509
4,0.036679,-0.008732,0.983509
0,0.050924,0.023086,0.963856
1,0.025462,0.011543,0.963856
2,-0.000000,-0.000000,0.963856
3,-0.025462,-0.011543,0.963856
4,-0.050924,-0.023086,0.963856
0,-0.041061,0.019360,0.976117
1,-0.020531,0.009680,0.976117
2,0.000000,-0.000000,0.976117
3,0.020531,-0.009680,0.976117
4,0.041061,-0.019360,0.976117
0,-0.067642,0.006501,0.946830
1,-0.033821,0.003251,0.946830
2,-0.000000,-0.000000,0.946830
3,0.033821,-0.003251,0.946830
4,0.067642,-0.006501,0.946830
0,0.027893,0.041340,0.971204
1,0.013947,0.020670,0.971204
2,-0.000000,0.000000,0.971204
3,-0.013947,-0.020670,0.971204
4,-0.027893,-0.041340,0.971204
0,0.038097,-0.013539,0.981043
1,0.019049,-0.006769,0.981043
2,-0.000000,-0.000000,0.981043
3,-0.019049,0.006769,0.981043
4,-0.038097,0.013539,0.981043
0,-0.054891,-0.018062,0.961413
1,-0.027446,-0.009031,0.961413
2,0.000000,-0.000000,0.961413
3,0.027446,0.009031,0.961413
4,0.054891,0.018062,0.961413
0,0.016571,-0.038986,0.979195
1,0.008286,-0.019493,0.979195
2,0.000000,-0.000000,0.979195
3,-0.008286,0.019493,0.979195
4,-0.016571,0.038986,0.979195
0,-0.092234,-0.010284,0.902153
1,-0.046117,-0.005142,0.902153
2,0.000000,-0.000000,0.902153
3,0.046117,0.005142,0.902153
4,0.092234,0.010284,0.902153
0,0.078479,0.040022,0.911566
1,0.039239,0.020011,0.911566
2,-0.000000,0.000000,0.911566
3,-0.039239,-0.020011,0.911566
4,-0.078479,-0.040022,0.911566
0,-0.045174,0.072758,0.916297
1,-0.022587,0.036379,0.916297
2,0.000000,-0.000000,0.916297
3,0.022587,-0.036379,0.916297
4,0.045174,-0.072759,0.916297
0,0.037076,-0.065232,0.935382
1,0.018538,-0.032616,0.935382
2,0.000000,-0.000000,0.935382
3,-0.018538,0.032616,0.935382
4,-0.037076,0.065232,0.935382
0,0.023418,0.028635,0.984126
1,0.011709,0.014318,0.984126
2,0.000000,0.000000,0.984126
3,-0.011709,-0.014318,0.984126
4,-0.023418,-0.028635,0.984126
0,-0.063808,0.026573,0.945017
1,-0.031904,0.013286,0.945017
2,-0.000000,-0.000000,0.945017
3,0.031904,-0.013286,0.945017
4,0.063808,-0.026573,0.945017
0,0.022654,0.081291,0.918669
1,0.011327,0.040645,0.918669
2,0.000000,-0.000000,0.918669
3,-0.011327,-0.040645,0.918669
4,-0.022654,-0.081291,0.918669
0,0.034884,0.028120,0.976733
1,0.017442,0.014060,0.976733
2,0.000000,0.000000,0.976733
3,-0.017442,-0.014060,0.976733
4,-0.034884,-0.028120,0.976733
0,-0.068780,-0.026192,0.937784
1,-0.034390,-0.013096,0.937784
2,-0.000000,0.000000,0.937784
3,0.034390,0.013096,0.937784
4,0.068780,0.026192,0.937784
0,0.020698,-0.026960,0.986596
1,0.010349,-0.013480,0.986596
2,0.000000,0.000000,0.986596
3,-0.010349,0.013480,0.986596
4,-0.020698,0.026960,0.986596
0,0.075746,-0.023057,0.928194
1,0.037873,-0.011529,0.928194
2,-0.000000,-0.000000,0.928194
3,-0.037873,0.011529,0.928194
4,-0.075746,0.023057,0.928194
0,-0.064115,0.050838,0.923422
1,-0.032057,0.025419,0.923422
2,0.000000,-0.000000,0.923422
3,0.032057,-0.025419,0.923422
4,0.064115,-0.050838,0.923422
0,0.013960,-0.001241,0.997723
1,0.006980,-0.000620,0.997723
2,-0.000000,0.000000,0.997723
3,-0.006980,0.000620,0.997723
4,-0.013960,0.001241,0.997723
0,0.053993,0.076185,0.900982
1,0.026997,0.038093,0.900982
2,0.000000,0.000000,0.900982
3,-0.026997,-0.038093,0.900982
4,-0.053993,-0.076185,0.900982
0,0.059923,0.035964,0.943809
1,0.029961,0.017982,0.943809
2,0.000000,0.000000,0.943809
3,-0.029961,-0.017982,0.943809
4,-0.059923,-0.035964,0.943809
0,-0.064763,-0.068835,0.898641
1,-0.032382,-0.034418,0.898641
2,-0.000000,-0.000000,0.898641
3,0.032381,0.034418,0.898641
4,0.064763,0.068835,0.898641
0,0.007093,0.073980,0.936582
1,0.003546,0.036990,0.936582
2,0.000000,-0.000000,0.936582
3,-0.003546,-0.036990,0.936582
4,-0.007093,-0.073980,0.936582
0,-0.087482,0.001010,0.912746
1,-0.043741,0.000505,0.912746
2,-0.000000,-0.000000,0.912746
3,0.043741,-0.000505,0.912746
4,0.087482,-0.001010,0.912746
0,0.019405,0.062196,0.951071
1,0.009703,0.031098,0.951071
2,-0.000000,0.000000,0.951071
3,-0.009703,-0.031098,0.951071
4,-0.019405,-0.062196,0.951071
0,-0.069699,0.015469,0.941395
1,-0.034849,0.007734,0.941395
2,-0.000000,-0.000000,0.941395
3,0.034849,-0.007734,0.941395
4,0.069699,-0.015469,0.941395
0,0.074584,0.035199,0.922233
1,0.037292,0.017600,0.922233
2,-0.000000,-0.000000,0.922233
3,-0.037292,-0.017600,0.922233
4,-0.074584,-0.035199,0.922233
0,0.013548,0.081598,0.921785
1,0.006774,0.040799,0.921785
2,-0.000000,0.000000,0.921785
3,-0.006774,-0.040799,0.921785
4,-0.013548,-0.081598,0.921785
0,-0.063098,0.033997,0.940944
1,-0.031549,0.016999,0.940944
2,-0.000000,0.000000,0.940944
3,0.031549,-0.016999,0.940944
4,0.063098,-0.033997,0.940944
0,-0.050631,0.004084,0.970130
1,-0.025316,0.002042,0.970130
2,-0.000000,0.000000,0.970130
3,0.025316,-0.002042,0.970130
4,0.050631,-0.004084,0.970130
0,-0.030861,-0.070972,0.931334
1,-0.015430,-0.035486,0.931334
2,0.000000,0.000000,0.931334
3,0.015430,0.035486,0.931334
4,0.030861,0.070972,0.931334
0,-0.022203,0.028439,0.984898
1,-0.011102,0.014219,0.984898
2,-0.000000,-0.000000,0.984898
3,0.011102,-0.014219,0.984898
4,0.022203,-0.028439,0.984898
0,0.083949,0.032754,0.907586
1,0.041974,0.016377,0.907586
2,0.000000,-0.000000,0.907586
3,-0.041974,-0.016377,0.907586
4,-0.083949,-0.032754,0.907586
0,0.024964,-0.068753,0.938537
1,0.012482,-0.034377,0.938537
2,-0.000000,-0.000000,0.938537
3,-0.012482,0.034377,0.938537
4,-0.024964,0.068753,0.938537
0,-0.048147,0.046688,0.948193
1,-0.024074,0.023344,0.948193
2,-0.000000,-0.000000,0.948193
3,0.024074,-0.023344,0.948193
4,0.048147,-0.046688,0.948193
0,-0.025453,0.003832,0.992313
1,-0.012726,0.001916,0.992313
2,-0.000000,0.000000,0.992313
3,0.012726,-0.001916,0.992313
4,0.025453,-0.003832,0.992313
0,-0.029113,-0.011600,0.988603
1,-0.014557,-0.005800,0.988603
2,0.000000,-0.000000,0.988603
3,0.014557,0.005800,0.988603
4,0.029113,0.011600,0.988603
0,-0.007788,0.087977,0.911123
1,-0.003894,0.043988,0.911123
2,-0.000000,0.000000,0.911123
3,0.003894,-0.043988,0.911123
4,0.007788,-0.087977,0.911123
0,-0.050825,0.059269,0.930136
1,-0.025413,0.029634,0.930136
2,-0.000000,-0.000000,0.930136
3,0.025413,-0.029634,0.930136
4,0.050825,-0.059269,0.930136
0,-0.048710,-0.049445,0.944563
1,-0.024355,-0.024723,0.944563
2,0.000000,-0.000000,0.944563
3,0.024355,0.024723,0.944563
4,0.048710,0.049445,0.944563
0,-0.000672,-0.034565,0.986133
1,-0.000336,-0.017283,0.986133
2,-0.000000,0.000000,0.986133
3,0.000336,0.017283,0.986133
4,0.000672,0.034565,0.986133
0,0.063765,0.023205,0.946981
1,0.031883,0.011602,0.946981
2,0.000000,-0.000000,0.946981
3,-0.031883,-0.011602,0.946981
4,-0.063765,-0.023205,0.946981
0,-0.032159,-0.043193,0.966455
1,-0.016080,-0.021596,0.966455
2,0.000000,-0.000000,0.966455
3,0.016080,0.021596,0.966455
4,0.032159,0.043193,0.966455
0,0.005894,-0.006468,0.999113
1,0.002947,-0.003234,0.999113
2,0.000000,-0.000000,0.999113
3,-0.002947,0.003234,0.999113
4,-0.005894,0.006468,0.999113
0,-0.081805,0.014247,0.921192
1,-0.040902,0.007124,0.921192
2,-0.000000,0.000000,0.921192
3,0.040902,-0.007124,0.921192
4,0.081805,-0.014247,0.921192
0,0.026386,0.052816,0.959736
1,0.013193,0.026408,0.959736
2,-0.000000,-0.000000,0.959736
3,-0.013193,-0.026408,0.959736
4,-0.026386,-0.052816,0.959736
0,0.089121,0.025633,0.902300
1,0.044561,0.012817,0.902300
2,-0.000000,-0.000000,0.902300
3,-0.044561,-0.012817,0.902300
4,-0.089121,-0.025633,0.902300
0,0.077527,0.005686,0.930735
1,0.038763,0.002843,0.930735
2,0.000000,0.000000,0.930735
3,-0.038763,-0.002843,0.930735
4,-0.077527,-0.005686,0.930735
0,-0.017782,-0.013658,0.994168
1,-0.008891,-0.006829,0.994168
2,-0.000000,-0.000000,0.994168
3,0.008891,0.006829,0.994168
4,0.017782,0.013658,0.994168
0,0.019990,-0.059265,0.954866
1,0.009995,-0.029633,0.954866
2,0.000000,-0.000000,0.954866
3,-0.009995,0.029633,0.954866
4,-0.019990,0.059265,0.954866
0,0.011918,0.045446,0.974427
1,0.005959,0.022723,0.974427
2,-0.000000,-0.000000,0.974427
3,-0.005959,-0.022723,0.974427
4,-0.011918,-0.045446,0.974427
0,0.080465,-0.025169,0.918816
1,0.040232,-0.012584,0.918816
2,0.000000,0.000000,0.918816
3,-0.040232,0.012584,0.918816
4,-0.080465,0.025169,0.918816
0,-0.041603,-0.026260,0.971971
1,-0.020802,-0.013130,0.971971
2,0.000000,0.000000,0.971971
3,0.020802,0.013130,0.971971
4,0.041603,0.026260,0.971971
0,0.023144,0.032132,0.981814
1,0.011572,0.016066,0.981814
2,0.000000,-0.000000,0.981814
3,-0.011572,-0.016066,0.981814
4,-0.023144,-0.032132,0.981814
0,0.000298,0.081743,0.923571
1,0.000149,0.040871,0.923571
2,-0.000000,-0.000000,0.923571
3,-0.000149,-0.040871,0.923571
4,-0.000298,-0.081743,0.923571
0,0.043140,0.005166,0.978117
1,0.021570,0.002583,0.978117
2,-0.000000,-0.000000,0.978117
3,-0.021570,-0.002583,0.978117
4,-0.043140,-0.005166,0.978117
0,0.011674,-0.029985,0.987986
1,0.005837,-0.014993,0.987986
2,0.000000,-0.000000,0.987986
3,-0.005837,0.014993,0.987986
4,-0.011674,0.029985,0.987986
0,-0.045831,-0.000524,0.975657
1,-0.022916,-0.000262,0.975657
2,0.000000,-0.000000,0.975657
3,0.022916,0.000262,0.975657
4,0.045831,0.000524,0.975657
0,0.008613,0.049525,0.970744
1,0.004307,0.024763,0.970744
2,-0.000000,-0.000000,0.970744
3,-0.004307,-0.024763,0.970744
4,-0.008613,-0.049525,0.970744
0,0.048586,0.073212,0.912008
1,0.024293,0.036606,0.912008
2,-0.000000,-0.000000,0.912008
3,-0.024293,-0.036606,0.912008
4,-0.048586,-0.073212,0.912008
0,0.012615,-0.017803,0.994477
1,0.006307,-0.008902,0.994477
2,-0.000000,-0.000000,0.994477
3,-0.006307,0.008902,0.994477
4,-0.012615,0.017803,0.994477
0,0.094492,0.008387,0.897911
1,0.047246,0.004194,0.897911
2,0.000000,-0.000000,0.897911
3,-0.047246,-0.004194,0.897911
4,-0.094492,-0.008387,0.897911
0,0.061299,-0.042806,0.935831
1,0.030649,-0.021403,0.935831
2,0.000000,0.000000,0.935831
3,-0.030649,0.021403,0.935831
4,-0.061299,0.042806,0.935831
0,0.030154,-0.085074,0.907291
1,0.015077,-0.042537,0.907291
2,0.000000,0.000000,0.907291
3,-0.015077,0.042537,0.907291
4,-0.030154,0.085074,0.907291
0,-0.014507,-0.007250,0.996951
1,-0.007254,-0.003625,0.996951
2,0.000000,-0.000000,0.996951
3,0.007254,0.003625,0.996951
4,0.014507,0.007250,0.996951
0,0.019214,0.039981,0.977195
1,0.009607,0.019990,0.977195
2,0.000000,-0.000000,0.977195
3,-0.009607,-0.019990,0.977195
4,-0.019214,-0.039981,0.977195
0,0.030724,-0.013090,0.987059
1,0.015362,-0.006545,0.987059
2,-0.000000,-0.000000,0.987059
3,-0.015362,0.006545,0.987059
4,-0.030724,0.013090,0.987059
0,-0.056947,-0.068490,0.909648
1,-0.028473,-0.034245,0.909648
2,0.000000,0.000000,0.909648
3,0.028473,0.034245,0.909648
4,0.056947,0.068490,0.909648
0,-0.005762,-0.078714,0.928642
1,-0.002881,-0.039357,0.928642
2,0.000000,-0.000000,0.928642
3,0.002881,0.039357,0.928642
4,0.005762,0.078714,0.928642
0,0.023245,0.072544,0.933431
1,0.011623,0.036272,0.933431
2,0.000000,0.000000,0.933431
3,-0.011623,-0.036272,0.933431
4,-0.023245,-0.072544,0.933431
0,-0.055331,0.062557,0.920300
1,-0.027665,0.031279,0.920300
2,0.000000,-0.000000,0.920300
3,0.027665,-0.031279,0.920300
4,0.055331,-0.062557,0.920300
0,-0.023989,0.002677,0.993240
1,-0.011994,0.001339,0.993240
2,0.000000,-0.000000,0.993240
3,0.011994,-0.001339,0.993240
4,0.023989,-0.002677,0.993240
0,-0.065892,-0.036807,0.934630
1,-0.032946,-0.018403,0.934630
2,0.000000,-0.000000,0.934630
3,0.032946,0.018403,0.934630
4,0.065892,0.036807,0.934630
0,0.027182,-0.026383,0.983355
1,0.013591,-0.013192,0.983355
2,0.000000,0.000000,0.983355
3,-0.013591,0.013192,0.983355
4,-0.027182,0.026383,0.983355
0,-0.037003,0.081676,0.908470
1,-0.018502,0.040838,0.908470
2,0.000000,0.000000,0.908470
3,0.018502,-0.040838,0.908470
4,0.037003,-0.081676,0.908470
0,0.025658,-0.063029,0.946680
1,0.012829,-0.031515,0.946680
2,0.000000,-0.000000,0.946680
3,-0.012829,0.031515,0.946680
4,-0.025658,0.063029,0.946680
0,0.010491,0.053070,0.966149
1,0.005246,0.026535,0.966149
2,0.000000,-0.000000,0.966149
3,-0.005246,-0.026535,0.966149
4,-0.010491,-0.053070,0.966149
0,-0.055418,0.057136,0.927447
1,-0.027709,0.028568,0.927447
2,-0.000000,-0.000000,0.927447
3,0.027709,-0.028568,0.927447
4,0.055418,-0.057136,0.927447
0,-0.078930,-0.037204,0.913188
1,-0.039465,-0.018602,0.913188
2,0.000000,0.000000,0.913188
3,0.039465,0.018602,0.913188
4,0.078930,0.037204,0.913188
0,-0.049194,0.008957,0.971051
1,-0.024597,0.004478,0.971051
2,0.000000,0.000000,0.971051
3,0.024597,-0.004478,0.971051
4,0.049194,-0.008957,0.971051
0,-0.046711,-0.053622,0.941849
1,-0.023355,-0.026811,0.941849
2,-0.000000,-0.000000,0.941849
3,0.023355,0.026811,0.941849
4,0.046711,0.053622,0.941849
0,0.047913,-0.061430,0.930437
1,0.023957,-0.030715,0.930437
2,0.000000,0.000000,0.930437
3,-0.023957,0.030715,0.930437
4,-0.047913,0.061430,0.930437
0,0.011828,0.019735,0.993859
1,0.005914,0.009867,0.993859
2,-0.000000,-0.000000,0.993859
3,-0.005914,-0.009867,0.993859
4,-0.011828,-0.019735,0.993859
0,0.045321,-0.013417,0.974120
1,0.022660,-0.006709,0.974120
2,-0.000000,-0.000000,0.974120
3,-0.022660,0.006709,0.974120
4,-0.045321,0.013417,0.974120
0,0.054408,0.011225,0.964314
1,0.027204,0.005612,0.964314
2,0.000000,0.000000,0.964314
3,-0.027204,-0.005612,0.964314
4,-0.054408,-0.011225,0.964314
0,-0.009693,0.032782,0.986441
1,-0.004846,0.016391,0.986441
2,0.000000,-0.000000,0.986441
3,0.004846,-0.016391,0.986441
4,0.009693,-0.032782,0.986441
0,-0.016934,-0.021346,0.991385
1,-0.008467,-0.010673,0.991385
2,0.000000,-0.000000,0.991385
3,0.008467,0.010673,0.991385
4,0.016934,0.021346,0.991385
0,0.036793,0.033065,0.971664
1,0.018397,0.016532,0.971664
2,-0.000000,0.000000,0.971664
3,-0.018397,-0.016532,0.971664
4,-0.036793,-0.033065,0.971664
0,0.033258,-0.022105,0.981505
1,0.016629,-0.011053,0.981505
2,0.000000,0.000000,0.981505
3,-0.016629,0.011053,0.981505
4,-0.033258,0.022105,0.981505
0,-0.027703,0.065088,0.942450
1,-0.013852,0.032544,0.942450
2,-0.000000,-0.000000,0.942450
3,0.013852,-0.032544,0.942450
4,0.027703,-0.065088,0.942450
0,0.082584,-0.014424,0.919706
1,0.041292,-0.007212,0.919706
2,0.000000,0.000000,0.919706
3,-0.041292,0.007212,0.919706
4,-0.082584,0.014424,0.919706
0,0.030085,0.066472,0.938836
1,0.015042,0.033236,0.938836
2,0.000000,-0.000000,0.938836
3,-0.015042,-0.033236,0.938836
4,-0.030085,-0.066472,0.938836
0,0.086025,0.021912,0.910238
1,0.043013,0.010956,0.910238
2,0.000000,0.000000,0.910238
3,-0.043013,-0.010956,0.910238
4,-0.086025,-0.021912,0.910238
0,-0.079185,0.034410,0.914964
1,-0.039593,0.017205,0.914964
2,0.000000,0.000000,0.914964
3,0.039593,-0.017205,0.914964
4,0.079185,-0.034410,0.914964
0,0.063544,0.002706,0.953346
1,0.031772,0.001353,0.953346
2,-0.000000,-0.000000,0.953346
3,-0.031772,-0.001353,0.953346
4,-0.063544,-0.002706,0.953346
0,-0.057087,0.040478,0.943658
1,-0.028543,0.020239,0.943658
2,0.000000,-0.000000,0.943658
3,0.028543,-0.020239,0.943658
4,0.057087,-0.040478,0.943658
0,-0.010259,0.080603,0.924465
1,-0.005129,0.040301,0.924465
2,-0.000000,0.000000,0.924465
3,0.005129,-0.040301,0.924465
4,0.010259,-0.080603,0.924465
0,0.005429,-0.061665,0.955777
1,0.002714,-0.030832,0.955777
2,0.000000,-0.000000,0.955777
3,-0.002714,0.030832,0.955777
4,-0.005429,0.061665,0.955777
0,0.041406,0.020322,0.975350
1,0.020703,0.010161,0.975350
2,0.000000,0.000000,0.975350
3,-0.020703,-0.010161,0.975350
4,-0.041406,-0.020322,0.975350
0,0.091830,-0.022654,0.898494
1,0.045915,-0.011327,0.898494
2,0.000000,-0.000000,0.898494
3,-0.045915,0.011327,0.898494
4,-0.091830,0.022654,0.898494
0,0.014969,-0.032420,0.985207
1,0.007485,-0.016210,0.985207
2,0.000000,-0.000000,0.985207
3,-0.007485,0.016210,0.985207
4,-0.014969,0.032420,0.985207
0,0.069458,-0.039554,0.926850
1,0.034729,-0.019777,0.926850
2,-0.000000,0.000000,0.926850
3,-0.034729,0.019777,0.926850
4,-0.069458,0.039554,0.926850
0,-0.035047,-0.021748,0.980273
1,-0.017524,-0.010874,0.980273
2,0.000000,-0.000000,0.980273
3,0.017524,0.010874,0.980273
4,0.035047,0.021748,0.980273
0,-0.024130,0.089092,0.903179
1,-0.012065,0.044546,0.903179
2,0.000000,-0.000000,0.903179
3,0.012065,-0.044546,0.903179
4,0.024130,-0.089092,0.903179
0,-0.051794,0.064284,0.922083
1,-0.025897,0.032142,0.922083
2,0.000000,0.000000,0.922083
3,0.025897,-0.032142,0.922083
4,0.051794,-0.064284,0.922083
0,0.001228,-0.000395,0.999981
1,0.000614,-0.000197,0.999981
2,0.000000,0.000000,0.999981
3,-0.000614,0.000197,0.999981
4,-0.001228,0.000395,0.999981
0,-0.051577,-0.040037,0.950861
1,-0.025789,-0.020018,0.950861
2,-0.000000,0.000000,0.950861
3,0.025789,0.020019,0.950861
4,0.051577,0.040037,0.950861
0,-0.035356,-0.041650,0.965480
1,-0.017678,-0.020825,0.965480
2,-0.000000,0.000000,0.965480
3,0.017678,0.020825,0.965480
4,0.035356,0.041650,0.965480
0,0.033823,-0.027845,0.977752
1,0.016911,-0.013923,0.977752
2,0.000000,0.000000,0.977752
3,-0.016911,0.013923,0.977752
4,-0.033823,0.027845,0.977752
0,-0.032652,0.000961,0.987619
1,-0.016326,0.000480,0.987619
2,-0.000000,-0.000000,0.987619
3,0.016326,-0.000480,0.987619
4,0.032652,-0.000961,0.987619
0,0.032017,0.055000,0.953290
1,0.016008,0.027500,0.953290
2,-0.000000,-0.000000,0.953290
3,-0.016008,-0.027500,0.953290
4,-0.032017,-0.055000,0.953290
0,0.016158,0.039392,0.978983
1,0.008079,0.019696,0.978983
2,0.000000,-0.000000,0.978983
3,-0.008079,-0.019696,0.978983
4,-0.016158,-0.039392,0.978983
0,-0.049239,0.015514,0.969153
1,-0.024619,0.007757,0.969153
2,0.000000,0.000000,0.969153
3,0.024619,-0.007757,0.969153
4,0.049239,-0.015514,0.969153
0,0.080724,-0.028920,0.916092
1,0.040362,-0.014460,0.916092
2,-0.000000,-0.000000,0.916092
3,-0.040362,0.014460,0.916092
4,-0.080724,0.028920,0.916092
0,0.054068,0.052200,0.935174
1,0.027034,0.026100,0.935174
2,-0.000000,0.000000,0.935174
3,-0.027034,-0.026100,0.935174
4,-0.054068,-0.052200,0.935174
0,-0.013064,0.093132,0.899610
1,-0.006532,0.046566,0.899610
2,-0.000000,0.000000,0.899610
3,0.006532,-0.046566,0.899610
4,0.013064,-0.093132,0.899610
0,0.048675,-0.055370,0.937578
1,0.024338,-0.027685,0.937578
2,0.000000,-0.000000,0.937578
3,-0.024338,0.027685,0.937578
4,-0.048675,0.055370,0.937578
0,-0.061540,-0.045543,0.932775
1,-0.030770,-0.022771,0.932775
2,-0.000000,-0.000000,0.932775
3,0.030770,0.022771,0.932775
4,0.061540,0.045543,0.932775
0,-0.091738,-0.001518,0.904299
1,-0.045869,-0.000759,0.904299
2,0.000000,0.000000,0.904299
3,0.045869,0.000759,0.904299
4,0.091738,0.001518,0.904299
0,0.019174,0.068127,0.942394
1,0.009587,0.034064,0.942394
2,-0.000000,-0.000000,0.942394
3,-0.009587,-0.034064,0.942394
4,-0.019174,-0.068127,0.942394
0,0.019197,-0.010610,0.994419
1,0.009598,-0.005305,0.994419
2,-0.000000,0.000000,0.994419
3,-0.009598,0.005305,0.994419
4,-0.019197,0.010610,0.994419
0,0.029994,0.020827,0.984532
1,0.014997,0.010413,0.984532
2,-0.000000,0.000000,0.984532
3,-0.014997,-0.010413,0.984532
4,-0.029994,-0.020827,0.984532
0,0.056602,-0.021758,0.957546
1,0.028301,-0.010879,0.957546
2,0.000000,0.000000,0.957546
3,-0.028301,0.010879,0.957546
4,-0.056602,0.021758,0.957546
0,-0.000065,0.044414,0.977137
1,-0.000032,0.022207,0.977137
2,-0.000000,-0.000000,0.977137
3,0.000032,-0.022207,0.977137
4,0.000065,-0.044414,0.977137
0,-0.076647,0.045432,0.909593
1,-0.038323,0.022716,0.909593
2,0.000000,-0.000000,0.909593
3,0.038323,-0.022716,0.909593
4,0.076647,-0.045432,0.909593
0,0.048351,-0.007810,0.972220
1,0.024175,-0.003905,0.972220
2,0.000000,-0.000000,0.972220
3,-0.024175,0.003905,0.972220
4,-0.048351,0.007810,0.972220
0,0.005995,-0.011204,0.998129
1,0.002997,-0.005602,0.998129
2,-0.000000,0.000000,0.998129
3,-0.002997,0.005602,0.998129
4,-0.005995,0.011204,0.998129
0,0.040639,-0.048429,0.953897
1,0.020319,-0.024214,0.953897
2,0.000000,-0.000000,0.953897
3,-0.020319,0.024214,0.953897
4,-0.040639,0.048429,0.953897
0,-0.044923,-0.042020,0.956328
1,-0.022461,-0.021010,0.956328
2,-0.000000,-0.000000,0.956328
3,0.022461,0.021010,0.956328
4,0.044923,0.042020,0.956328
0,-0.094059,0.007104,0.899024
1,-0.047030,0.003552,0.899024
2,0.000000,0.000000,0.899024
3,0.047030,-0.003552,0.899024
4,0.094059,-0.007104,0.899024
0,-0.013620,0.052402,0.966092
1,-0.006810,0.026201,0.966092
2,0.000000,-0.000000,0.966092
3,0.006810,-0.026201,0.966092
4,0.013620,-0.052402,0.966092
0,-0.054067,0.068527,0.913133
1,-0.027033,0.034263,0.913133
2,0.000000,0.000000,0.913133
3,0.027033,-0.034263,0.913133
4,0.054067,-0.068527,0.913133
0,0.060325,0.023892,0.951468
1,0.030162,0.011946,0.951468
2,-0.000000,0.000000,0.951468
3,-0.030162,-0.011946,0.951468
4,-0.060325,-0.023892,0.951468
0,-0.028752,-0.040971,0.970993
1,-0.014376,-0.020485,0.970993
2,0.000000,-0.000000,0.970993
3,0.014376,0.020485,0.970993
4,0.028752,0.040971,0.970993
0,-0.060355,0.037676,0.941792
1,-0.030178,0.018838,0.941792
2,0.000000,-0.000000,0.941792
3,0.030178,-0.018838,0.941792
4,0.060355,-0.037676,0.941792
0,-0.063730,-0.032873,0.940888
1,-0.031865,-0.016436,0.940888
2,0.000000,-0.000000,0.940888
3,0.031865,0.016436,0.940888
4,0.063730,0.032873,0.940888
0,-0.028669,0.041992,0.970073
1,-0.014334,0.020996,0.970073
2,0.000000,-0.000000,0.970073
3,0.014334,-0.020996,0.970073
4,0.028669,-0.041992,0.970073
0,0.071611,-0.029434,0.931278
1,0.035805,-0.014717,0.931278
2,-0.000000,-0.000000,0.931278
3,-0.035805,0.014717,0.931278
4,-0.071611,0.029434,0.931278
0,-0.002800,-0.046381,0.974984
1,-0.001400,-0.023191,0.974984
2,0.000000,0.000000,0.974984
3,0.001400,0.023191,0.974984
4,0.002800,0.046381,0.974984
0,0.003435,-0.073099,0.938479
1,0.001717,-0.036549,0.938479
2,-0.000000,-0.000000,0.938479
3,-0.001717,0.036549,0.938479
4,-0.003435,0.073099,0.938479
0,-0.016454,-0.035343,0.982373
1,-0.008227,-0.017671,0.982373
2,-0.000000,0.000000,0.982373
3,0.008227,0.017671,0.982373
4,0.016454,0.035343,0.982373
0,-0.001834,-0.083366,0.920542
1,-0.000917,-0.041683,0.920542
2,-0.000000,0.000000,0.920542
3,0.000917,0.041683,0.920542
4,0.001834,0.083366,0.920542
0,0.040264,-0.014774,0.978675
1,0.020132,-0.007387,0.978675
2,0.000000,0.000000,0.978675
3,-0.020132,0.007387,0.978675
4,-0.040264,0.014774,0.978675
0,-0.055759,-0.074491,0.901659
1,-0.027879,-0.037245,0.901659
2,0.000000,0.000000,0.901659
3,0.027879,0.037245,0.901659
4,0.055759,0.074491,0.901659
0,-0.058651,-0.051585,0.930082
1,-0.029326,-0.025792,0.930082
2,-0.000000,0.000000,0.930082
3,0.029326,0.025792,0.930082
4,0.058651,0.051585,0.930082
0,0.011904,0.061875,0.954201
1,0.005952,0.030937,0.954201
2,0.000000,-0.000000,0.954201
3,-0.005952,-0.030937,0.954201
4,-0.011904,-0.061875,0.954201
0,0.073617,-0.015981,0.934874
1,0.036808,-0.007991,0.934874
2,0.000000,0.000000,0.934874
3,-0.036808,0.007991,0.934874
4,-0.073617,0.015981,0.934874
0,-0.005792,0.037145,0.983606
1,-0.002896,0.018572,0.983606
2,-0.000000,0.000000,0.983606
3,0.002896,-0.018572,0.983606
4,0.005792,-0.037145,0.983606
0,0.030966,-0.052898,0.956634
1,0.015483,-0.026449,0.956634
2,-0.000000,-0.000000,0.956634
3,-0.015483,0.026449,0.956634
4,-0.030966,0.052898,0.956634
0,-0.068581,0.027539,0.937276
1,-0.034291,0.013769,0.937276
2,0.000000,-0.000000,0.937276
3,0.034291,-0.013769,0.937276
4,0.068581,-0.027539,0.937276
0,-0.053869,-0.001717,0.966398
1,-0.026935,-0.000859,0.966398
2,-0.000000,0.000000,0.966398
3,0.026935,0.000859,0.966398
4,0.053869,0.001717,0.966398
0,0.067672,-0.021357,0.942094
1,0.033836,-0.010679,0.942094
2,-0.000000,-0.000000,0.942094
3,-0.033836,0.010679,0.942094
4,-0.067672,0.021357,0.942094
0,-0.030419,-0.029340,0.979291
1,-0.015210,-0.014670,0.979291
2,0.000000,0.000000,0.979291
3,0.015210,0.014670,0.979291
4,0.030419,0.029340,0.979291
0,0.016490,-0.070167,0.940285
1,0.008245,-0.035084,0.940285
2,-0.000000,0.000000,0.940285
3,-0.008245,0.035084,0.940285
4,-0.016490,0.070167,0.940285
0,-0.033453,-0.081444,0.911657
1,-0.016727,-0.040722,0.911657
2,-0.000000,0.000000,0.911657
3,0.016727,0.040722,0.911657
4,0.033453,0.081444,0.911657
0,-0.051218,0.041471,0.949953
1,-0.025609,0.020735,0.949953
2,0.000000,0.000000,0.949953
3,0.025609,-0.020735,0.949953
4,0.051218,-0.041471,0.949953
0,0.050202,0.069325,0.916389
1,0.025101,0.034662,0.916389
2,-0.000000,-0.000000,0.916389
3,-0.025101,-0.034662,0.916389
4,-0.050202,-0.069325,0.916389
0,0.044596,0.014951,0.974370
1,0.022298,0.007475,0.974370
2,-0.000000,0.000000,0.974370
3,-0.022298,-0.007475,0.974370
4,-0.044596,-0.014951,0.974370
0,0.051129,0.046422,0.945111
1,0.025565,0.023211,0.945111
2,0.000000,0.000000,0.945111
3,-0.025565,-0.023211,0.945111
4,-0.051129,-0.046422,0.945111
0,-0.047404,0.028591,0.964563
1,-0.023702,0.014296,0.964563
2,-0.000000,-0.000000,0.964563
3,0.023702,-0.014296,0.964563
4,0.047404,-0.028591,0.964563
0,0.030398,-0.078670,0.918760
1,0.015199,-0.039335,0.918760
2,-0.000000,0.000000,0.918760
3,-0.015199,0.039335,0.918760
4,-0.030398,0.078670,0.918760
0,-0.068734,0.063979,0.899903
1,-0.034367,0.031989,0.899903
2,-0.000000,-0.000000,0.899903
3,0.034367,-0.031989,0.899903
4,0.068734,-0.063979,0.899903
0,-0.029857,-0.015985,0.986692
1,-0.014928,-0.007992,0.986692
2,-0.000000,-0.000000,0.986692
3,0.014928,0.007992,0.986692
4,0.029857,0.015985,0.986692
0,-0.041048,0.067645,0.928288
1,-0.020524,0.033823,0.928288
2,0.000000,0.000000,0.928288
3,0.020524,-0.033823,0.928288
4,0.041048,-0.067645,0.928288
0,0.024249,-0.011523,0.991636
1,0.012125,-0.005762,0.991636
2,0.000000,0.000000,0.991636
3,-0.012125,0.005762,0.991636
4,-0.024249,0.011523,0.991636
0,0.004825,0.064084,0.952378
1,0.002412,0.032042,0.952378
2,-0.000000,0.000000,0.952378
3,-0.002412,-0.032042,0.952378
4,-0.004825,-0.064084,0.952378
0,-0.057058,-0.041554,0.942696
1,-0.028529,-0.020777,0.942696
2,-0.000000,0.000000,0.942696
3,0.028529,0.020777,0.942696
4,0.057058,0.041554,0.942696
0,0.065702,0.051864,0.919947
1,0.032851,0.025932,0.919947
2,0.000000,-0.000000,0.919947
3,-0.032851,-0.025932,0.919947
4,-0.065702,-0.051864,0.919947
0,0.002993,-0.032116,0.987928
1,0.001496,-0.016058,0.987928
2,0.000000,0.000000,0.987928
3,-0.001496,0.016058,0.987928
4,-0.002993,0.032116,0.987928
0,0.031608,-0.071800,0.929484
1,0.015804,-0.035900,0.929484
2,-0.000000,0.000000,0.929484
3,-0.015804,0.035900,0.929484
4,-0.031608,0.071800,0.929484
0,-0.017624,-0.084393,0.915206
1,-0.008812,-0.042196,0.915206
2,-0.000000,-0.000000,0.915206
3,0.008812,0.042196,0.915206
4,0.017624,0.084393,0.915206
0,-0.033157,0.068035,0.934275
1,-0.016578,0.034017,0.934275
2,-0.000000,0.000000,0.934275
3,0.016578,-0.034017,0.934275
4,0.033157,-0.068035,0.934275
0,-0.038164,0.003177,0.982989
1,-0.019082,0.001588,0.982989
2,-0.000000,0.000000,0.982989
3,0.019082,-0.001588,0.982989
4,0.038164,-0.003177,0.982989
0,-0.069681,-0.041533,0.924707
1,-0.034840,-0.020767,0.924707
2,0.000000,-0.000000,0.924707
3,0.034840,0.020767,0.924707
4,0.069681,0.041533,0.924707
0,-0.014760,-0.052347,0.965786
1,-0.007380,-0.026174,0.965786
2,-0.000000,0.000000,0.965786
3,0.007380,0.026174,0.965786
4,0.014760,0.052347,0.965786
0,-0.032800,0.081055,0.912840
1,-0.016400,0.040527,0.912840
2,0.000000,-0.000000,0.912840
3,0.016400,-0.040527,0.912840
4,0.032800,-0.081055,0.912840
0,0.040240,-0.007772,0.980524
1,0.020120,-0.003886,0.980524
2,0.000000,0.000000,0.980524
3,-0.020120,0.003886,0.980524
4,-0.040240,0.007772,0.980524
0,0.011411,-0.081629,0.922326
1,0.005705,-0.040814,0.922326
2,-0.000000,-0.000000,0.922326
3,-0.005705,0.040814,0.922326
4,-0.011411,0.081629,0.922326
0,0.003697,0.001146,0.999827
1,0.001849,0.000573,0.999827
2,0.000000,0.000000,0.999827
3,-0.001849,-0.000573,0.999827
4,-0.003697,-0.001146,0.999827
0,-0.089255,-0.023907,0.902978
1,-0.044628,-0.011953,0.902978
2,-0.000000,0.000000,0.902978
3,0.044628,0.011953,0.902978
4,0.089255,0.023907,0.902978
0,0.043326,0.057023,0.941039
1,0.021663,0.028512,0.941039
2,0.000000,0.000000,0.941039
3,-0.021663,-0.028512,0.941039
4,-0.043326,-0.057023,0.941039
0,-0.027574,0.010343,0.989936
1,-0.013787,0.005171,0.989936
2,0.000000,0.000000,0.989936
3,0.013787,-0.005171,0.989936
4,0.027574,-0.010343,0.989936
0,0.087642,0.002164,0.912395
1,0.043821,0.001082,0.912395
2,-0.000000,0.000000,0.912395
3,-0.043821,-0.001082,0.912395
4,-0.087642,-0.002164,0.912395
0,0.051118,-0.040786,0.950710
1,0.025559,-0.020393,0.950710
2,0.000000,0.000000,0.950710
3,-0.025559,0.020393,0.950710
4,-0.051118,0.040786,0.950710
0,-0.015740,0.048210,0.970226
1,-0.007870,0.024105,0.970226
2,-0.000000,0.000000,0.970226
3,0.007870,-0.024105,0.970226
4,0.015740,-0.048210,0.970226
0,-0.077330,0.001090,0.931427
1,-0.038665,0.000545,0.931427
2,-0.000000,0.000000,0.931427
3,0.038665,-0.000545,0.931427
4,0.077330,-0.001090,0.931427
0,-0.042673,-0.018022,0.975138
1,-0.021336,-0.009011,0.975138
2,0.000000,-0.000000,0.975138
3,0.021336,0.009011,0.975138
4,0.042673,0.018022,0.975138
0,0.006294,-0.089846,0.907679
1,0.003147,-0.044923,0.907679
2,-0.000000,-0.000000,0.907679
3,-0.003147,0.044923,0.907679
4,-0.006294,0.089846,0.907679
0,-0.014822,-0.002893,0.997356
1,-0.007411,-0.001446,0.997356
2,-0.000000,-0.000000,0.997356
3,0.007411,0.001446,0.997356
4,0.014822,0.002893,0.997356
0,-0.088301,0.010083,0.910034
1,-0.044151,0.005041,0.910034
2,0.000000,-0.000000,0.910034
3,0.044151,-0.005041,0.910034
4,0.088301,-0.010083,0.910034
0,0.077790,-0.011954,0.929035
1,0.038895,-0.005977,0.929035
2,-0.000000,0.000000,0.929035
3,-0.038895,0.005977,0.929035
4,-0.077790,0.011954,0.929035
0,-0.001440,-0.048546,0.972680
1,-0.000720,-0.024273,0.972680
2,-0.000000,-0.000000,0.972680
3,0.000720,0.024273,0.972680
4,0.001440,0.048546,0.972680
0,0.071630,0.025241,0.933824
1,0.035815,0.012621,0.933824
2,0.000000,0.000000,0.933824
3,-0.035815,-0.012621,0.933824
4,-0.071630,-0.025241,0.933824
0,-0.062974,-0.054537,0.920689
1,-0.031487,-0.027268,0.920689
2,-0.000000,-0.000000,0.920689
3,0.031487,0.027268,0.920689
4,0.062974,0.054537,0.920689
0,-0.042548,-0.003975,0.978829
1,-0.021274,-0.001988,0.978829
2,0.000000,0.000000,0.978829
3,0.021274,0.001988,0.978829
4,0.042548,0.003975,0.978829
0,-0.025435,-0.080660,0.918315
1,-0.012718,-0.040330,0.918315
2,0.000000,0.000000,0.918315
3,0.012718,0.040330,0.918315
4,0.025435,0.080660,0.918315
0,0.002663,-0.067742,0.947077
1,0.001332,-0.033871,0.947077
2,0.000000,0.000000,0.947077
3,-0.001332,0.033871,0.947077
4,-0.002663,0.067742,0.947077
0,-0.043585,-0.066341,0.927840
1,-0.021792,-0.033170,0.927840
2,-0.000000,0.000000,0.927840
3,0.021792,0.033170,0.927840
4,0.043585,0.066341,0.927840
0,-0.085917,-0.014051,0.913578
1,-0.042959,-0.007026,0.913578
2,0.000000,0.000000,0.913578
3,0.042959,0.007026,0.913578
4,0.085917,0.014051,0.913578
0,0.043986,0.047278,0.951924
1,0.021993,0.023639,0.951924
2,0.000000,0.000000,0.951924
3,-0.021993,-0.023639,0.951924
4,-0.043986,-0.047278,0.951924
0,-0.018965,0.035403,0.981293
1,-0.009482,0.017702,0.981293
2,-0.000000,-0.000000,0.981293
3,0.009482,-0.017702,0.981293
4,0.018965,-0.035403,0.981293
0,-0.070797,0.003170,0.942245
1,-0.035399,0.001585,0.942245
2,0.000000,-0.000000,0.942245
3,0.035399,-0.001585,0.942245
4,0.070797,-0.003170,0.942245
0,-0.023327,0.079640,0.921284
1,-0.011663,0.039820,0.921284
2,-0.000000,0.000000,0.921284
3,0.011663,-0.039820,0.921284
4,0.023327,-0.079640,0.921284
0,-0.004877,-0.092561,0.902392
1,-0.002439,-0.046280,0.902392
2,-0.000000,0.000000,0.902392
3,0.002439,0.046280,0.902392
4,0.004877,0.092561,0.902392
0,-0.054850,-0.068778,0.911806
1,-0.027425,-0.034389,0.911806
2,0.000000,-0.000000,0.911806
3,0.027425,0.034389,0.911806
4,0.054850,0.068778,0.911806
0,-0.049283,-0.014013,0.969613
1,-0.024641,-0.007007,0.969613
2,0.000000,-0.000000,0.969613
3,0.024641,0.007007,0.969613
4,0.049283,0.014013,0.969613
0,-0.019933,-0.075080,0.930829
1,-0.009966,-0.037540,0.930829
2,-0.000000,0.000000,0.930829
3,0.009966,0.037540,0.930829
4,0.019933,0.075080,0.930829
0,0.016395,0.073071,0.935625
1,0.008197,0.036536,0.935625
2,-0.000000,0.000000,0.935625
3,-0.008197,-0.036536,0.935625
4,-0.016395,-0.073071,0.935625
0,-0.043158,0.072368,0.918909
1,-0.021579,0.036184,0.918909
2,-0.000000,-0.000000,0.918909
3,0.021579,-0.036184,0.918909
4,0.043158,-0.072368,0.918909
0,-0.030120,-0.032844,0.976983
1,-0.015060,-0.016422,0.976983
2,0.000000,0.000000,0.976983
3,0.015060,0.016422,0.976983
4,0.030120,0.032844,0.976983
0,0.007761,0.093510,0.900048
1,0.003881,0.046755,0.900048
2,-0.000000,0.000000,0.900048
3,-0.003881,-0.046755,0.900048
4,-0.007761,-0.093510,0.900048
0,-0.020697,-0.060732,0.952530
1,-0.010348,-0.030366,0.952530
2,0.000000,0.000000,0.952530
3,0.010348,0.030366,0.952530
4,0.020697,0.060732,0.952530
0,0.038782,0.030134,0.972066
1,0.019391,0.015067,0.972066
2,0.000000,0.000000,0.972066
3,-0.019391,-0.015067,0.972066
4,-0.038782,-0.030134,0.972066
0,-0.008211,-0.042567,0.978214
1,-0.004105,-0.021284,0.978214
2,-0.000000,0.000000,0.978214
3,0.004105,0.021284,0.978214
4,0.008211,0.042567,0.978214
0,0.014741,-0.064954,0.948893
1,0.007370,-0.032477,0.948893
2,0.000000,0.000000,0.948893
3,-0.007370,0.032477,0.948893
4,-0.014741,0.064954,0.948893
0,0.018344,0.048941,0.968387
1,0.009172,0.024470,0.968387
2,0.000000,0.000000,0.968387
3,-0.009172,-0.024470,0.968387
4,-0.018344,-0.048941,0.968387
0,0.024375,-0.002606,0.993028
1,0.012188,-0.001303,0.993028
2,-0.000000,0.000000,0.993028
3,-0.012188,0.001303,0.993028
4,-0.024375,0.002606,0.993028
0,0.035334,0.014309,0.983143
1,0.017667,0.007154,0.983143
2,0.000000,0.000000,0.983143
3,-0.017667,-0.007154,0.983143
4,-0.035334,-0.014309,0.983143
0,0.086520,-0.028036,0.905913
1,0.043260,-0.014018,0.905913
2,-0.000000,-0.000000,0.905913
3,-0.043260,0.014018,0.905913
4,-0.086520,0.028036,0.905913
0,-0.039618,-0.057384,0.944055
1,-0.019809,-0.028692,0.944055
2,0.000000,-0.000000,0.944055
3,0.019809,0.028692,0.944055
4,0.039618,0.057384,0.944055
0,-0.016834,0.042533,0.975752
1,-0.008417,0.021267,0.975752
2,-0.000000,0.000000,0.975752
3,0.008417,-0.021267,0.975752
4,0.016834,-0.042533,0.975752
0,-0.048603,-0.024135,0.965939
1,-0.024302,-0.012067,0.965939
2,0.000000,0.000000,0.965939
3,0.024302,0.012067,0.965939
4,0.048603,0.024135,0.965939
0,-0.035816,0.054226,0.951316
1,-0.017908,0.027113,0.951316
2,0.000000,0.000000,0.951316
3,0.017908,-0.027113,0.951316
4,0.035816,-0.054226,0.951316
0,0.046120,-0.019788,0.970839
1,0.023060,-0.009894,0.970839
2,-0.000000,0.000000,0.970839
3,-0.023060,0.009894,0.970839
4,-0.046120,0.019788,0.970839
0,0.056287,0.072915,0.903564
1,0.028143,0.036457,0.903564
2,0.000000,-0.000000,0.903564
3,-0.028143,-0.036457,0.903564
4,-0.056287,-0.072915,0.903564
0,-0.005383,-0.071039,0.941641
1,-0.002691,-0.035520,0.941641
2,-0.000000,-0.000000,0.941641
3,0.002691,0.035520,0.941641
4,0.005383,0.071039,0.941641
0,0.058051,0.000988,0.961051
1,0.029026,0.000494,0.961051
2,0.000000,0.000000,0.961051
3,-0.029026,-0.000494,0.961051
4,-0.058051,-0.000988,0.961051
0,-0.068015,-0.046412,0.922474
1,-0.034008,-0.023206,0.922474
2,0.000000,-0.000000,0.922474
3,0.034008,0.023206,0.922474
4,0.068015,0.046412,0.922474
0,0.074363,0.055088,0.902685
1,0.037182,0.027544,0.902685
2,-0.000000,-0.000000,0.902685
3,-0.037182,-0.027544,0.902685
4,-0.074363,-0.055088,0.902685
0,-0.003016,0.029746,0.989627
1,-0.001508,0.014873,0.989627
2,0.000000,-0.000000,0.989627
3,0.001508,-0.014873,0.989627
4,0.003016,-0.029746,0.989627
0,0.032323,-0.016592,0.984686
1,0.016161,-0.008296,0.984686
2,-0.000000,0.000000,0.984686
3,-0.016161,0.008296,0.984686
4,-0.032323,0.016592,0.984686
0,-0.054771,0.004982,0.965021
1,-0.027385,0.002491,0.965021
2,0.000000,-0.000000,0.965021
3,0.027385,-0.002491,0.965021
4,0.054771,-0.004982,0.965021
0,0.083262,0.031510,0.909739
1,0.041631,0.015755,0.909739
2,-0.000000,0.000000,0.909739
3,-0.041631,-0.015755,0.909739
4,-0.083262,-0.031510,0.909739
0,-0.001702,0.052997,0.967468
1,-0.000851,0.026499,0.967468
2,-0.000000,0.000000,0.967468
3,0.000851,-0.026499,0.967468
4,0.001702,-0.052997,0.967468
0,-0.075813,0.041853,0.914464
1,-0.037907,0.020926,0.914464
2,-0.000000,-0.000000,0.914464
3,0.037906,-0.020926,0.914464
4,0.075813,-0.041853,0.914464
0,0.063188,0.009869,0.952835
1,0.031594,0.004934,0.952835
2,-0.000000,-0.000000,0.952835
3,-0.031594,-0.004934,0.952835
4,-0.063188,-0.009869,0.952835
0,0.030136,-0.069904,0.933524
1,0.015068,-0.034952,0.933524
2,0.000000,0.000000,0.933524
3,-0.015068,0.034952,0.933524
4,-0.030136,0.069904,0.933524
0,0.038883,0.073856,0.920392
1,0.019442,0.036928,0.920392
2,-0.000000,0.000000,0.920392
3,-0.019442,-0.036928,0.920392
4,-0.038883,-0.073856,0.920392
0,-0.035377,-0.013231,0.983452
1,-0.017689,-0.006616,0.983452
2,0.000000,0.000000,0.983452
3,0.017689,0.006616,0.983452
4,0.035377,0.013231,0.983452
0,0.029417,0.047601,0.963798
1,0.014709,0.023800,0.963798
2,0.000000,0.000000,0.963798
3,-0.014709,-0.023800,0.963798
4,-0.029417,-0.047601,0.963798
0,0.018149,-0.005643,0.995811
1,0.009075,-0.002821,0.995811
2,0.000000,-0.000000,0.995811
3,-0.009075,0.002821,0.995811
4,-0.018149,0.005643,0.995811
0,0.078291,-0.043618,0.908562
1,0.039145,-0.021809,0.908562
2,-0.000000,0.000000,0.908562
3,-0.039145,0.021809,0.908562
4,-0.078291,0.043618,0.908562
0,0.012582,-0.052534,0.966245
1,0.006291,-0.026267,0.966245
2,-0.000000,-0.000000,0.966245
3,-0.006291,0.026267,0.966245
4,-0.012582,0.052534,0.966245
0,-0.020376,-0.080611,0.920987
1,-0.010188,-0.040306,0.920987
2,0.000000,0.000000,0.920987
3,0.010188,0.040306,0.920987
4,0.020376,0.080611,0.920987
0,0.035547,-0.023150,0.979137
1,0.017773,-0.011575,0.979137
2,-0.000000,0.000000,0.979137
3,-0.017773,0.011575,0.979137
4,-0.035547,0.023150,0.979137
0,-0.030673,-0.002524,0.989009
1,-0.015336,-0.001262,0.989009
2,-0.000000,0.000000,0.989009
3,0.015336,0.001262,0.989009
4,0.030673,0.002524,0.989009
0,0.018266,0.086209,0.911511
1,0.009133,0.043104,0.911511
2,-0.000000,0.000000,0.911511
3,-0.009133,-0.043104,0.911511
4,-0.018266,-0.086209,0.911511
0,0.044311,0.026236,0.969307
1,0.022155,0.013118,0.969307
2,-0.000000,0.000000,0.969307
3,-0.022155,-0.013118,0.969307
4,-0.044311,-0.026236,0.969307
0,-0.068478,-0.037037,0.930530
1,-0.034239,-0.018519,0.930530
2,-0.000000,0.000000,0.930530
3,0.034239,0.018519,0.930530
4,0.068478,0.037037,0.930530
0,-0.085005,0.010661,0.916240
1,-0.042502,0.005330,0.916240
2,-0.000000,-0.000000,0.916240
3,0.042502,-0.005330,0.916240
4,0.085005,-0.010661,0.916240
0,0.025314,0.057354,0.954657
1,0.012657,0.028677,0.954657
2,-0.000000,0.000000,0.954657
3,-0.012657,-0.028677,0.954657
4,-0.025314,-0.057354,0.954657
0,0.042428,-0.079948,0.906796
1,0.021214,-0.039974,0.906796
2,0.000000,-0.000000,0.906796
3,-0.021214,0.039974,0.906796
4,-0.042428,0.079948,0.906796
0,-0.014377,-0.010063,0.996429
1,-0.007188,-0.005032,0.996429
2,-0.000000,0.000000,0.996429
3,0.007188,0.005032,0.996429
4,0.014377,0.010063,0.996429
0,0.016910,-0.058577,0.957090
1,0.008455,-0.029288,0.957090
2,0.000000,0.000000,0.957090
3,-0.008455,0.029288,0.957090
4,-0.016910,0.058577,0.957090
0,0.013289,0.042848,0.976675
1,0.006644,0.021424,0.976675
2,0.000000,-0.000000,0.976675
3,-0.006644,-0.021424,0.976675
4,-0.013289,-0.042848,0.976675
0,-0.031296,-0.088609,0.899755
1,-0.015648,-0.044305,0.899755
2,-0.000000,0.000000,0.899755
3,0.015648,0.044305,0.899755
4,0.031296,0.088609,0.899755
0,-0.052273,0.011508,0.966857
1,-0.026136,0.005754,0.966857
2,0.000000,-0.000000,0.966857
3,0.026136,-0.005754,0.966857
4,0.052273,-0.011508,0.966857
0,0.005871,-0.078991,0.928139
1,0.002936,-0.039496,0.928139
2,-0.000000,-0.000000,0.928139
3,-0.002936,0.039496,0.928139
4,-0.005871,0.078991,0.928139
0,0.024483,0.011606,0.991482
1,0.012242,0.005803,0.991482
2,0.000000,0.000000,0.991482
3,-0.012242,-0.005803,0.991482
4,-0.024483,-0.011606,0.991482
0,0.084085,-0.021962,0.913874
1,0.042042,-0.010981,0.913874
2,-0.000000,-0.000000,0.913874
3,-0.042042,0.010981,0.913874
4,-0.084085,0.021962,0.913874
0,0.090405,0.015225,0.904445
1,0.045202,0.007613,0.904445
2,-0.000000,0.000000,0.904445
3,-0.045202,-0.007613,0.904445
4,-0.090405,-0.015225,0.904445
0,-0.005637,-0.013025,0.997666
1,-0.002819,-0.006512,0.997666
2,-0.000000,-0.000000,0.997666
3,0.002819,0.006512,0.997666
4,0.005637,0.013025,0.997666
0,-0.064117,0.053934,0.919800
1,-0.032058,0.026967,0.919800
2,0.000000,-0.000000,0.919800
3,0.032058,-0.026967,0.919800
4,0.064117,-0.053934,0.919800
0,0.000465,-0.088724,0.910329
1,0.000232,-0.044362,0.910329
2,0.000000,0.000000,0.910329
3,-0.000232,0.044362,0.910329
4,-0.000465,0.088724,0.910329
0,-0.041201,0.052587,0.948590
1,-0.020601,0.026294,0.948590
2,0.000000,-0.000000,0.948590
3,0.020601,-0.026294,0.948590
4,0.041201,-0.052587,0.948590
0,-0.016982,-0.061224,0.953441
1,-0.008491,-0.030612,0.953441
2,0.000000,0.000000,0.953441
3,0.008491,0.030612,0.953441
4,0.016982,0.061224,0.953441
0,0.048061,0.004720,0.972987
1,0.024031,0.002360,0.972987
2,0.000000,0.000000,0.972987
3,-0.024031,-0.002360,0.972987
4,-0.048061,-0.004720,0.972987
0,-0.090936,-0.005381,0.905619
1,-0.045468,-0.002691,0.905619
2,0.000000,-0.000000,0.905619
3,0.045468,0.002691,0.905619
4,0.090936,0.005381,0.905619
0,0.079793,-0.015059,0.924559
1,0.039897,-0.007529,0.924559
2,-0.000000,-0.000000,0.924559
3,-0.039897,0.007529,0.924559
4,-0.079793,0.015059,0.924559
0,-0.061163,0.009103,0.955872
1,-0.030581,0.004551,0.955872
2,-0.000000,-0.000000,0.955872
3,0.030581,-0.004551,0.955872
4,0.061163,-0.009103,0.955872
0,0.002241,0.089890,0.907972
1,0.001121,0.044945,0.907972
2,-0.000000,0.000000,0.907972
3,-0.001121,-0.044945,0.907972
4,-0.002241,-0.089890,0.907972
0,0.036141,-0.058051,0.946169
1,0.018070,-0.029025,0.946169
2,0.000000,0.000000,0.946169
3,-0.018070,0.029025,0.946169
4,-0.036141,0.058051,0.946169
0,0.022321,-0.018504,0.990245
1,0.011161,-0.009252,0.990245
2,-0.000000,-0.000000,0.990245
3,-0.011161,0.009252,0.990245
4,-0.022321,0.018504,0.990245
0,-0.019069,0.062340,0.951014
1,-0.009534,0.031170,0.951014
2,0.000000,0.000000,0.951014
3,0.009534,-0.031170,0.951014
4,0.019069,-0.062340,0.951014
0,-0.027364,-0.072151,0.931727
1,-0.013682,-0.036075,0.931727
2,0.000000,-0.000000,0.931727
3,0.013682,0.036075,0.931727
4,0.027364,0.072151,0.931727
0,0.004826,0.041105,0.980138
1,0.002413,0.020553,0.980138
2,0.000000,0.000000,0.980138
3,-0.002413,-0.020553,0.980138
4,-0.004826,-0.041105,0.980138
0,-0.046514,0.040989,0.955645
1,-0.023257,0.020495,0.955645
2,-0.000000,0.000000,0.955645
3,0.023257,-0.020495,0.955645
4,0.046514,-0.040989,0.955645
0,-0.082191,-0.046927,0.898367
1,-0.041096,-0.023463,0.898367
2,0.000000,0.000000,0.898367
3,0.041096,0.023463,0.898367
4,0.082191,0.046927,0.898367
0,0.050798,0.074329,0.907753
1,0.025399,0.037164,0.907753
2,-0.000000,-0.000000,0.907753
3,-0.025399,-0.037164,0.907753
4,-0.050798,-0.074329,0.907753
0,0.018223,0.069976,0.939908
1,0.009112,0.034988,0.939908
2,-0.000000,-0.000000,0.939908
3,-0.009112,-0.034988,0.939908
4,-0.018223,-0.069976,0.939908
0,-0.003066,0.051598,0.969077
1,-0.001533,0.025799,0.969077
2,0.000000,-0.000000,0.969077
3,0.001533,-0.025799,0.969077
4,0.003066,-0.051598,0.969077
0,-0.075149,0.020824,0.930305
1,-0.037574,0.010412,0.930305
2,-0.000000,0.000000,0.930305
3,0.037574,-0.010412,0.930305
4,0.075149,-0.020824,0.930305
0,0.029333,0.079284,0.918391
1,0.014667,0.039642,0.918391
2,-0.000000,-0.000000,0.918391
3,-0.014667,-0.039642,0.918391
4,-0.029333,-0.079284,0.918391
0,0.037314,0.025303,0.976444
1,0.018657,0.012651,0.976444
2,-0.000000,-0.000000,0.976444
3,-0.018657,-0.012651,0.976444
4,-0.037314,-0.025303,0.976444
0,0.039921,0.054734,0.947152
1,0.019960,0.027367,0.947152
2,0.000000,0.000000,0.947152
3,-0.019960,-0.027367,0.947152
4,-0.039921,-0.054734,0.947152
0,0.047118,-0.073160,0.913652
1,0.023559,-0.036580,0.913652
2,0.000000,-0.000000,0.913652
3,-0.023559,0.036580,0.913652
4,-0.047118,0.073160,0.913652
0,-0.030784,-0.025666,0.981371
1,-0.015392,-0.012833,0.981371
2,-0.000000,0.000000,0.981371
3,0.015392,0.012833,0.981371
4,0.030784,0.025666,0.981371
0,-0.036090,0.084394,0.904226
1,-0.018045,0.042197,0.904226
2,0.000000,-0.000000,0.904226
3,0.018045,-0.042197,0.904226
4,0.036090,-0.084394,0.904226
0,0.012358,0.056199,0.961738
1,0.006179,0.028099,0.961738
2,0.000000,-0.000000,0.961738
3,-0.006179,-0.028099,0.961738
4,-0.012358,-0.056199,0.961738
0,-0.059815,0.056057,0.923145
1,-0.029907,0.028029,0.923145
2,0.000000,-0.000000,0.923145
3,0.029907,-0.028029,0.923145
4,0.059815,-0.056057,0.923145
0,0.029283,0.007512,0.989395
1,0.014641,0.003756,0.989395
2,0.000000,0.000000,0.989395
3,-0.014641,-0.003756,0.989395
4,-0.029283,-0.007512,0.989395
0,0.049550,-0.037971,0.955036
1,0.024775,-0.018986,0.955036
2,-0.000000,0.000000,0.955036
3,-0.024775,0.018986,0.955036
4,-0.049550,0.037971,0.955036
0,0.007529,-0.083883,0.918982
1,0.003764,-0.041942,0.918982
2,0.000000,-0.000000,0.918982
3,-0.003764,0.041942,0.918982
4,-0.007529,0.083883,0.918982
0,0.043212,-0.010582,0.977059
1,0.021606,-0.005291,0.977059
2,-0.000000,0.000000,0.977059
3,-0.021606,0.005291,0.977059
4,-0.043212,0.010582,0.977059
0,-0.033327,-0.004032,0.986924
1,-0.016664,-0.002016,0.986924
2,-0.000000,-0.000000,0.986924
3,0.016664,0.002016,0.986924
4,0.033327,0.004032,0.986924
0,-0.086390,0.007487,0.914244
1,-0.043195,0.003744,0.914244
2,-0.000000,-0.000000,0.914244
3,0.043195,-0.003744,0.914244
4,0.086390,-0.007487,0.914244
0,-0.037289,0.031858,0.972144
1,-0.018645,0.015929,0.972144
2,-0.000000,-0.000000,0.972144
3,0.018645,-0.015929,0.972144
4,0.037289,-0.031858,0.972144
0,0.067208,-0.062086,0.904812
1,0.033604,-0.031043,0.904812
2,0.000000,-0.000000,0.904812
3,-0.033604,0.031043,0.904812
4,-0.067208,0.062086,0.904812
0,-0.036520,-0.069286,0.929707
1,-0.018260,-0.034643,0.929707
2,0.000000,-0.000000,0.929707
3,0.018260,0.034643,0.929707
4,0.036520,0.069286,0.929707
0,0.084479,-0.016614,0.915426
1,0.042239,-0.008307,0.915426
2,-0.000000,-0.000000,0.915426
3,-0.042239,0.008307,0.915426
4,-0.084479,0.016614,0.915426
0,0.064154,-0.027203,0.944129
1,0.032077,-0.013602,0.944129
2,0.000000,-0.000000,0.944129
3,-0.032077,0.013602,0.944129
4,-0.064154,0.027203,0.944129
0,-0.001392,-0.019475,0.995579
1,-0.000696,-0.009737,0.995579
2,-0.000000,-0.000000,0.995579
3,0.000696,0.009737,0.995579
4,0.001392,0.019475,0.995579
0,0.020014,-0.071376,0.936902
1,0.010007,-0.035688,0.936902
2,-0.000000,0.000000,0.936902
3,-0.010007,0.035688,0.936902
4,-0.020014,0.071376,0.936902
0,0.010660,0.033464,0.985689
1,0.005330,0.016732,0.985689
2,0.000000,-0.000000,0.985689
3,-0.005330,-0.016732,0.985689
4,-0.010660,-0.033464,0.985689
0,-0.030531,-0.084379,0.908340
1,-0.015266,-0.042189,0.908340
2,-0.000000,-0.000000,0.908340
3,0.015266,0.042189,0.908340
4,0.030531,0.084379,0.908340
0,0.018821,-0.036131,0.980754
1,0.009411,-0.018065,0.980754
2,-0.000000,-0.000000,0.980754
3,-0.009411,0.018065,0.980754
4,-0.018821,0.036131,0.980754
0,-0.090431,-0.017331,0.903638
1,-0.045215,-0.008665,0.903638
2,-0.000000,-0.000000,0.903638
3,0.045215,0.008665,0.903638
4,0.090431,0.017331,0.903638
0,0.047058,0.053427,0.941716
1,0.023529,0.026713,0.941716
2,0.000000,-0.000000,0.941716
3,-0.023529,-0.026713,0.941716
4,-0.047058,-0.053427,0.941716
0,0.061176,0.037500,0.940812
1,0.030588,0.018750,0.940812
2,0.000000,0.000000,0.940812
3,-0.030588,-0.018750,0.940812
4,-0.061176,-0.037500,0.940812
0,-0.025980,-0.014570,0.989704
1,-0.012990,-0.007285,0.989704
2,0.000000,0.000000,0.989704
3,0.012990,0.007285,0.989704
4,0.025980,0.014570,0.989704
0,-0.051360,-0.068130,0.916906
1,-0.025680,-0.034065,0.916906
2,-0.000000,-0.000000,0.916906
3,0.025680,0.034065,0.916906
4,0.051360,0.068130,0.916906
0,-0.044400,-0.013942,0.974907
1,-0.022200,-0.006971,0.974907
2,0.000000,-0.000000,0.974907
3,0.022200,0.006971,0.974907
4,0.044400,0.013942,0.974907
0,0.059055,-0.013031,0.957775
1,0.029527,-0.006515,0.957775
2,0.000000,-0.000000,0.957775
3,-0.029527,0.006515,0.957775
4,-0.059055,0.013031,0.957775
0,-0.072063,0.012993,0.938404
1,-0.036031,0.006497,0.938404
2,-0.000000,-0.000000,0.938404
3,0.036031,-0.006497,0.938404
4,0.072063,-0.012993,0.938404
0,0.003724,-0.032962,0.987233
1,0.001862,-0.016481,0.987233
2,-0.000000,-0.000000,0.987233
3,-0.001862,0.016481,0.987233
4,-0.003724,0.032962,0.987233
0,0.016248,0.020253,0.992177
1,0.008124,0.010126,0.992177
2,-0.000000,0.000000,0.992177
3,-0.008124,-0.010126,0.992177
4,-0.016248,-0.020253,0.992177
0,-0.059218,0.024013,0.952910
1,-0.029609,0.012007,0.952910
2,-0.000000,0.000000,0.952910
3,0.029609,-0.012007,0.952910
4,0.059218,-0.024013,0.952910
0,-0.075878,-0.029712,0.924037
1,-0.037939,-0.014856,0.924037
2,0.000000,0.000000,0.924037
3,0.037939,0.014856,0.924037
4,0.075878,0.029712,0.924037
0,0.030546,0.051163,0.958993
1,0.015273,0.025582,0.958993
2,0.000000,0.000000,0.958993
3,-0.015273,-0.025582,0.958993
4,-0.030546,-0.051163,0.958993
0,0.015626,-0.061096,0.954125
1,0.007813,-0.030548,0.954125
2,-0.000000,0.000000,0.954125
3,-0.007813,0.030548,0.954125
4,-0.015626,0.061096,0.954125
0,-0.059498,0.046276,0.934799
1,-0.029749,0.023138,0.934799
2,0.000000,0.000000,0.934799
3,0.029749,-0.023138,0.934799
4,0.059498,-0.046276,0.934799
0,-0.004528,-0.080705,0.925228
1,-0.002264,-0.040352,0.925228
2,-0.000000,-0.000000,0.925228
3,0.002264,0.040352,0.925228
4,0.004528,0.080705,0.925228
0,0.017919,0.005787,0.995888
1,0.008959,0.002894,0.995888
2,-0.000000,0.000000,0.995888
3,-0.008959,-0.002894,0.995888
4,-0.017919,-0.005787,0.995888
0,0.056358,-0.037946,0.946850
1,0.028179,-0.018973,0.946850
2,-0.000000,0.000000,0.946850
3,-0.028179,0.018973,0.946850
4,-0.056358,0.037946,0.946850
0,-0.079326,-0.005304,0.927615
1,-0.039663,-0.002652,0.927615
2,-0.000000,-0.000000,0.927615
3,0.039663,0.002652,0.927615
4,0.079326,0.005304,0.927615
0,-0.012648,-0.024915,0.990941
1,-0.006324,-0.012457,0.990941
2,0.000000,-0.000000,0.990941
3,0.006324,0.012457,0.990941
4,0.012648,0.024915,0.990941
0,-0.063147,0.060096,0.913356
1,-0.031574,0.030048,0.913356
2,0.000000,-0.000000,0.913356
3,0.031574,-0.030048,0.913356
4,0.063147,-0.060096,0.913356
0,0.013811,-0.090888,0.903933
1,0.006906,-0.045444,0.903933
2,-0.000000,0.000000,0.903933
3,-0.006906,0.045444,0.903933
4,-0.013811,0.090888,0.903933
0,-0.036163,0.061110,0.942018
1,-0.018082,0.030555,0.942018
2,-0.000000,-0.000000,0.942018
3,0.018082,-0.030555,0.942018
4,0.036163,-0.061110,0.942018
0,0.051903,-0.025372,0.961432
1,0.025951,-0.012686,0.961432
2,0.000000,0.000000,0.961432
3,-0.025951,0.012686,0.961432
4,-0.051903,0.025372,0.961432
0,0.042314,0.001550,0.979214
1,0.021157,0.000775,0.979214
2,0.000000,-0.000000,0.979214
3,-0.021157,-0.000775,0.979214
4,-0.042314,-0.001550,0.979214
0,0.073222,-0.057007,0.902171
1,0.036611,-0.028504,0.902171
2,0.000000,-0.000000,0.902171
3,-0.036611,0.028504,0.902171
4,-0.073222,0.057007,0.902171
0,0.008732,-0.029399,0.989086
1,0.004366,-0.014699,0.989086
2,-0.000000,0.000000,0.989086
3,-0.004366,0.014699,0.989086
4,-0.008732,0.029399,0.989086
0,-0.041776,0.029998,0.969383
1,-0.020888,0.014999,0.969383
2,-0.000000,0.000000,0.969383
3,0.020888,-0.014999,0.969383
4,0.041776,-0.029998,0.969383
0,0.077744,-0.003187,0.930605
1,0.038872,-0.001593,0.930605
2,0.000000,-0.000000,0.930605
3,-0.038872,0.001593,0.930605
4,-0.077744,0.003187,0.930605
0,0.015032,-0.008679,0.996506
1,0.007516,-0.004340,0.996506
2,-0.000000,-0.000000,0.996506
3,-0.007516,0.004340,0.996506
4,-0.015032,0.008679,0.996506
0,-0.061376,-0.057902,0.918687
1,-0.030688,-0.028951,0.918687
2,-0.000000,-0.000000,0.918687
3,0.030688,0.028951,0.918687
4,0.061376,0.057902,0.918687
0,0.028256,0.018846,0.986615
1,0.014128,0.009423,0.986615
2,-0.000000,-0.000000,0.986615
3,-0.014128,-0.009423,0.986615
4,-0.028256,-0.018846,0.986615
0,-0.057607,-0.035274,0.947455
1,-0.028804,-0.017637,0.947455
2,0.000000,0.000000,0.947455
3,0.028804,0.017637,0.947455
4,0.057607,0.035274,0.947455
0,-0.016796,0.021103,0.991559
1,-0.008398,0.010552,0.991559
2,0.000000,0.000000,0.991559
3,0.008398,-0.010552,0.991559
4,0.016796,-0.021103,0.991559
0,0.080626,0.032330,0.913948
1,0.040313,0.016165,0.913948
2,0.000000,0.000000,0.913948
3,-0.040313,-0.016165,0.913948
4,-0.080626,-0.032330,0.913948
0,-0.071987,-0.025673,0.933001
1,-0.035994,-0.012837,0.933001
2,-0.000000,-0.000000,0.933001
3,0.035994,0.012837,0.933001
4,0.071987,0.025673,0.933001
0,0.003414,0.013532,0.997743
1,0.001707,0.006766,0.997743
2,0.000000,0.000000,0.997743
3,-0.001707,-0.006766,0.997743
4,-0.003414,-0.013532,0.997743
0,-0.039615,-0.073783,0.919874
1,-0.019807,-0.036891,0.919874
2,-0.000000,-0.000000,0.919874
3,0.019807,0.036891,0.919874
4,0.039615,0.073782,0.919874
0,-0.044962,0.017435,0.973064
1,-0.022481,0.008717,0.973064
2,0.000000,0.000000,0.973064
3,0.022481,-0.008717,0.973064
4,0.044962,-0.017435,0.973064
0,-0.069852,0.001758,0.943829
1,-0.034926,0.000879,0.943829
2,0.000000,0.000000,0.943829
3,0.034926,-0.000879,0.943829
4,0.069852,-0.001758,0.943829
0,-0.008288,0.084602,0.917500
1,-0.004144,0.042301,0.917500
2,0.000000,0.000000,0.917500
3,0.004144,-0.042301,0.917500
4,0.008288,-0.084602,0.917500
0,0.009850,-0.049412,0.970609
1,0.004925,-0.024706,0.970609
2,0.000000,-0.000000,0.970609
3,-0.004925,0.024706,0.970609
4,-0.009850,0.049412,0.970609
0,-0.031016,0.026913,0.980446
1,-0.015508,0.013456,0.980446
2,0.000000,-0.000000,0.980446
3,0.015508,-0.013456,0.980446
4,0.031016,-0.026913,0.980446
0,-0.000047,-0.004652,0.999750
1,-0.000023,-0.002326,0.999750
2,-0.000000,0.000000,0.999750
3,0.000023,0.002326,0.999750
4,0.000047,0.004652,0.999750
0,0.041081,-0.058718,0.940963
1,0.020541,-0.029359,0.940963
2,0.000000,0.000000,0.940963
3,-0.020541,0.029359,0.940963
4,-0.041081,0.058718,0.940963
0,-0.021027,-0.002381,0.994806
1,-0.010513,-0.001190,0.994806
2,-0.000000,-0.000000,0.994806
3,0.010513,0.001190,0.994806
4,0.021027,0.002381,0.994806
0,0.041294,0.021147,0.975061
1,0.020647,0.010574,0.975061
2,-0.000000,-0.000000,0.975061
3,-0.020647,-0.010574,0.975061
4,-0.041294,-0.021147,0.975061
0,0.020563,-0.063823,0.948211
1,0.010282,-0.031912,0.948211
2,0.000000,0.000000,0.948211
3,-0.010282,0.031912,0.948211
4,-0.020563,0.063823,0.948211
0,0.002726,-0.075942,0.933750
1,0.001363,-0.037971,0.933750
2,0.000000,-0.000000,0.933750
3,-0.001363,0.037971,0.933750
4,-0.002726,0.075942,0.933750
0,-0.038723,-0.058506,0.943375
1,-0.019362,-0.029253,0.943375
2,-0.000000,-0.000000,0.943375
3,0.019362,0.029253,0.943375
4,0.038723,0.058506,0.943375
0,-0.010135,0.005045,0.998515
1,-0.005068,0.002523,0.998515
2,0.000000,-0.000000,0.998515
3,0.005068,-0.002523,0.998515
4,0.010135,-0.005045,0.998515
0,0.081726,0.016353,0.920616
1,0.040863,0.008177,0.920616
2,0.000000,-0.000000,0.920616
3,-0.040863,-0.008177,0.920616
4,-0.081726,-0.016353,0.920616
0,-0.020087,0.037806,0.978752
1,-0.010043,0.018903,0.978752
2,-0.000000,-0.000000,0.978752
3,0.010043,-0.018903,0.978752
4,0.020087,-0.037806,0.978752
0,0.022357,-0.090285,0.901732
1,0.011178,-0.045143,0.901732
2,-0.000000,0.000000,0.901732
3,-0.011178,0.045143,0.901732
4,-0.022357,0.090285,0.901732
0,-0.072318,0.003485,0.939758
1,-0.036159,0.001742,0.939758
2,-0.000000,0.000000,0.939758
3,0.036159,-0.001742,0.939758
4,0.072318,-0.003485,0.939758
0,-0.069291,0.054751,0.911140
1,-0.034646,0.027375,0.911140
2,-0.000000,0.000000,0.911140
3,0.034646,-0.027375,0.911140
4,0.069291,-0.054751,0.911140
0,-0.002839,-0.085818,0.915870
1,-0.001419,-0.042909,0.915870
2,-0.000000,0.000000,0.915870
3,0.001419,0.042909,0.915870
4,0.002839,0.085818,0.915870
0,-0.036901,0.051008,0.954277
1,-0.018451,0.025504,0.954277
2,0.000000,-0.000000,0.954277
3,0.018451,-0.025504,0.954277
4,0.036901,-0.051008,0.954277
0,-0.035867,-0.010962,0.983683
1,-0.017934,-0.005481,0.983683
2,-0.000000,0.000000,0.983683
3,0.017934,0.005481,0.983683
4,0.035867,0.010962,0.983683
0,0.055318,0.007150,0.964028
1,0.027659,0.003575,0.964028
2,-0.000000,0.000000,0.964028
3,-0.027659,-0.003575,0.964028
4,-0.055318,-0.007150,0.964028
0,-0.061221,-0.052654,0.925378
1,-0.030610,-0.026327,0.925378
2,0.000000,-0.000000,0.925378
3,0.030610,0.026327,0.925378
4,0.061221,0.052654,0.925378
0,-0.033473,0.030421,0.976290
1,-0.016737,0.015210,0.976290
2,0.000000,-0.000000,0.976290
3,0.016737,-0.015210,0.976290
4,0.033473,-0.030421,0.976290
0,0.080645,0.048587,0.899390
1,0.040322,0.024294,0.899390
2,0.000000,0.000000,0.899390
3,-0.040322,-0.024294,0.899390
4,-0.080645,-0.048587,0.899390
0,-0.007289,0.033770,0.986152
1,-0.003644,0.016885,0.986152
2,0.000000,0.000000,0.986152
3,0.003644,-0.016885,0.986152
4,0.007289,-0.033770,0.986152
0,0.077269,0.018356,0.927765
1,0.038634,0.009178,0.927765
2,0.000000,-0.000000,0.927765
3,-0.038634,-0.009178,0.927765
4,-0.077269,-0.018356,0.927765
0,-0.019000,-0.020160,0.991095
1,-0.009500,-0.010080,0.991095
2,-0.000000,0.000000,0.991095
3,0.009500,0.010080,0.991095
4,0.019000,0.020160,0.991095
0,0.031502,-0.025047,0.981217
1,0.015751,-0.012523,0.981217
2,-0.000000,0.000000,0.981217
3,-0.015751,0.012523,0.981217
4,-0.031502,0.025047,0.981217
0,-0.022124,0.067375,0.942169
1,-0.011062,0.033688,0.942169
2,0.000000,-0.000000,0.942169
3,0.011062,-0.033688,0.942169
4,0.022124,-0.067375,0.942169
0,-0.057652,0.000715,0.961584
1,-0.028826,0.000357,0.961584
2,0.000000,0.000000,0.961584
3,0.028826,-0.000357,0.961584
4,0.057652,-0.000715,0.961584
0,-0.054337,-0.023057,0.959754
1,-0.027168,-0.011529,0.959754
2,0.000000,-0.000000,0.959754
3,0.027168,0.011529,0.959754
4,0.054337,0.023057,0.959754
0,0.035174,0.062861,0.940361
1,0.017587,0.031431,0.940361
2,-0.000000,0.000000,0.940361
3,-0.017587,-0.031431,0.940361
4,-0.035174,-0.062861,0.940361
0,-0.077113,-0.009729,0.930753
1,-0.038556,-0.004865,0.930753
2,0.000000,0.000000,0.930753
3,0.038556,0.004865,0.930753
4,0.077113,0.009729,0.930753
0,-0.075283,0.040645,0.916463
1,-0.037641,0.020323,0.916463
2,-0.000000,0.000000,0.916463
3,0.037641,-0.020323,0.916463
4,0.075283,-0.040645,0.916463
0,0.061690,0.010227,0.954885
1,0.030845,0.005114,0.954885
2,-0.000000,-0.000000,0.954885
3,-0.030845,-0.005114,0.954885
4,-0.061690,-0.010227,0.954885
0,-0.036118,-0.082869,0.907015
1,-0.018059,-0.041435,0.907015
2,0.000000,-0.000000,0.907015
3,0.018059,0.041435,0.907015
4,0.036118,0.082869,0.907015
0,-0.052698,0.044559,0.945188
1,-0.026349,0.022280,0.945188
2,0.000000,-0.000000,0.945188
3,0.026349,-0.022280,0.945188
4,0.052698,-0.044559,0.945188
0,0.046134,0.070555,0.918834
1,0.023067,0.035278,0.918834
2,0.000000,-0.000000,0.918834
3,-0.023067,-0.035278,0.918834
4,-0.046134,-0.070555,0.918834
0,-0.084330,-0.029107,0.909373
1,-0.042165,-0.014554,0.909373
2,-0.000000,0.000000,0.909373
3,0.042165,0.014554,0.909373
4,0.084330,0.029107,0.909373
0,-0.045077,0.028513,0.967085
1,-0.022538,0.014257,0.967085
2,0.000000,0.000000,0.967085
3,0.022538,-0.014257,0.967085
4,0.045077,-0.028513,0.967085
0,-0.064111,-0.003630,0.952454
1,-0.032055,-0.001815,0.952454
2,0.000000,-0.000000,0.952454
3,0.032055,0.001815,0.952454
4,0.064111,0.003630,0.952454
0,-0.022709,-0.043624,0.971990
1,-0.011355,-0.021812,0.971990
2,0.000000,-0.000000,0.971990
3,0.011355,0.021812,0.971990
4,0.022709,0.043624,0.971990
0,-0.035282,-0.017934,0.981833
1,-0.017641,-0.008967,0.981833
2,-0.000000,0.000000,0.981833
3,0.017641,0.008967,0.981833
4,0.035282,0.017934,0.981833
0,-0.041931,-0.011308,0.978137
1,-0.020965,-0.005654,0.978137
2,-0.000000,0.000000,0.978137
3,0.020965,0.005654,0.978137
4,0.041931,0.011308,0.978137
0,0.056317,0.074383,0.901146
1,0.028158,0.037192,0.901146
2,-0.000000,0.000000,0.901146
3,-0.028158,-0.037192,0.901146
4,-0.056317,-0.074383,0.901146
0,-0.019534,0.015034,0.992950
1,-0.009767,0.007517,0.992950
2,-0.000000,-0.000000,0.992950
3,0.009767,-0.007517,0.992950
4,0.019534,-0.015034,0.992950
0,0.069936,0.050348,0.915277
1,0.034968,0.025174,0.915277
2,-0.000000,0.000000,0.915277
3,-0.034968,-0.025174,0.915277
4,-0.069936,-0.050348,0.915277
0,-0.059169,0.069118,0.905840
1,-0.029585,0.034559,0.905840
2,0.000000,0.000000,0.905840
3,0.029585,-0.034559,0.905840
4,0.059169,-0.069118,0.905840
0,0.063796,0.028269,0.943979
1,0.031898,0.014135,0.943979
2,0.000000,-0.000000,0.943979
3,-0.031898,-0.014135,0.943979
4,-0.063796,-0.028269,0.943979
0,-0.035657,0.065092,0.936750
1,-0.017828,0.032546,0.936750
2,0.000000,-0.000000,0.936750
3,0.017828,-0.032546,0.936750
4,0.035657,-0.065092,0.936750
0,0.034577,0.082884,0.908194
1,0.017288,0.041442,0.908194
2,0.000000,0.000000,0.908194
3,-0.017288,-0.041442,0.908194
4,-0.034577,-0.082884,0.908194
0,-0.013088,-0.056624,0.960974
1,-0.006544,-0.028312,0.960974
2,0.000000,-0.000000,0.960974
3,0.006544,0.028312,0.960974
4,0.013088,0.056624,0.960974
0,-0.034710,0.075246,0.921509
1,-0.017355,0.037623,0.921509
2,0.000000,-0.000000,0.921509
3,0.017355,-0.037623,0.921509
4,0.034710,-0.075246,0.921509
0,0.022541,-0.054309,0.960060
1,0.011270,-0.027154,0.960060
2,-0.000000,0.000000,0.960060
3,-0.011270,0.027154,0.960060
4,-0.022541,0.054309,0.960060
0,0.007840,0.041127,0.979676
1,0.003920,0.020563,0.979676
2,0.000000,0.000000,0.979676
3,-0.003920,-0.020563,0.979676
4,-0.007840,-0.041127,0.979676
0,-0.040613,-0.047268,0.955188
1,-0.020306,-0.023634,0.955188
2,-0.000000,-0.000000,0.955188
3,0.020306,0.023634,0.955188
4,0.040613,0.047268,0.955188
0,0.023651,-0.040245,0.974754
1,0.011826,-0.020122,0.974754
2,-0.000000,0.000000,0.974754
3,-0.011826,0.020122,0.974754
4,-0.023651,0.040245,0.974754
0,0.046482,0.058547,0.935850
1,0.023241,0.029273,0.935850
2,-0.000000,0.000000,0.935850
3,-0.023241,-0.029273,0.935850
4,-0.046482,-0.058547,0.935850
0,-0.004717,-0.015463,0.996970
1,-0.002359,-0.007731,0.996970
2,0.000000,0.000000,0.996970
3,0.002359,0.007731,0.996970
4,0.004717,0.015463,0.996970
0,-0.070057,0.046602,0.919132
1,-0.035029,0.023301,0.919132
2,-0.000000,-0.000000,0.919132
3,0.035029,-0.023301,0.919132
4,0.070057,-0.046602,0.919132
0,-0.006037,0.093530,0.900269
1,-0.003018,0.046765,0.900269
2,0.000000,0.000000,0.900269
3,0.003018,-0.046765,0.900269
4,0.006037,-0.093530,0.900269
0,0.002286,-0.089033,0.909667
1,0.001143,-0.044516,0.909667
2,-0.000000,-0.000000,0.909667
3,-0.001143,0.044516,0.909667
4,-0.002286,0.089033,0.909667
0,0.048054,0.009106,0.972297
1,0.024027,0.004553,0.972297
2,0.000000,-0.000000,0.972297
3,-0.024027,-0.004553,0.972297
4,-0.048054,-0.009106,0.972297
0,0.009042,-0.038184,0.982141
1,0.004521,-0.019092,0.982141
2,-0.000000,0.000000,0.982141
3,-0.004521,0.019092,0.982141
4,-0.009042,0.038184,0.982141
0,0.038494,0.035070,0.968617
1,0.019247,0.017535,0.968617
2,0.000000,-0.000000,0.968617
3,-0.019247,-0.017535,0.968617
4,-0.038494,-0.035070,0.968617
0,-0.067063,0.040293,0.929855
1,-0.033531,0.020146,0.929855
2,-0.000000,-0.000000,0.929855
3,0.033531,-0.020146,0.929855
4,0.067063,-0.040293,0.929855
0,-0.065786,-0.055422,0.915573
1,-0.032893,-0.027711,0.915573
2,0.000000,0.000000,0.915573
3,0.032893,0.027711,0.915573
4,0.065786,0.055422,0.915573
0,0.039560,-0.039660,0.963722
1,0.019780,-0.019830,0.963722
2,-0.000000,-0.000000,0.963722
3,-0.019780,0.019830,0.963722
4,-0.039560,0.039660,0.963722
0,0.032861,0.073941,0.925080
1,0.016430,0.036970,0.925080
2,0.000000,0.000000,0.925080
3,-0.016430,-0.036970,0.925080
4,-0.032861,-0.073941,0.925080
0,-0.009978,0.016381,0.995733
1,-0.004989,0.008190,0.995733
2,-0.000000,-0.000000,0.995733
3,0.004989,-0.008190,0.995733
4,0.009978,-0.016381,0.995733
0,0.055554,-0.026283,0.956405
1,0.027777,-0.013142,0.956405
2,0.000000,0.000000,0.956405
3,-0.027777,0.013142,0.956405
4,-0.055554,0.026283,0.956405
0,-0.043663,-0.031912,0.966168
1,-0.021831,-0.015956,0.966168
2,0.000000,-0.000000,0.966168
3,0.021831,0.015956,0.966168
4,0.043663,0.031912,0.966168
0,0.023632,-0.075997,0.927466
1,0.011816,-0.037999,0.927466
2,-0.000000,0.000000,0.927466
3,-0.011816,0.037999,0.927466
4,-0.023632,0.075997,0.927466
0,-0.053141,0.037139,0.951544
1,-0.026570,0.018570,0.951544
2,0.000000,0.000000,0.951544
3,0.026570,-0.018570,0.951544
4,0.053141,-0.037139,0.951544
0,-0.039796,0.007913,0.980908
1,-0.019898,0.003956,0.980908
2,-0.000000,-0.000000,0.980908
3,0.019898,-0.003956,0.980908
4,0.039796,-0.007913,0.980908
0,0.042240,0.041552,0.959450
1,0.021120,0.020776,0.959450
2,0.000000,0.000000,0.959450
3,-0.021120,-0.020776,0.959450
4,-0.042240,-0.041552,0.959450
0,0.017677,-0.086370,0.911435
1,0.008839,-0.043185,0.911435
2,0.000000,0.000000,0.911435
3,-0.008839,0.043185,0.911435
4,-0.017677,0.086370,0.911435
0,-0.019802,-0.011644,0.993878
1,-0.009901,-0.005822,0.993878
2,-0.000000,0.000000,0.993878
3,0.009901,0.005822,0.993878
4,0.019802,0.011644,0.993878
0,-0.053017,-0.073400,0.906721
1,-0.026509,-0.036700,0.906721
2,-0.000000,-0.000000,0.906721
3,0.026509,0.036700,0.906721
4,0.053017,0.073400,0.906721
0,-0.052637,-0.017718,0.964334
1,-0.026319,-0.008859,0.964334
2,-0.000000,-0.000000,0.964334
3,0.026319,0.008859,0.964334
4,0.052637,0.017718,0.964334
0,0.069203,-0.048414,0.918537
1,0.034602,-0.024207,0.918537
2,-0.000000,-0.000000,0.918537
3,-0.034602,0.024207,0.918537
4,-0.069203,0.048414,0.918537
0,-0.031648,-0.037997,0.971683
1,-0.015824,-0.018999,0.971683
2,0.000000,-0.000000,0.971683
3,0.015824,0.018999,0.971683
4,0.031648,0.037997,0.971683
0,0.024336,0.031636,0.981524
1,0.012168,0.015818,0.981524
2,0.000000,-0.000000,0.981524
3,-0.012168,-0.015818,0.981524
4,-0.024336,-0.031636,0.981524
0,-0.014422,0.000289,0.997588
1,-0.007211,0.000145,0.997588
2,0.000000,-0.000000,0.997588
3,0.007211,-0.000145,0.997588
4,0.014422,-0.000289,0.997588
0,0.035098,0.026093,0.977829
1,0.017549,0.013046,0.977829
2,0.000000,0.000000,0.977829
3,-0.017549,-0.013046,0.977829
4,-0.035098,-0.026093,0.977829
0,-0.067372,-0.027981,0.938855
1,-0.033686,-0.013991,0.938855
2,-0.000000,-0.000000,0.938855
3,0.033686,0.013991,0.938855
4,0.067372,0.027981,0.938855
0,-0.086487,0.019969,0.910256
1,-0.043244,0.009984,0.910256
2,0.000000,0.000000,0.910256
3,0.043244,-0.009984,0.910256
4,0.086487,-0.019969,0.910256
0,-0.062482,-0.011809,0.953366
1,-0.031241,-0.005905,0.953366
2,-0.000000,0.000000,0.953366
3,0.031241,0.005905,0.953366
4,0.062482,0.011809,0.953366
0,-0.006886,-0.047869,0.972911
1,-0.003443,-0.023934,0.972911
2,-0.000000,0.000000,0.972911
3,0.003443,0.023934,0.972911
4,0.006886,0.047869,0.972911
0,-0.013366,0.060429,0.955796
1,-0.006683,0.030215,0.955796
2,-0.000000,0.000000,0.955796
3,0.006683,-0.030215,0.955796
4,0.013366,-0.060429,0.955796
0,0.084263,-0.031489,0.907899
1,0.042132,-0.015745,0.907899
2,0.000000,-0.000000,0.907899
3,-0.042132,0.015745,0.907899
4,-0.084263,0.031489,0.907899
0,-0.025178,0.014607,0.990168
1,-0.012589,0.007304,0.990168
2,-0.000000,-0.000000,0.990168
3,0.012589,-0.007304,0.990168
4,0.025178,-0.014607,0.990168
0,0.063452,0.032905,0.941265
1,0.031726,0.016452,0.941265
2,-0.000000,0.000000,0.941265
3,-0.031726,-0.016452,0.941265
4,-0.063452,-0.032905,0.941265
0,0.037642,-0.017108,0.980177
1,0.018821,-0.008554,0.980177
2,-0.000000,-0.000000,0.980177
3,-0.018821,0.008554,0.980177
4,-0.037642,0.017108,0.980177
0,-0.060717,-0.069581,0.903088
1,-0.030358,-0.034791,0.903088
2,-0.000000,-0.000000,0.903088
3,0.030358,0.034791,0.903088
4,0.060717,0.069581,0.903088
0,-0.028490,-0.006754,0.990052
1,-0.014245,-0.003377,0.990052
2,0.000000,-0.000000,0.990052
3,0.014245,0.003377,0.990052
4,0.028490,0.006754,0.990052
0,0.050509,0.003272,0.970341
1,0.025255,0.001636,0.970341
2,0.000000,0.000000,0.970341
3,-0.025255,-0.001636,0.970341
4,-0.050509,-0.003272,0.970341
0,-0.002855,0.035711,0.985110
1,-0.001428,0.017856,0.985110
2,0.000000,0.000000,0.985110
3,0.001428,-0.017856,0.985110
4,0.002855,-0.035711,0.985110
0,0.055297,-0.071022,0.907790
1,0.027649,-0.035511,0.907790
2,-0.000000,-0.000000,0.907790
3,-0.027649,0.035511,0.907790
4,-0.055297,0.071022,0.907790
0,-0.062869,-0.062740,0.910144
1,-0.031434,-0.031370,0.910144
2,-0.000000,-0.000000,0.910144
3,0.031434,0.031370,0.910144
4,0.062869,0.062740,0.910144
0,-0.052629,0.002267,0.967890
1,-0.026315,0.001133,0.967890
2,-0.000000,-0.000000,0.967890
3,0.026315,-0.001133,0.967890
4,0.052629,-0.002267,0.967890
0,-0.028636,-0.073240,0.929147
1,-0.014318,-0.036620,0.929147
2,0.000000,-0.000000,0.929147
3,0.014318,0.036620,0.929147
4,0.028636,0.073240,0.929147
0,0.036993,-0.031310,0.972796
1,0.018497,-0.015655,0.972796
2,-0.000000,0.000000,0.972796
3,-0.018497,0.015655,0.972796
4,-0.036993,0.031310,0.972796
0,-0.022111,0.031743,0.982642
1,-0.011055,0.015872,0.982642
2,0.000000,-0.000000,0.982642
3,0.011055,-0.015872,0.982642
4,0.022111,-0.031743,0.982642
0,-0.015083,0.076486,0.930343
1,-0.007541,0.038243,0.930343
2,0.000000,-0.000000,0.930343
3,0.007541,-0.038243,0.930343
4,0.015083,-0.076486,0.930343
0,0.009755,-0.062062,0.954466
1,0.004878,-0.031031,0.954466
2,0.000000,0.000000,0.954466
3,-0.004878,0.031031,0.954466
4,-0.009755,0.062062,0.954466
0,0.044717,0.052911,0.944772
1,0.022359,0.026455,0.944772
2,0.000000,0.000000,0.944772
3,-0.022359,-0.026455,0.944772
4,-0.044717,-0.052911,0.944772
0,-0.076684,0.054472,0.899573
1,-0.038342,0.027236,0.899573
2,0.000000,-0.000000,0.899573
3,0.038342,-0.027236,0.899573
4,0.076684,-0.054472,0.899573
0,0.039394,0.007153,0.981409
1,0.019697,0.003576,0.981409
2,-0.000000,-0.000000,0.981409
3,-0.019697,-0.003576,0.981409
4,-0.039394,-0.007153,0.981409
0,0.012824,-0.056064,0.961776
1,0.006412,-0.028032,0.961776
2,-0.000000,-0.000000,0.961776
3,-0.006412,0.028032,0.961776
4,-0.012824,0.056064,0.961776
0,0.068753,0.046365,0.921396
1,0.034376,0.023183,0.921396
2,-0.000000,0.000000,0.921396
3,-0.034376,-0.023183,0.921396
4,-0.068753,-0.046365,0.921396
0,0.069315,-0.061456,0.902501
1,0.034657,-0.030728,0.902501
2,-0.000000,0.000000,0.902501
3,-0.034657,0.030728,0.902501
4,-0.069315,0.061456,0.902501
0,-0.069256,0.019382,0.940549
1,-0.034628,0.009691,0.940549
2,-0.000000,-0.000000,0.940549
3,0.034628,-0.009691,0.940549
4,0.069256,-0.019382,0.940549
0,0.046263,-0.062322,0.930942
1,0.023132,-0.031161,0.930942
2,-0.000000,0.000000,0.930942
3,-0.023132,0.031161,0.930942
4,-0.046263,0.062322,0.930942
0,0.011178,-0.012099,0.996854
1,0.005589,-0.006050,0.996854
2,0.000000,-0.000000,0.996854
3,-0.005589,0.006050,0.996854
4,-0.011178,0.012099,0.996854
0,0.016671,-0.061877,0.952644
1,0.008335,-0.030939,0.952644
2,0.000000,-0.000000,0.952644
3,-0.008335,0.030939,0.952644
4,-0.016671,0.061877,0.952644
0,0.015352,0.046545,0.972181
1,0.007676,0.023272,0.972181
2,-0.000000,-0.000000,0.972181
3,-0.007676,-0.023272,0.972181
4,-0.015352,-0.046545,0.972181
0,-0.055485,0.013259,0.962385
1,-0.027743,0.006630,0.962385
2,-0.000000,-0.000000,0.962385
3,0.027743,-0.006630,0.962385
4,0.055485,-0.013259,0.962385
0,-0.031971,-0.050516,0.958726
1,-0.015985,-0.025258,0.958726
2,-0.000000,-0.000000,0.958726
3,0.015985,0.025258,0.958726
4,0.031971,0.050516,0.958726
0,-0.077935,0.007558,0.929744
1,-0.038967,0.003779,0.929744
2,-0.000000,-0.000000,0.929744
3,0.038967,-0.003779,0.929744
4,0.077935,-0.007558,0.929744
0,-0.041974,0.055593,0.944167
1,-0.020987,0.027797,0.944167
2,0.000000,-0.000000,0.944167
3,0.020987,-0.027797,0.944167
4,0.041974,-0.055593,0.944167
0,0.080472,-0.049245,0.898988
1,0.040236,-0.024623,0.898988
2,-0.000000,-0.000000,0.898988
3,-0.040236,0.024623,0.898988
4,-0.080472,0.049245,0.898988
0,-0.055185,-0.049460,0.936939
1,-0.027593,-0.024730,0.936939
2,-0.000000,-0.000000,0.936939
3,0.027593,0.024730,0.936939
4,0.055185,0.049460,0.936939
0,-0.003987,0.028074,0.990670
1,-0.001993,0.014037,0.990670
2,-0.000000,-0.000000,0.990670
3,0.001993,-0.014037,0.990670
4,0.003987,-0.028074,0.990670
0,-0.026992,-0.030459,0.980792
1,-0.013496,-0.015229,0.980792
2,0.000000,-0.000000,0.980792
3,0.013496,0.015229,0.980792
4,0.026992,0.030459,0.980792
0,0.035116,-0.061906,0.941755
1,0.017558,-0.030953,0.941755
2,-0.000000,0.000000,0.941755
3,-0.017558,0.030953,0.941755
4,-0.035116,0.061906,0.941755
0,-0.075931,0.031697,0.922587
1,-0.037965,0.015849,0.922587
2,-0.000000,0.000000,0.922587
3,0.037965,-0.015849,0.922587
4,0.075931,-0.031697,0.922587
0,-0.041661,-0.000760,0.979869
1,-0.020831,-0.000380,0.979869
2,0.000000,0.000000,0.979869
3,0.020831,0.000380,0.979869
4,0.041661,0.000760,0.979869
0,-0.073735,-0.011608,0.936037
1,-0.036868,-0.005804,0.936037
2,-0.000000,0.000000,0.936037
3,0.036868,0.005804,0.936037
4,0.073735,0.011608,0.936037
0,-0.006249,-0.035652,0.984801
1,-0.003125,-0.017826,0.984801
2,0.000000,0.000000,0.984801
3,0.003125,0.017826,0.984801
4,0.006249,0.035652,0.984801
0,-0.031371,0.010623,0.987271
1,-0.015686,0.005312,0.987271
2,0.000000,0.000000,0.987271
3,0.015686,-0.005312,0.987271
4,0.031371,-0.010623,0.987271
0,0.050025,0.017294,0.967584
1,0.025013,0.008647,0.967584
2,-0.000000,0.000000,0.967584
3,-0.025013,-0.008647,0.967584
4,-0.050025,-0.017294,0.967584
0,0.033715,-0.084882,0.905142
1,0.016857,-0.042441,0.905142
2,0.000000,-0.000000,0.905142
3,-0.016857,0.042441,0.905142
4,-0.033715,0.084882,0.905142
0,0.069888,0.041864,0.924074
1,0.034944,0.020932,0.924074
2,-0.000000,-0.000000,0.924074
3,-0.034944,-0.020932,0.924074
4,-0.069888,-0.041864,0.924074
0,-0.010310,-0.005645,0.998399
1,-0.005155,-0.002822,0.998399
2,0.000000,-0.000000,0.998399
3,0.005155,0.002822,0.998399
4,0.010310,0.005645,0.998399
0,-0.017388,0.081574,0.920505
1,-0.008694,0.040787,0.920505
2,-0.000000,-0.000000,0.920505
3,0.008694,-0.040787,0.920505
4,0.017388,-0.081574,0.920505
0,0.017133,0.039360,0.978636
1,0.008566,0.019680,0.978636
2,0.000000,-0.000000,0.978636
3,-0.008566,-0.019680,0.978636
4,-0.017133,-0.039360,0.978636
0,0.067663,-0.052957,0.915760
1,0.033831,-0.026479,0.915760
2,-0.000000,-0.000000,0.915760
3,-0.033831,0.026479,0.915760
4,-0.067663,0.052957,0.915760
0,-0.051456,-0.036412,0.954162
1,-0.025728,-0.018206,0.954162
2,0.000000,0.000000,0.954162
3,0.025728,0.018206,0.954162
4,0.051456,0.036412,0.954162
0,0.013445,-0.045696,0.973717
1,0.006723,-0.022848,0.973717
2,0.000000,0.000000,0.973717
3,-0.006723,0.022848,0.973717
4,-0.013445,0.045696,0.973717
0,0.021953,0.072085,0.934837
1,0.010977,0.036042,0.934837
2,0.000000,-0.000000,0.934837
3,-0.010977,-0.036042,0.934837
4,-0.021953,-0.072085,0.934837
0,-0.030517,0.022031,0.983567
1,-0.015258,0.011015,0.983567
2,0.000000,-0.000000,0.983567
3,0.015258,-0.011015,0.983567
4,0.030517,-0.022031,0.983567
0,0.071988,0.055252,0.906319
1,0.035994,0.027626,0.906319
2,0.000000,-0.000000,0.906319
3,-0.035994,-0.027626,0.906319
4,-0.071988,-0.055252,0.906319
0,-0.057010,0.062606,0.918130
1,-0.028505,0.031303,0.918130
2,0.000000,0.000000,0.918130
3,0.028505,-0.031303,0.918130
4,0.057010,-0.062606,0.918130
0,-0.060009,0.031807,0.946887
1,-0.030004,0.015904,0.946887
2,0.000000,-0.000000,0.946887
3,0.030004,-0.015904,0.946887
4,0.060009,-0.031807,0.946887
0,-0.035488,0.071119,0.927652
1,-0.017744,0.035560,0.927652
2,0.000000,0.000000,0.927652
3,0.017744,-0.035560,0.927652
4,0.035488,-0.071119,0.927652
0,-0.065560,-0.039914,0.932438
1,-0.032780,-0.019957,0.932438
2,0.000000,0.000000,0.932438
3,0.032780,0.019957,0.932438
4,0.065560,0.039914,0.932438
0,0.077968,-0.025779,0.922884
1,0.038984,-0.012890,0.922884
2,0.000000,-0.000000,0.922884
3,-0.038984,0.012890,0.922884
4,-0.077968,0.025779,0.922884
0,-0.000453,0.009203,0.999017
1,-0.000226,0.004601,0.999017
2,0.000000,-0.000000,0.999017
3,0.000226,-0.004601,0.999017
4,0.000453,-0.009203,0.999017
0,0.049011,-0.067091,0.921098
1,0.024505,-0.033546,0.921098
2,0.000000,0.000000,0.921098
3,-0.024505,0.033546,0.921098
4,-0.049011,0.067091,0.921098
0,-0.078787,0.048995,0.902206
1,-0.039394,0.024498,0.902206
2,-0.000000,0.000000,0.902206
3,0.039394,-0.024498,0.902206
4,0.078787,-0.048995,0.902206
0,-0.023712,-0.019363,0.989125
1,-0.011856,-0.009682,0.989125
2,-0.000000,-0.000000,0.989125
3,0.011856,0.009682,0.989125
4,0.023712,0.019363,0.989125
0,-0.056212,0.053770,0.930642
1,-0.028106,0.026885,0.930642
2,-0.000000,0.000000,0.930642
3,0.028106,-0.026885,0.930642
4,0.056212,-0.053770,0.930642
0,0.029514,-0.046871,0.964524
1,0.014757,-0.023436,0.964524
2,-0.000000,-0.000000,0.964524
3,-0.014757,0.023436,0.964524
4,-0.029514,0.046871,0.964524
0,0.023505,-0.090931,0.899866
1,0.011753,-0.045466,0.899866
2,-0.000000,-0.000000,0.899866
3,-0.011753,0.045466,0.899866
4,-0.023505,0.090931,0.899866
0,0.013735,0.023140,0.991598
1,0.006868,0.011570,0.991598
2,0.000000,0.000000,0.991598
3,-0.006868,-0.011570,0.991598
4,-0.013735,-0.023140,0.991598
0,0.004002,-0.086756,0.913985
1,0.002001,-0.043378,0.913985
2,0.000000,-0.000000,0.913985
3,-0.002001,0.043378,0.913985
4,-0.004002,0.086756,0.913985
0,0.047314,-0.013789,0.971875
1,0.023657,-0.006894,0.971875
2,0.000000,-0.000000,0.971875
3,-0.023657,0.006894,0.971875
4,-0.047314,0.013789,0.971875
0,-0.039139,-0.006675,0.981717
1,-0.019570,-0.003337,0.981717
2,0.000000,-0.000000,0.981717
3,0.019570,0.003337,0.981717
4,0.039139,0.006675,0.981717
0,-0.057600,-0.058073,0.923478
1,-0.028800,-0.029036,0.923478
2,-0.000000,-0.000000,0.923478
3,0.028800,0.029036,0.923478
4,0.057600,0.058073,0.923478
0,-0.083247,0.008932,0.919911
1,-0.041624,0.004466,0.919911
2,-0.000000,0.000000,0.919911
3,0.041624,-0.004466,0.919911
4,0.083247,-0.008932,0.919911
0,0.072066,-0.010573,0.939044
1,0.036033,-0.005286,0.939044
2,0.000000,0.000000,0.939044
3,-0.036033,0.005286,0.939044
4,-0.072066,0.010573,0.939044
0,-0.063473,0.020594,0.948703
1,-0.031737,0.010297,0.948703
2,0.000000,0.000000,0.948703
3,0.031737,-0.010297,0.948703
4,0.063473,-0.020594,0.948703
0,-0.001374,0.086221,0.915166
1,-0.000687,0.043111,0.915166
2,-0.000000,0.000000,0.915166
3,0.000687,-0.043111,0.915166
4,0.001374,-0.086221,0.915166
0,-0.065677,0.037656,0.934237
1,-0.032838,0.018828,0.934237
2,0.000000,-0.000000,0.934237
3,0.032838,-0.018828,0.934237
4,0.065677,-0.037656,0.934237
0,-0.029096,0.063502,0.943866
1,-0.014548,0.031751,0.943866
2,0.000000,0.000000,0.943866
3,0.014548,-0.031751,0.943866
4,0.029096,-0.063502,0.943866
0,0.083038,-0.018101,0.917536
1,0.041519,-0.009050,0.917536
2,-0.000000,-0.000000,0.917536
3,-0.041519,0.009050,0.917536
4,-0.083038,0.018101,0.917536
0,-0.019057,0.029894,0.985419
1,-0.009529,0.014947,0.985419
2,0.000000,0.000000,0.985419
3,0.009529,-0.014947,0.985419
4,0.019057,-0.029894,0.985419
0,0.086445,0.024545,0.908083
1,0.043223,0.012273,0.908083
2,-0.000000,-0.000000,0.908083
3,-0.043223,-0.012273,0.908083
4,-0.086445,-0.024545,0.908083
0,0.062330,-0.027945,0.946282
1,0.031165,-0.013973,0.946282
2,0.000000,-0.000000,0.946282
3,-0.031165,0.013973,0.946282
4,-0.062330,0.027945,0.946282
0,-0.077569,-0.018807,0.927055
1,-0.038784,-0.009404,0.927055
2,-0.000000,-0.000000,0.927055
3,0.038784,0.009404,0.927055
4,0.077569,0.018807,0.927055
0,-0.005100,0.082285,0.922289
1,-0.002550,0.041142,0.922289
2,0.000000,-0.000000,0.922289
3,0.002550,-0.041142,0.922289
4,0.005100,-0.082285,0.922289
0,-0.004127,0.001132,0.999788
1,-0.002063,0.000566,0.999788
2,-0.000000,0.000000,0.999788
3,0.002063,-0.000566,0.999788
4,0.004127,-0.001132,0.999788
0,0.001353,-0.058529,0.960403
1,0.000677,-0.029265,0.960403
2,-0.000000,0.000000,0.960403
3,-0.000677,0.029265,0.960403
4,-0.001353,0.058529,0.960403
0,0.061598,0.042000,0.936188
1,0.030799,0.021000,0.936188
2,0.000000,-0.000000,0.936188
3,-0.030799,-0.021000,0.936188
4,-0.061598,-0.042000,0.936188
0,-0.018278,-0.070789,0.938593
1,-0.009139,-0.035395,0.938593
2,0.000000,0.000000,0.938593
3,0.009139,0.035395,0.938593
4,0.018278,0.070789,0.938593
0,-0.051373,-0.043055,0.948249
1,-0.025686,-0.021528,0.948249
2,0.000000,-0.000000,0.948249
3,0.025686,0.021528,0.948249
4,0.051373,0.043055,0.948249
0,0.006230,-0.038354,0.982488
1,0.003115,-0.019177,0.982488
2,0.000000,-0.000000,0.982488
3,-0.003115,0.019177,0.982488
4,-0.006230,0.038354,0.982488
0,0.039430,-0.071196,0.924222
1,0.019715,-0.035598,0.924222
2,-0.000000,-0.000000,0.924222
3,-0.019715,0.035598,0.924222
4,-0.039430,0.071196,0.924222
0,0.007169,0.008571,0.998554
1,0.003584,0.004285,0.998554
2,-0.000000,0.000000,0.998554
3,-0.003584,-0.004285,0.998554
4,-0.007169,-0.008571,0.998554
0,-0.009544,-0.082778,0.920653
1,-0.004772,-0.041389,0.920653
2,0.000000,-0.000000,0.920653
3,0.004772,0.041389,0.920653
4,0.009544,0.082778,0.920653
0,-0.071206,-0.031948,0.930193
1,-0.035603,-0.015974,0.930193
2,-0.000000,-0.000000,0.930193
3,0.035603,0.015974,0.930193
4,0.071206,0.031948,0.930193
0,-0.084154,0.016956,0.915909
1,-0.042077,0.008478,0.915909
2,0.000000,-0.000000,0.915909
3,0.042077,-0.008478,0.915909
4,0.084154,-0.016956,0.915909
0,0.036463,-0.083019,0.906465
1,0.018231,-0.041510,0.906465
2,0.000000,-0.000000,0.906465
3,-0.018231,0.041510,0.906465
4,-0.036463,0.083019,0.906465
0,-0.068849,-0.008508,0.944621
1,-0.034424,-0.004254,0.944621
2,-0.000000,-0.000000,0.944621
3,0.034424,0.004254,0.944621
4,0.068849,0.008508,0.944621
0,-0.013531,-0.012443,0.996081
1,-0.006766,-0.006221,0.996081
2,-0.000000,-0.000000,0.996081
3,0.006766,0.006221,0.996081
4,0.013531,0.012443,0.996081
0,-0.056260,0.047818,0.937389
1,-0.028130,0.023909,0.937389
2,-0.000000,0.000000,0.937389
3,0.028130,-0.023909,0.937389
4,0.056260,-0.047818,0.937389
0,0.034240,-0.004222,0.986190
1,0.017120,-0.002111,0.986190
2,-0.000000,0.000000,0.986190
3,-0.017120,0.002111,0.986190
4,-0.034240,0.004222,0.986190
0,-0.016501,0.065781,0.947038
1,-0.008250,0.032891,0.947038
2,0.000000,-0.000000,0.947038
3,0.008250,-0.032891,0.947038
4,0.016501,-0.065781,0.947038
0,0.025785,0.009959,0.991134
1,0.012893,0.004980,0.991134
2,0.000000,0.000000,0.991134
3,-0.012893,-0.004980,0.991134
4,-0.025785,-0.009959,0.991134
0,-0.021572,0.053438,0.961622
1,-0.010786,0.026719,0.961622
2,-0.000000,0.000000,0.961622
3,0.010786,-0.026719,0.961622
4,0.021572,-0.053438,0.961622
0,-0.016307,0.091262,0.902355
1,-0.008154,0.045631,0.902355
2,0.000000,-0.000000,0.902355
3,0.008154,-0.045631,0.902355
4,0.016307,-0.091262,0.902355
0,0.012107,-0.087153,0.911770
1,0.006054,-0.043577,0.911770
2,0.000000,0.000000,0.911770
3,-0.006054,0.043577,0.911770
4,-0.012107,0.087153,0.911770
0,-0.036652,0.054678,0.950066
1,-0.018326,0.027339,0.950066
2,-0.000000,-0.000000,0.950066
3,0.018326,-0.027339,0.950066
4,0.036652,-0.054678,0.950066
0,0.074192,-0.059299,0.897673
1,0.037096,-0.029650,0.897673
2,0.000000,-0.000000,0.897673
3,-0.037096,0.029650,0.897673
4,-0.074192,0.059299,0.897673
0,-0.061588,-0.042644,0.935587
1,-0.030794,-0.021322,0.935587
2,-0.000000,0.000000,0.935587
3,0.030794,0.021322,0.935587
4,0.061588,0.042644,0.935587
0,0.010011,-0.035353,0.984339
1,0.005005,-0.017676,0.984339
2,-0.000000,-0.000000,0.984339
3,-0.005005,0.017676,0.984339
4,-0.010011,0.035353,0.984339
0,-0.090369,0.001351,0.907054
1,-0.045185,0.000676,0.907054
2,-0.000000,-0.000000,0.907054
3,0.045185,-0.000676,0.907054
4,0.090369,-0.001351,0.907054
0,0.053624,-0.065019,0.918872
1,0.026812,-0.032510,0.918872
2,0.000000,-0.000000,0.918872
3,-0.026812,0.032510,0.918872
4,-0.053624,0.065019,0.918872
0,-0.062475,0.070032,0.900012
1,-0.031238,0.035016,0.900012
2,-0.000000,0.000000,0.900012
3,0.031238,-0.035016,0.900012
4,0.062475,-0.070032,0.900012
0,0.031302,-0.059719,0.947643
1,0.015651,-0.029859,0.947643
2,0.000000,0.000000,0.947643
3,-0.015651,0.029859,0.947643
4,-0.031302,0.059719,0.947643
0,-0.031981,0.055653,0.952493
1,-0.015991,0.027826,0.952493
2,0.000000,0.000000,0.952493
3,0.015991,-0.027826,0.952493
4,0.031981,-0.055653,0.952493
0,-0.061678,-0.034178,0.942810
1,-0.030839,-0.017089,0.942810
2,-0.000000,-0.000000,0.942810
3,0.030839,0.017089,0.942810
4,0.061678,0.034178,0.942810
0,0.078914,0.027733,0.920058
1,0.039457,0.013866,0.920058
2,-0.000000,0.000000,0.920058
3,-0.039457,-0.013866,0.920058
4,-0.078914,-0.027733,0.920058
0,-0.000359,0.043389,0.978175
1,-0.000179,0.021694,0.978175
2,0.000000,-0.000000,0.978175
3,0.000179,-0.021694,0.978175
4,0.000359,-0.043389,0.978175
0,-0.069515,-0.021440,0.939194
1,-0.034757,-0.010720,0.939194
2,0.000000,-0.000000,0.939194
3,0.034757,0.010720,0.939194
4,0.069515,0.021440,0.939194
0,0.066059,0.008710,0.948855
1,0.033029,0.004355,0.948855
2,-0.000000,0.000000,0.948855
3,-0.033029,-0.004355,0.948855
4,-0.066059,-0.008710,0.948855
0,0.004849,0.024099,0.992989
1,0.002425,0.012049,0.992989
2,0.000000,-0.000000,0.992989
3,-0.002425,-0.012049,0.992989
4,-0.004849,-0.024099,0.992989
0,-0.011014,0.074812,0.934388
1,-0.005507,0.037406,0.934388
2,-0.000000,-0.000000,0.934388
3,0.005507,-0.037406,0.934388
4,0.011014,-0.074812,0.934388
0,0.094233,0.005863,0.898841
1,0.047116,0.002932,0.898841
2,0.000000,-0.000000,0.898841
3,-0.047116,-0.002932,0.898841
4,-0.094233,-0.005863,0.898841
0,-0.026674,-0.010288,0.990516
1,-0.013337,-0.005144,0.990516
2,-0.000000,0.000000,0.990516
3,0.013337,0.005144,0.990516
4,0.026674,0.010288,0.990516
0,0.010157,-0.040576,0.979714
1,0.005079,-0.020288,0.979714
2,-0.000000,-0.000000,0.979714
3,-0.005079,0.020288,0.979714
4,-0.010157,0.040576,0.979714
0,0.023714,0.067797,0.940700
1,0.011857,0.033898,0.940700
2,0.000000,0.000000,0.940700
3,-0.011857,-0.033898,0.940700
4,-0.023714,-0.067797,0.940700
0,-0.072979,0.026176,0.931090
1,-0.036489,0.013088,0.931090
2,0.000000,0.000000,0.931090
3,0.036489,-0.013088,0.931090
4,0.072979,-0.026176,0.931090
0,0.001395,0.094827,0.897965
1,0.000698,0.047414,0.897965
2,0.000000,0.000000,0.897965
3,-0.000698,-0.047414,0.897965
4,-0.001395,-0.094827,0.897965
0,-0.031170,0.073930,0.926310
1,-0.015585,0.036965,0.926310
2,0.000000,0.000000,0.926310
3,0.015585,-0.036965,0.926310
4,0.031170,-0.073930,0.926310
0,-0.027275,-0.054068,0.957661
1,-0.013637,-0.027034,0.957661
2,-0.000000,-0.000000,0.957661
3,0.013637,0.027034,0.957661
4,0.027275,0.054068,0.957661
0,-0.064908,-0.034042,0.938292
1,-0.032454,-0.017021,0.938292
2,0.000000,-0.000000,0.938292
3,0.032454,0.017021,0.938292
4,0.064908,0.034042,0.938292
0,-0.088203,0.012208,0.909705
1,-0.044101,0.006104,0.909705
2,0.000000,0.000000,0.909705
3,0.044101,-0.006104,0.909705
4,0.088203,-0.012208,0.909705
0,-0.027137,0.045591,0.967431
1,-0.013568,0.022795,0.967431
2,0.000000,0.000000,0.967431
3,0.013568,-0.022795,0.967431
4,0.027137,-0.045591,0.967431
0,-0.062611,-0.013164,0.952796
1,-0.031305,-0.006582,0.952796
2,0.000000,-0.000000,0.952796
3,0.031305,0.006582,0.952796
4,0.062611,0.013164,0.952796
0,-0.029623,0.086472,0.904996
1,-0.014812,0.043236,0.904996
2,0.000000,-0.000000,0.904996
3,0.014812,-0.043236,0.904996
4,0.029623,-0.086472,0.904996
0,0.044437,0.081853,0.901475
1,0.022219,0.040926,0.901475
2,0.000000,-0.000000,0.901475
3,-0.022219,-0.040926,0.901475
4,-0.044437,-0.081853,0.901475
0,0.028489,0.013863,0.988353
1,0.014244,0.006931,0.988353
2,-0.000000,0.000000,0.988353
3,-0.014244,-0.006931,0.988353
4,-0.028489,-0.013863,0.988353
0,0.085796,-0.021475,0.910884
1,0.042898,-0.010738,0.910884
2,0.000000,-0.000000,0.910884
3,-0.042898,0.010738,0.910884
4,-0.085796,0.021475,0.910884
0,0.021655,-0.047323,0.968655
1,0.010828,-0.023661,0.968655
2,0.000000,0.000000,0.968655
3,-0.010828,0.023661,0.968655
4,-0.021655,0.047323,0.968655
0,-0.014665,-0.034855,0.983413
1,-0.007332,-0.017428,0.983413
2,-0.000000,-0.000000,0.983413
3,0.007332,0.017428,0.983413
4,0.014665,0.034855,0.983413
0,-0.070095,0.057750,0.906170
1,-0.035047,0.028875,0.906170
2,0.000000,-0.000000,0.906170
3,0.035047,-0.028875,0.906170
4,0.070095,-0.057750,0.906170
0,0.060392,-0.053820,0.925117
1,0.030196,-0.026910,0.925117
2,0.000000,-0.000000,0.925117
3,-0.030196,0.026910,0.925117
4,-0.060392,0.053820,0.925117
0,0.068231,0.058136,0.908525
1,0.034115,0.029068,0.908525
2,0.000000,0.000000,0.908525
3,-0.034115,-0.029068,0.908525
4,-0.068231,-0.058136,0.908525
0,-0.062518,-0.049216,0.927503
1,-0.031259,-0.024608,0.927503
2,0.000000,-0.000000,0.927503
3,0.031259,0.024608,0.927503
4,0.062518,0.049216,0.927503
0,0.009304,-0.026536,0.990825
1,0.004652,-0.013268,0.990825
2,0.000000,-0.000000,0.990825
3,-0.004652,0.013268,0.990825
4,-0.009304,0.026536,0.990825
0,-0.087137,-0.004041,0.913245
1,-0.043568,-0.002020,0.913245
2,-0.000000,-0.000000,0.913245
3,0.043568,0.002020,0.913245
4,0.087137,0.004041,0.913245
0,0.015691,0.062879,0.951582
1,0.007845,0.031439,0.951582
2,0.000000,-0.000000,0.951582
3,-0.007845,-0.031439,0.951582
4,-0.015691,-0.062879,0.951582
0,0.075320,-0.015213,0.932289
1,0.037660,-0.007607,0.932289
2,-0.000000,0.000000,0.932289
3,-0.037660,0.007607,0.932289
4,-0.075320,0.015213,0.932289
0,0.007522,-0.057368,0.961319
1,0.003761,-0.028684,0.961319
2,0.000000,-0.000000,0.961319
3,-0.003761,0.028684,0.961319
4,-0.007522,0.057368,0.961319
0,-0.019958,0.062940,0.949763
1,-0.009979,0.031470,0.949763
2,0.000000,-0.000000,0.949763
3,0.009979,-0.031470,0.949763
4,0.019958,-0.062940,0.949763
0,0.018412,0.013615,0.993917
1,0.009206,0.006808,0.993917
2,0.000000,-0.000000,0.993917
3,-0.009206,-0.006808,0.993917
4,-0.018412,-0.013615,0.993917
0,0.085529,-0.005258,0.916205
1,0.042764,-0.002629,0.916205
2,-0.000000,0.000000,0.916205
3,-0.042764,0.002629,0.916205
4,-0.085529,0.005258,0.916205
0,0.029759,-0.036652,0.974177
1,0.014880,-0.018326,0.974177
2,0.000000,0.000000,0.974177
3,-0.014880,0.018326,0.974177
4,-0.029759,0.036652,0.974177
0,0.066706,-0.018336,0.944922
1,0.033353,-0.009168,0.944922
2,0.000000,-0.000000,0.944922
3,-0.033353,0.009168,0.944922
4,-0.066706,0.018336,0.944922
0,0.005909,0.055194,0.964372
1,0.002954,0.027597,0.964372
2,-0.000000,-0.000000,0.964372
3,-0.002954,-0.027597,0.964372
4,-0.005909,-0.055194,0.964372
0,-0.002557,-0.017457,0.996390
1,-0.001278,-0.008729,0.996390
2,-0.000000,0.000000,0.996390
3,0.001278,0.008729,0.996390
4,0.002557,0.017457,0.996390
0,-0.051189,0.044188,0.947341
1,-0.025594,0.022094,0.947341
2,0.000000,-0.000000,0.947341
3,0.025594,-0.022094,0.947341
4,0.051189,-0.044188,0.947341
0,-0.018688,0.076995,0.928101
1,-0.009344,0.038497,0.928101
2,0.000000,0.000000,0.928101
3,0.009344,-0.038497,0.928101
4,0.018688,-0.076995,0.928101
0,0.070054,-0.042380,0.923330
1,0.035027,-0.021190,0.923330
2,0.000000,0.000000,0.923330
3,-0.035027,0.021190,0.923330
4,-0.070054,0.042380,0.923330
0,-0.064298,0.067776,0.900889
1,-0.032149,0.033888,0.900889
2,0.000000,-0.000000,0.900889
3,0.032149,-0.033888,0.900889
4,0.064298,-0.067776,0.900889
0,-0.008104,-0.075360,0.934087
1,-0.004052,-0.037680,0.934087
2,-0.000000,-0.000000,0.934087
3,0.004052,0.037680,0.934087
4,0.008104,0.075360,0.934087
0,0.038455,0.002097,0.982796
1,0.019228,0.001049,0.982796
2,0.000000,0.000000,0.982796
3,-0.019228,-0.001049,0.982796
4,-0.038455,-0.002097,0.982796
0,0.022071,0.078166,0.924520
1,0.011035,0.039083,0.924520
2,0.000000,-0.000000,0.924520
3,-0.011035,-0.039083,0.924520
4,-0.022071,-0.078166,0.924520
0,0.001097,-0.035622,0.985265
1,0.000548,-0.017811,0.985265
2,-0.000000,0.000000,0.985265
3,-0.000548,0.017811,0.985265
4,-0.001097,0.035622,0.985265
0,0.044164,-0.024457,0.970494
1,0.022082,-0.012229,0.970494
2,-0.000000,0.000000,0.970494
3,-0.022082,0.012229,0.970494
4,-0.044164,0.024457,0.970494
0,0.002583,-0.002232,0.999865
1,0.001291,-0.001116,0.999865
2,-0.000000,-0.000000,0.999865
3,-0.001291,0.001116,0.999865
4,-0.002583,0.002232,0.999865
0,-0.062612,-0.018786,0.950748
1,-0.031306,-0.009393,0.950748
2,-0.000000,0.000000,0.950748
3,0.031306,0.009393,0.950748
4,0.062612,0.018786,0.950748
0,-0.015933,-0.013563,0.994922
1,-0.007966,-0.006781,0.994922
2,-0.000000,0.000000,0.994922
3,0.007966,0.006781,0.994922
4,0.015933,0.013563,0.994922
0,-0.034292,0.077976,0.917166
1,-0.017146,0.038988,0.917166
2,-0.000000,0.000000,0.917166
3,0.017146,-0.038988,0.917166
4,0.034292,-0.077976,0.917166
0,0.022749,-0.057702,0.955607
1,0.011374,-0.028851,0.955607
2,-0.000000,0.000000,0.955607
3,-0.011374,0.028851,0.955607
4,-0.022749,0.057702,0.955607
0,0.020689,-0.038746,0.977636
1,0.010345,-0.019373,0.977636
2,-0.000000,-0.000000,0.977636
3,-0.010345,0.019373,0.977636
4,-0.020689,0.038746,0.977636
0,0.088812,0.002798,0.910070
1,0.044406,0.001399,0.910070
2,-0.000000,-0.000000,0.910070
3,-0.044406,-0.001399,0.910070
4,-0.088812,-0.002798,0.910070
0,-0.078680,0.000573,0.929071
1,-0.039340,0.000287,0.929071
2,-0.000000,-0.000000,0.929071
3,0.039340,-0.000287,0.929071
4,0.078680,-0.000573,0.929071
0,-0.044580,-0.019186,0.972719
1,-0.022290,-0.009593,0.972719
2,-0.000000,-0.000000,0.972719
3,0.022290,0.009593,0.972719
4,0.044580,0.019186,0.972719
0,0.018759,0.033931,0.982565
1,0.009379,0.016965,0.982565
2,-0.000000,-0.000000,0.982565
3,-0.009379,-0.016965,0.982565
4,-0.018759,-0.033931,0.982565
0,0.058623,0.059160,0.920729
1,0.029312,0.029580,0.920729
2,0.000000,-0.000000,0.920729
3,-0.029312,-0.029580,0.920729
4,-0.058623,-0.059160,0.920729
0,0.080264,-0.046892,0.901841
1,0.040132,-0.023446,0.901841
2,-0.000000,-0.000000,0.901841
3,-0.040132,0.023446,0.901841
4,-0.080264,0.046892,0.901841
0,-0.052867,-0.049367,0.939871
1,-0.026434,-0.024683,0.939871
2,-0.000000,0.000000,0.939871
3,0.026434,0.024683,0.939871
4,0.052867,0.049367,0.939871
0,0.023754,0.061769,0.949536
1,0.011877,0.030885,0.949536
2,0.000000,0.000000,0.949536
3,-0.011877,-0.030885,0.949536
4,-0.023754,-0.061769,0.949536
0,0.063620,-0.057578,0.915980
1,0.031810,-0.028789,0.915980
2,0.000000,0.000000,0.915980
3,-0.031810,0.028789,0.915980
4,-0.063620,0.057578,0.915980
0,0.000370,-0.047422,0.973947
1,0.000185,-0.023711,0.973947
2,0.000000,-0.000000,0.973947
3,-0.000185,0.023711,0.973947
4,-0.000370,0.047422,0.973947
0,-0.068410,0.042785,0.925490
1,-0.034205,0.021392,0.925490
2,-0.000000,0.000000,0.925490
3,0.034205,-0.021392,0.925490
4,0.068410,-0.042785,0.925490
0,-0.065630,-0.053314,0.918353
1,-0.032815,-0.026657,0.918353
2,-0.000000,-0.000000,0.918353
3,0.032815,0.026657,0.918353
4,0.065630,0.053314,0.918353
0,-0.023328,0.056536,0.956823
1,-0.011664,0.028268,0.956823
2,0.000000,-0.000000,0.956823
3,0.011664,-0.028268,0.956823
4,0.023328,-0.056536,0.956823
0,0.029955,0.016919,0.986267
1,0.014978,0.008460,0.986267
2,0.000000,-0.000000,0.986267
3,-0.014978,-0.008460,0.986267
4,-0.029955,-0.016919,0.986267
0,-0.060256,-0.031016,0.947115
1,-0.030128,-0.015508,0.947115
2,0.000000,-0.000000,0.947115
3,0.030128,0.015508,0.947115
4,0.060256,0.031016,0.947115
0,0.001110,0.049606,0.971492
1,0.000555,0.024803,0.971492
2,0.000000,0.000000,0.971492
3,-0.000555,-0.024803,0.971492
4,-0.001110,-0.049606,0.971492
0,-0.073878,-0.020328,0.932663
1,-0.036939,-0.010164,0.932663
2,-0.000000,-0.000000,0.932663
3,0.036939,0.010164,0.932663
4,0.073878,0.020328,0.932663
0,0.021129,-0.079228,0.923106
1,0.010564,-0.039614,0.923106
2,-0.000000,0.000000,0.923106
3,-0.010564,0.039614,0.923106
4,-0.021129,0.079228,0.923106
0,0.041966,-0.002903,0.979484
1,0.020983,-0.001451,0.979484
2,-0.000000,-0.000000,0.979484
3,-0.020983,0.001451,0.979484
4,-0.041966,0.002903,0.979484
0,-0.085942,-0.034669,0.902428
1,-0.042971,-0.017335,0.902428
2,0.000000,0.000000,0.902428
3,0.042971,0.017335,0.902428
4,0.085942,0.034669,0.902428
0,0.009986,-0.019783,0.994303
1,0.004993,-0.009891,0.994303
2,-0.000000,0.000000,0.994303
3,-0.004993,0.009891,0.994303
4,-0.009986,0.019783,0.994303
0,-0.042315,0.020127,0.974562
1,-0.021158,0.010064,0.974562
2,-0.000000,0.000000,0.974562
3,0.021158,-0.010064,0.974562
4,0.042315,-0.020127,0.974562
0,-0.017773,0.032055,0.984416
1,-0.008886,0.016027,0.984416
2,0.000000,0.000000,0.984416
3,0.008886,-0.016027,0.984416
4,0.017773,-0.032055,0.984416
0,-0.068600,0.006829,0.945301
1,-0.034300,0.003415,0.945301
2,0.000000,0.000000,0.945301
3,0.034300,-0.003415,0.945301
4,0.068600,-0.006829,0.945301
0,-0.022959,-0.050208,0.964753
1,-0.011480,-0.025104,0.964753
2,0.000000,0.000000,0.964753
3,0.011480,0.025104,0.964753
4,0.022959,0.050208,0.964753
0,0.044074,-0.041770,0.957432
1,0.022037,-0.020885,0.957432
2,0.000000,-0.000000,0.957432
3,-0.022037,0.020885,0.957432
4,-0.044074,0.041770,0.957432
0,0.031640,-0.011366,0.986885
1,0.015820,-0.005683,0.986885
2,-0.000000,-0.000000,0.986885
3,-0.015820,0.005683,0.986885
4,-0.031640,0.011366,0.986885
0,-0.001590,0.067357,0.947720
1,-0.000795,0.033679,0.947720
2,-0.000000,-0.000000,0.947720
3,0.000795,-0.033679,0.947720
4,0.001590,-0.067357,0.947720
0,-0.017402,-0.077080,0.928475
1,-0.008701,-0.038540,0.928475
2,0.000000,-0.000000,0.928475
3,0.008701,0.038540,0.928475
4,0.017402,0.077080,0.928475
0,-0.028210,0.073088,0.929669
1,-0.014105,0.036544,0.929669
2,0.000000,-0.000000,0.929669
3,0.014105,-0.036544,0.929669
4,0.028210,-0.073088,0.929669
0,-0.024428,-0.000945,0.993066
1,-0.012214,-0.000473,0.993066
2,-0.000000,0.000000,0.993066
3,0.012214,0.000473,0.993066
4,0.024428,0.000945,0.993066
0,-0.071015,-0.025850,0.934462
1,-0.035508,-0.012925,0.934462
2,-0.000000,0.000000,0.934462
3,0.035508,0.012925,0.934462
4,0.071015,0.025850,0.934462
0,0.022740,-0.030542,0.983182
1,0.011370,-0.015271,0.983182
2,-0.000000,0.000000,0.983182
3,-0.011370,0.015271,0.983182
4,-0.022740,0.030542,0.983182
0,0.037166,0.058973,0.944092
1,0.018583,0.029486,0.944092
2,0.000000,0.000000,0.944092
3,-0.018583,-0.029486,0.944092
4,-0.037166,-0.058973,0.944092
0,0.077149,-0.024734,0.924895
1,0.038575,-0.012367,0.924895
2,-0.000000,-0.000000,0.924895
3,-0.038575,0.012367,0.924895
4,-0.077149,0.024734,0.924895
0,0.035622,-0.077033,0.917760
1,0.017811,-0.038516,0.917760
2,0.000000,-0.000000,0.917760
3,-0.017811,0.038516,0.917760
4,-0.035622,0.077033,0.917760
0,0.018877,0.050844,0.965976
1,0.009438,0.025422,0.965976
2,0.000000,-0.000000,0.965976
3,-0.009438,-0.025422,0.965976
4,-0.018877,-0.050844,0.965976
0,-0.061706,0.050429,0.927279
1,-0.030853,0.025214,0.927279
2,0.000000,-0.000000,0.927279
3,0.030853,-0.025214,0.927279
4,0.061706,-0.050429,0.927279
0,-0.016372,0.038404,0.979792
1,-0.008186,0.019202,0.979792
2,0.000000,0.000000,0.979792
3,0.008186,-0.019202,0.979792
4,0.016372,-0.038404,0.979792
0,0.032957,-0.086459,0.902722
1,0.016479,-0.043229,0.902722
2,0.000000,0.000000,0.902722
3,-0.016479,0.043229,0.902722
4,-0.032957,0.086459,0.902722
0,-0.013335,-0.026698,0.989666
1,-0.006667,-0.013349,0.989666
2,-0.000000,0.000000,0.989666
3,0.006667,0.013349,0.989666
4,0.013335,0.026698,0.989666
0,-0.063996,0.060113,0.912136
1,-0.031998,0.030056,0.912136
2,-0.000000,0.000000,0.912136
3,0.031998,-0.030056,0.912136
4,0.063996,-0.060113,0.912136
0,0.056716,0.032911,0.950445
1,0.028358,0.016455,0.950445
2,-0.000000,-0.000000,0.950445
3,-0.028358,-0.016455,0.950445
4,-0.056716,-0.032911,0.950445
0,-0.084081,-0.000365,0.919243
1,-0.042041,-0.000183,0.919243
2,-0.000000,0.000000,0.919243
3,0.042041,0.000183,0.919243
4,0.084081,0.000365,0.919243
0,-0.065805,0.013511,0.948023
1,-0.032903,0.006756,0.948023
2,0.000000,-0.000000,0.948023
3,0.032903,-0.006756,0.948023
4,0.065805,-0.013511,0.948023
0,0.025491,-0.058625,0.952872
1,0.012746,-0.029313,0.952872
2,0.000000,-0.000000,0.952872
3,-0.012746,0.029313,0.952872
4,-0.025491,0.058625,0.952872
0,0.082781,-0.010517,0.920432
1,0.041390,-0.005259,0.920432
2,-0.000000,0.000000,0.920432
3,-0.041390,0.005259,0.920432
4,-0.082781,0.010517,0.920432
0,-0.089095,0.027019,0.901550
1,-0.044547,0.013509,0.901550
2,0.000000,-0.000000,0.901550
3,0.044547,-0.013509,0.901550
4,0.089095,-0.027019,0.901550
0,-0.074052,-0.025044,0.929968
1,-0.037026,-0.012522,0.929968
2,-0.000000,0.000000,0.929968
3,0.037026,0.012522,0.929968
4,0.074052,0.025044,0.929968
0,0.008221,-0.060824,0.956519
1,0.004111,-0.030412,0.956519
2,-0.000000,0.000000,0.956519
3,-0.004111,0.030412,0.956519
4,-0.008221,0.060824,0.956519
0,0.018126,-0.029693,0.985959
1,0.009063,-0.014846,0.985959
2,-0.000000,-0.000000,0.985959
3,-0.009063,0.014846,0.985959
4,-0.018126,0.029693,0.985959
0,-0.008570,0.026657,0.990902
1,-0.004285,0.013329,0.990902
2,-0.000000,0.000000,0.990902
3,0.004285,-0.013329,0.990902
4,0.008570,-0.026657,0.990902
0,0.023446,-0.083981,0.913319
1,0.011723,-0.041990,0.913319
2,-0.000000,-0.000000,0.913319
3,-0.011723,0.041990,0.913319
4,-0.023446,0.083981,0.913319
0,-0.010172,-0.071428,0.940172
1,-0.005086,-0.035714,0.940172
2,0.000000,0.000000,0.940172
3,0.005086,0.035714,0.940172
4,0.010172,0.071428,0.940172
0,0.078505,-0.039990,0.911547
1,0.039253,-0.019995,0.911547
2,-0.000000,-0.000000,0.911547
3,-0.039253,0.019995,0.911547
4,-0.078505,0.039990,0.911547
0,0.009229,-0.050629,0.969345
1,0.004615,-0.025314,0.969345
2,0.000000,0.000000,0.969345
3,-0.004615,0.025314,0.969345
4,-0.009229,0.050629,0.969345
0,-0.016938,0.015193,0.993994
1,-0.008469,0.007596,0.993994
2,-0.000000,0.000000,0.993994
3,0.008469,-0.007596,0.993994
4,0.016938,-0.015193,0.993994
0,0.061968,-0.009325,0.954695
1,0.030984,-0.004662,0.954695
2,0.000000,-0.000000,0.954695
3,-0.030984,0.004662,0.954695
4,-0.061968,0.009325,0.954695
0,-0.071294,0.023423,0.935363
1,-0.035647,0.011711,0.935363
2,0.000000,-0.000000,0.935363
3,0.035647,-0.011711,0.935363
4,0.071294,-0.023423,0.935363
0,0.065130,0.023180,0.944998
1,0.032565,0.011590,0.944998
2,0.000000,-0.000000,0.944998
3,-0.032565,-0.011590,0.944998
4,-0.065130,-0.023180,0.944998
0,-0.033429,-0.044239,0.964448
1,-0.016715,-0.022120,0.964448
2,0.000000,0.000000,0.964448
3,0.016715,0.022120,0.964448
4,0.033429,0.044239,0.964448
0,-0.030415,0.067033,0.937765
1,-0.015207,0.033516,0.937765
2,-0.000000,-0.000000,0.937765
3,0.015207,-0.033516,0.937765
4,0.030415,-0.067033,0.937765
0,0.017270,0.087619,0.909188
1,0.008635,0.043810,0.909188
2,0.000000,0.000000,0.909188
3,-0.008635,-0.043810,0.909188
4,-0.017270,-0.087619,0.909188
0,0.047453,0.024694,0.966895
1,0.023726,0.012347,0.966895
2,-0.000000,0.000000,0.966895
3,-0.023726,-0.012347,0.966895
4,-0.047453,-0.024694,0.966895
0,0.018066,-0.020110,0.991520
1,0.009033,-0.010055,0.991520
2,0.000000,-0.000000,0.991520
3,-0.009033,0.010055,0.991520
4,-0.018066,0.020110,0.991520
0,-0.026375,0.041710,0.971798
1,-0.013187,0.020855,0.971798
2,0.000000,-0.000000,0.971798
3,0.013187,-0.020855,0.971798
4,0.026375,-0.041710,0.971798
0,0.045947,-0.079312,0.904481
1,0.022973,-0.039656,0.904481
2,-0.000000,0.000000,0.904481
3,-0.022973,0.039656,0.904481
4,-0.045947,0.079312,0.904481
0,0.081656,0.005406,0.923404
1,0.040828,0.002703,0.923404
2,-0.000000,0.000000,0.923404
3,-0.040828,-0.002703,0.923404
4,-0.081656,-0.005406,0.923404
0,-0.027807,-0.089151,0.900963
1,-0.013903,-0.044576,0.900963
2,0.000000,-0.000000,0.900963
3,0.013903,0.044576,0.900963
4,0.027807,0.089151,0.900963
0,-0.082636,-0.032250,0.910367
1,-0.041318,-0.016125,0.910367
2,-0.000000,-0.000000,0.910367
3,0.041318,0.016125,0.910367
4,0.082636,0.032250,0.910367
0,-0.050876,0.012908,0.968120
1,-0.025438,0.006454,0.968120
2,-0.000000,-0.000000,0.968120
3,0.025438,-0.006454,0.968120
4,0.050876,-0.012908,0.968120
0,0.021256,-0.043325,0.973026
1,0.010628,-0.021662,0.973026
2,0.000000,0.000000,0.973026
3,-0.010628,0.021662,0.973026
4,-0.021256,0.043325,0.973026
0,-0.007357,-0.018896,0.995231
1,-0.003679,-0.009448,0.995231
2,-0.000000,-0.000000,0.995231
3,0.003679,0.009448,0.995231
4,0.007357,0.018896,0.995231
0,-0.026852,0.090627,0.898623
1,-0.013426,0.045313,0.898623
2,0.000000,-0.000000,0.898623
3,0.013426,-0.045313,0.898623
4,0.026852,-0.090627,0.898623
0,0.021198,0.028533,0.985342
1,0.010599,0.014266,0.985342
2,-0.000000,-0.000000,0.985342
3,-0.010599,-0.014266,0.985342
4,-0.021198,-0.028533,0.985342
0,-0.005138,-0.089752,0.908008
1,-0.002569,-0.044876,0.908008
2,0.000000,0.000000,0.908008
3,0.002569,0.044876,0.908008
4,0.005138,0.089752,0.908008
0,0.001469,0.079844,0.926981
1,0.000735,0.039922,0.926981
2,0.000000,0.000000,0.926981
3,-0.000735,-0.039922,0.926981
4,-0.001469,-0.079844,0.926981
0,0.081150,-0.014767,0.922212
1,0.040575,-0.007384,0.922212
2,-0.000000,0.000000,0.922212
3,-0.040575,0.007384,0.922212
4,-0.081150,0.014767,0.922212
0,0.031068,-0.057631,0.950597
1,0.015534,-0.028815,0.950597
2,-0.000000,-0.000000,0.950597
3,-0.015534,0.028815,0.950597
4,-0.031068,0.057631,0.950597
0,0.016744,-0.013067,0.994767
1,0.008372,-0.006534,0.994767
2,0.000000,-0.000000,0.994767
3,-0.008372,0.006534,0.994767
4,-0.016744,0.013067,0.994767
0,-0.069529,-0.049349,0.917019
1,-0.034764,-0.024674,0.917019
2,-0.000000,-0.000000,0.917019
3,0.034764,0.024674,0.917019
4,0.069529,0.049349,0.917019
0,-0.024384,-0.070501,0.936113
1,-0.012192,-0.035250,0.936113
2,-0.000000,0.000000,0.936113
3,0.012192,0.035250,0.936113
4,0.024384,0.070501,0.936113
0,-0.062948,-0.027389,0.945754
1,-0.031474,-0.013694,0.945754
2,0.000000,-0.000000,0.945754
3,0.031474,0.013694,0.945754
4,0.062948,0.027389,0.945754
0,0.035386,-0.041903,0.965213
1,0.017693,-0.020951,0.965213
2,-0.000000,0.000000,0.965213
3,-0.017693,0.020951,0.965213
4,-0.035386,0.041903,0.965213
0,-0.010404,0.011393,0.997240
1,-0.005202,0.005696,0.997240
2,0.000000,0.000000,0.997240
3,0.005202,-0.005696,0.997240
4,0.010404,-0.011393,0.997240
0,0.006861,0.043538,0.977483
1,0.003431,0.021769,0.977483
2,0.000000,0.000000,0.977483
3,-0.003431,-0.021769,0.977483
4,-0.006861,-0.043538,0.977483
0,0.009155,0.024091,0.992293
1,0.004577,0.012046,0.992293
2,-0.000000,0.000000,0.992293
3,-0.004577,-0.012046,0.992293
4,-0.009155,-0.024091,0.992293
0,-0.019351,0.073509,0.933712
1,-0.009675,0.036754,0.933712
2,-0.000000,0.000000,0.933712
3,0.009675,-0.036754,0.933712
4,0.019351,-0.073509,0.933712
0,0.052701,0.021063,0.962767
1,0.026351,0.010532,0.962767
2,0.000000,0.000000,0.962767
3,-0.026351,-0.010532,0.962767
4,-0.052701,-0.021063,0.962767
0,0.028918,-0.083462,0.911103
1,0.014459,-0.041731,0.911103
2,-0.000000,-0.000000,0.911103
3,-0.014459,0.041731,0.911103
4,-0.028918,0.083462,0.911103
0,0.068709,0.037104,0.930118
1,0.034355,0.018552,0.930118
2,0.000000,-0.000000,0.930118
3,-0.034355,-0.018552,0.930118
4,-0.068709,-0.037104,0.930118
0,-0.014147,0.084711,0.915833
1,-0.007073,0.042356,0.915833
2,-0.000000,0.000000,0.915833
3,0.007073,-0.042356,0.915833
4,0.014147,-0.084711,0.915833
0,0.020906,0.042722,0.973794
1,0.010453,0.021361,0.973794
2,0.000000,-0.000000,0.973794
3,-0.010453,-0.021361,0.973794
4,-0.020906,-0.042722,0.973794
0,-0.054080,-0.013780,0.963990
1,-0.027040,-0.006890,0.963990
2,0.000000,0.000000,0.963990
3,0.027040,0.006890,0.963990
4,0.054080,0.013780,0.963990
0,0.065508,-0.053588,0.918204
1,0.032754,-0.026794,0.918204
2,0.000000,-0.000000,0.918204
3,-0.032754,0.026794,0.918204
4,-0.065508,0.053588,0.918204
0,-0.050765,-0.034304,0.956672
1,-0.025382,-0.017152,0.956672
2,-0.000000,0.000000,0.956672
3,0.025382,0.017152,0.956672
4,0.050765,0.034304,0.956672
0,-0.094136,0.002476,0.899354
1,-0.047068,0.001238,0.899354
2,-0.000000,0.000000,0.899354
3,0.047068,-0.001238,0.899354
4,0.094136,-0.002476,0.899354
0,0.072180,0.052965,0.908745
1,0.036090,0.026483,0.908745
2,-0.000000,-0.000000,0.908745
3,-0.036090,-0.026483,0.908745
4,-0.072180,-0.052965,0.908745
0,0.067725,-0.004414,0.946962
1,0.033862,-0.002207,0.946962
2,-0.000000,0.000000,0.946962
3,-0.033862,0.002207,0.946962
4,-0.067725,0.004414,0.946962
0,-0.077291,0.018354,0.927728
1,-0.038645,0.009177,0.927728
2,0.000000,-0.000000,0.927728
3,0.038645,-0.009177,0.927728
4,0.077291,-0.018354,0.927728
0,0.058869,0.026728,0.951810
1,0.029435,0.013364,0.951810
2,-0.000000,-0.000000,0.951810
3,-0.029435,-0.013364,0.951810
4,-0.058869,-0.026728,0.951810
0,-0.024345,-0.053803,0.959716
1,-0.012173,-0.026901,0.959716
2,0.000000,-0.000000,0.959716
3,0.012173,0.026901,0.959716
4,0.024345,0.053803,0.959716
0,-0.084042,0.026191,0.911694
1,-0.042021,0.013096,0.911694
2,0.000000,0.000000,0.911694
3,0.042021,-0.013096,0.911694
4,0.084042,-0.026191,0.911694
0,0.036815,0.054630,0.949991
1,0.018408,0.027315,0.949991
2,0.000000,0.000000,0.949991
3,-0.018408,-0.027315,0.949991
4,-0.036815,-0.054630,0.949991
0,-0.030990,0.040924,0.969498
1,-0.015495,0.020462,0.969498
2,-0.000000,0.000000,0.969498
3,0.015495,-0.020462,0.969498
4,0.030990,-0.040924,0.969498
0,0.009867,0.054442,0.964601
1,0.004933,0.027221,0.964601
2,0.000000,0.000000,0.964601
3,-0.004933,-0.027221,0.964601
4,-0.009867,-0.054442,0.964601
0,-0.055594,0.058136,0.925936
1,-0.027797,0.029068,0.925936
2,0.000000,0.000000,0.925936
3,0.027797,-0.029068,0.925936
4,0.055594,-0.058136,0.925936
0,0.032634,0.008867,0.986731
1,0.016317,0.004434,0.986731
2,0.000000,0.000000,0.986731
3,-0.016317,-0.004434,0.986731
4,-0.032634,-0.008867,0.986731
0,-0.044680,-0.050562,0.947568
1,-0.022340,-0.025281,0.947568
2,-0.000000,-0.000000,0.947568
3,0.022340,0.025281,0.947568
4,0.044680,0.050562,0.947568
0,-0.024733,0.010284,0.991675
1,-0.012366,0.005142,0.991675
2,0.000000,0.000000,0.991675
3,0.012366,-0.005142,0.991675
4,0.024733,-0.010284,0.991675
0,0.086661,0.005071,0.914058
1,0.043331,0.002536,0.914058
2,-0.000000,-0.000000,0.914058
3,-0.043331,-0.002536,0.914058
4,-0.086661,-0.005071,0.914058
0,-0.076348,-0.001502,0.933112
1,-0.038174,-0.000751,0.933112
2,-0.000000,-0.000000,0.933112
3,0.038174,0.000751,0.933112
4,0.076348,0.001502,0.933112
0,-0.075544,0.051782,0.904630
1,-0.037772,0.025891,0.904630
2,0.000000,0.000000,0.904630
3,0.037772,-0.025891,0.904630
4,0.075544,-0.051782,0.904630
0,-0.053464,-0.020395,0.962157
1,-0.026732,-0.010197,0.962157
2,-0.000000,-0.000000,0.962157
3,0.026732,0.010197,0.962157
4,0.053464,0.020395,0.962157
0,0.007071,0.011610,0.997859
1,0.003535,0.005805,0.997859
2,0.000000,0.000000,0.997859
3,-0.003535,-0.005805,0.997859
4,-0.007071,-0.011610,0.997859
0,0.002908,-0.083635,0.919985
1,0.001454,-0.041817,0.919985
2,-0.000000,0.000000,0.919985
3,-0.001454,0.041817,0.919985
4,-0.002908,0.083635,0.919985
0,-0.031805,-0.005053,0.987966
1,-0.015902,-0.002527,0.987966
2,-0.000000,0.000000,0.987966
3,0.015902,0.002527,0.987966
4,0.031805,0.005053,0.987966
0,-0.055858,-0.055052,0.929521
1,-0.027929,-0.027526,0.929521
2,0.000000,-0.000000,0.929521
3,0.027929,0.027526,0.929521
4,0.055858,0.055052,0.929521
0,0.021155,0.059771,0.953631
1,0.010577,0.029886,0.953631
2,0.000000,0.000000,0.953631
3,-0.010577,-0.029886,0.953631
4,-0.021155,-0.059771,0.953631
0,0.069095,-0.059225,0.905804
1,0.034547,-0.029612,0.905804
2,0.000000,-0.000000,0.905804
3,-0.034547,0.029612,0.905804
4,-0.069095,0.059225,0.905804
0,-0.066147,0.022295,0.943941
1,-0.033073,0.011147,0.943941
2,-0.000000,-0.000000,0.943941
3,0.033073,-0.011147,0.943941
4,0.066147,-0.022295,0.943941
0,0.029754,-0.019102,0.985496
1,0.014877,-0.009551,0.985496
2,-0.000000,-0.000000,0.985496
3,-0.014877,0.009551,0.985496
4,-0.029754,0.019102,0.985496
0,-0.057026,-0.031326,0.951203
1,-0.028513,-0.015663,0.951203
2,-0.000000,-0.000000,0.951203
3,0.028513,0.015663,0.951203
4,0.057026,0.031326,0.951203
0,-0.000958,-0.007119,0.999403
1,-0.000479,-0.003560,0.999403
2,-0.000000,-0.000000,0.999403
3,0.000479,0.003560,0.999403
4,0.000958,0.007119,0.999403
0,-0.075523,0.034152,0.921469
1,-0.037761,0.017076,0.921469
2,-0.000000,0.000000,0.921469
3,0.037761,-0.017076,0.921469
4,0.075523,-0.034152,0.921469
0,-0.029014,0.087937,0.902573
1,-0.014507,0.043968,0.902573
2,0.000000,-0.000000,0.902573
3,0.014507,-0.043968,0.902573
4,0.029014,-0.087937,0.902573
0,0.008938,0.028706,0.989511
1,0.004469,0.014353,0.989511
2,0.000000,0.000000,0.989511
3,-0.004469,-0.014353,0.989511
4,-0.008938,-0.028706,0.989511
0,-0.008658,0.077089,0.931016
1,-0.004329,0.038545,0.931016
2,0.000000,-0.000000,0.931016
3,0.004329,-0.038545,0.931016
4,0.008658,-0.077089,0.931016
0,-0.021341,0.004724,0.994458
1,-0.010671,0.002362,0.994458
2,-0.000000,0.000000,0.994458
3,0.010671,-0.002362,0.994458
4,0.021341,-0.004724,0.994458
0,0.041604,0.074601,0.916722
1,0.020802,0.037301,0.916722
2,-0.000000,0.000000,0.916722
3,-0.020802,-0.037301,0.916722
4,-0.041604,-0.074601,0.916722
0,0.014798,-0.033333,0.984570
1,0.007399,-0.016666,0.984570
2,-0.000000,0.000000,0.984570
3,-0.007399,0.016666,0.984570
4,-0.014798,0.033333,0.984570
0,0.017623,-0.082295,0.919095
1,0.008812,-0.041148,0.919095
2,-0.000000,-0.000000,0.919095
3,-0.008812,0.041148,0.919095
4,-0.017623,0.082295,0.919095
0,-0.060419,0.004840,0.957584
1,-0.030210,0.002420,0.957584
2,0.000000,-0.000000,0.957584
3,0.030210,-0.002420,0.957584
4,0.060419,-0.004840,0.957584
0,-0.048612,0.062191,0.928623
1,-0.024306,0.031095,0.928623
2,0.000000,-0.000000,0.928623
3,0.024306,-0.031095,0.928623
4,0.048612,-0.062191,0.928623
0,0.058679,-0.011143,0.958803
1,0.029339,-0.005572,0.958803
2,0.000000,-0.000000,0.958803
3,-0.029339,0.005572,0.958803
4,-0.058679,0.011143,0.958803
0,-0.071805,0.010770,0.939420
1,-0.035903,0.005385,0.939420
2,-0.000000,-0.000000,0.939420
3,0.035903,-0.005385,0.939420
4,0.071805,-0.010770,0.939420
0,0.041285,-0.066482,0.929820
1,0.020642,-0.033241,0.929820
2,-0.000000,0.000000,0.929820
3,-0.020642,0.033241,0.929820
4,-0.041285,0.066482,0.929820
0,-0.021998,0.072209,0.934611
1,-0.010999,0.036105,0.934611
2,0.000000,-0.000000,0.934611
3,0.010999,-0.036105,0.934611
4,0.021998,-0.072209,0.934611
0,-0.024759,-0.065060,0.944243
1,-0.012380,-0.032530,0.944243
2,-0.000000,-0.000000,0.944243
3,0.012380,0.032530,0.944243
4,0.024759,0.065060,0.944243
0,-0.082345,0.020222,0.917907
1,-0.041173,0.010111,0.917907
2,-0.000000,-0.000000,0.917907
3,0.041173,-0.010111,0.917907
4,0.082345,-0.020222,0.917907
0,0.086169,0.038329,0.899061
1,0.043085,0.019165,0.899061
2,0.000000,-0.000000,0.899061
3,-0.043085,-0.019165,0.899061
4,-0.086169,-0.038329,0.899061
0,-0.042035,0.076478,0.913172
1,-0.021018,0.038239,0.913172
2,0.000000,0.000000,0.913172
3,0.021018,-0.038239,0.913172
4,0.042035,-0.076478,0.913172
0,0.078203,-0.028418,0.920876
1,0.039102,-0.014209,0.920876
2,-0.000000,0.000000,0.920876
3,-0.039102,0.014209,0.920876
4,-0.078203,0.028418,0.920876
0,-0.088436,-0.028406,0.901988
1,-0.044218,-0.014203,0.901988
2,0.000000,0.000000,0.901988
3,0.044218,0.014203,0.901988
4,0.088436,0.028406,0.901988
0,0.056146,-0.034842,0.949688
1,0.028073,-0.017421,0.949688
2,0.000000,-0.000000,0.949688
3,-0.028073,0.017421,0.949688
4,-0.056146,0.034842,0.949688
0,-0.011079,-0.020206,0.993839
1,-0.005539,-0.010103,0.993839
2,0.000000,0.000000,0.993839
3,0.005539,0.010103,0.993839
4,0.011079,0.020206,0.993839
0,0.003952,0.080508,0.925638
1,0.001976,0.040254,0.925638
2,0.000000,0.000000,0.925638
3,-0.001976,-0.040254,0.925638
4,-0.003952,-0.080508,0.925638
0,0.017129,0.065468,0.947266
1,0.008564,0.032734,0.947266
2,0.000000,0.000000,0.947266
3,-0.008564,-0.032734,0.947266
4,-0.017129,-0.065468,0.947266
0,0.079272,-0.000301,0.928028
1,0.039636,-0.000150,0.928028
2,0.000000,-0.000000,0.928028
3,-0.039636,0.000150,0.928028
4,-0.079272,0.000301,0.928028
0,-0.001796,0.027219,0.991366
1,-0.000898,0.013610,0.991366
2,0.000000,-0.000000,0.991366
3,0.000898,-0.013610,0.991366
4,0.001796,-0.027219,0.991366
0,-0.062217,0.016804,0.952113
1,-0.031108,0.008402,0.952113
2,0.000000,-0.000000,0.952113
3,0.031108,-0.008402,0.952113
4,0.062217,-0.016804,0.952113
0,-0.022345,-0.033123,0.981486
1,-0.011172,-0.016561,0.981486
2,-0.000000,0.000000,0.981486
3,0.011172,0.016561,0.981486
4,0.022345,0.033123,0.981486
0,0.012890,0.090822,0.904336
1,0.006445,0.045411,0.904336
2,-0.000000,-0.000000,0.904336
3,-0.006445,-0.045411,0.904336
4,-0.012890,-0.090822,0.904336
0,-0.056536,-0.035730,0.948477
1,-0.028268,-0.017865,0.948477
2,-0.000000,-0.000000,0.948477
3,0.028268,0.017865,0.948477
4,0.056536,0.035730,0.948477
0,-0.043173,-0.036477,0.963073
1,-0.021587,-0.018238,0.963073
2,0.000000,0.000000,0.963073
3,0.021587,0.018238,0.963073
4,0.043173,0.036477,0.963073
0,0.004294,0.020151,0.995076
1,0.002147,0.010075,0.995076
2,0.000000,-0.000000,0.995076
3,-0.002147,-0.010075,0.995076
4,-0.004294,-0.020151,0.995076
0,-0.037444,-0.076426,0.917313
1,-0.018722,-0.038213,0.917313
2,-0.000000,0.000000,0.917313
3,0.018722,0.038213,0.917313
4,0.037444,0.076426,0.917313
0,-0.045453,0.042044,0.955759
1,-0.022727,0.021022,0.955759
2,-0.000000,-0.000000,0.955759
3,0.022727,-0.021022,0.955759
4,0.045453,-0.042044,0.955759
0,-0.035449,0.004487,0.985187
1,-0.017725,0.002243,0.985187
2,-0.000000,-0.000000,0.985187
3,0.017725,-0.002243,0.985187
4,0.035449,-0.004487,0.985187
0,0.011243,-0.067525,0.946056
1,0.005622,-0.033762,0.946056
2,0.000000,-0.000000,0.946056
3,-0.005622,0.033762,0.946056
4,-0.011243,0.067525,0.946056
0,0.041675,0.050230,0.950899
1,0.020838,0.025115,0.950899
2,0.000000,0.000000,0.950899
3,-0.020838,-0.025115,0.950899
4,-0.041675,-0.050230,0.950899
0,0.027535,-0.088109,0.903161
1,0.013768,-0.044055,0.903161
2,0.000000,-0.000000,0.903161
3,-0.013768,0.044055,0.903161
4,-0.027535,0.088109,0.903161
0,-0.018233,-0.055454,0.960632
1,-0.009117,-0.027727,0.960632
2,-0.000000,-0.000000,0.960632
3,0.009117,0.027727,0.960632
4,0.018233,0.055454,0.960632
0,-0.000831,-0.000377,0.999990
1,-0.000415,-0.000188,0.999990
2,-0.000000,-0.000000,0.999990
3,0.000415,0.000188,0.999990
4,0.000831,0.000377,0.999990
0,0.028415,-0.006762,0.990100
1,0.014207,-0.003381,0.990100
2,0.000000,0.000000,0.990100
3,-0.014207,0.003381,0.990100
4,-0.028415,0.006762,0.990100
0,-0.027108,0.023333,0.985158
1,-0.013554,0.011667,0.985158
2,0.000000,-0.000000,0.985158
3,0.013554,-0.011667,0.985158
4,0.027108,-0.023333,0.985158
0,0.075799,0.048500,0.907835
1,0.037900,0.024250,0.907835
2,-0.000000,-0.000000,0.907835
3,-0.037900,-0.024250,0.907835
4,-0.075799,-0.048500,0.907835
0,0.056284,0.021336,0.958165
1,0.028142,0.010668,0.958165
2,-0.000000,-0.000000,0.958165
3,-0.028142,-0.010668,0.958165
4,-0.056284,-0.021336,0.958165
0,-0.024702,-0.085290,0.910192
1,-0.012351,-0.042645,0.910192
2,-0.000000,0.000000,0.910192
3,0.012351,0.042645,0.910192
4,0.024702,0.085290,0.910192
0,0.043097,-0.030223,0.967938
1,0.021549,-0.015112,0.967938
2,-0.000000,-0.000000,0.967938
3,-0.021549,0.015112,0.967938
4,-0.043097,0.030223,0.967938
0,-0.025271,-0.001208,0.992574
1,-0.012635,-0.000604,0.992574
2,0.000000,0.000000,0.992574
3,0.012635,0.000604,0.992574
4,0.025271,0.001208,0.992574
0,0.020791,0.083823,0.914916
1,0.010396,0.041911,0.914916
2,-0.000000,-0.000000,0.914916
3,-0.010396,-0.041911,0.914916
4,-0.020791,-0.083823,0.914916
0,0.042488,0.023225,0.972844
1,0.021244,0.011613,0.972844
2,0.000000,0.000000,0.972844
3,-0.021244,-0.011613,0.972844
4,-0.042488,-0.023225,0.972844
0,-0.067920,-0.033775,0.933984
1,-0.033960,-0.016888,0.933984
2,0.000000,0.000000,0.933984
3,0.033960,0.016888,0.933984
4,0.067920,0.033775,0.933984
0,0.030451,0.063042,0.943611
1,0.015226,0.031521,0.943611
2,-0.000000,-0.000000,0.943611
3,-0.015226,-0.031521,0.943611
4,-0.030451,-0.063042,0.943611
0,-0.031189,0.047162,0.963044
1,-0.015594,0.023581,0.963044
2,-0.000000,0.000000,0.963044
3,0.015594,-0.023581,0.963044
4,0.031189,-0.047162,0.963044
0,0.074712,-0.032005,0.924418
1,0.037356,-0.016003,0.924418
2,0.000000,0.000000,0.924418
3,-0.037356,0.016003,0.924418
4,-0.074712,0.032005,0.924418
0,-0.062428,0.046651,0.930389
1,-0.031214,0.023325,0.930389
2,0.000000,0.000000,0.930389
3,0.031214,-0.023325,0.930389
4,0.062428,-0.046651,0.930389
0,-0.079223,-0.032798,0.916102
1,-0.039611,-0.016399,0.916102
2,0.000000,0.000000,0.916102
3,0.039611,0.016399,0.916102
4,0.079223,0.032798,0.916102
0,0.033818,0.015563,0.983924
1,0.016909,0.007781,0.983924
2,-0.000000,-0.000000,0.983924
3,-0.016909,-0.007781,0.983924
4,-0.033818,-0.015563,0.983924
0,-0.066393,0.059859,0.909012
1,-0.033197,0.029930,0.909012
2,0.000000,0.000000,0.909012
3,0.033197,-0.029930,0.909012
4,0.066393,-0.059859,0.909012
0,-0.016543,-0.068807,0.942405
1,-0.008272,-0.034404,0.942405
2,0.000000,0.000000,0.942405
3,0.008272,0.034404,0.942405
4,0.016543,0.068807,0.942405
0,0.082264,0.042542,0.902547
1,0.041132,0.021271,0.902547
2,0.000000,-0.000000,0.902547
3,-0.041132,-0.021271,0.902547
4,-0.082264,-0.042542,0.902547
0,0.070142,-0.015749,0.940595
1,0.035071,-0.007874,0.940595
2,0.000000,0.000000,0.940595
3,-0.035071,0.007874,0.940595
4,-0.070142,0.015749,0.940595
0,-0.004427,0.029779,0.989482
1,-0.002214,0.014890,0.989482
2,0.000000,0.000000,0.989482
3,0.002214,-0.014890,0.989482
4,0.004427,-0.029779,0.989482
0,0.037835,0.062845,0.938187
1,0.018918,0.031423,0.938187
2,-0.000000,-0.000000,0.938187
3,-0.018918,-0.031423,0.938187
4,-0.037835,-0.062845,0.938187
0,0.081771,0.035376,0.909602
1,0.040885,0.017688,0.909602
2,-0.000000,-0.000000,0.909602
3,-0.040885,-0.017688,0.909602
4,-0.081771,-0.035376,0.909602
0,-0.034701,-0.034551,0.972230
1,-0.017350,-0.017276,0.972230
2,-0.000000,-0.000000,0.972230
3,0.017350,0.017276,0.972230
4,0.034701,0.034551,0.972230
0,0.049477,0.067313,0.920255
1,0.024739,0.033657,0.920255
2,0.000000,-0.000000,0.920255
3,-0.024739,-0.033657,0.920255
4,-0.049477,-0.067313,0.920255
0,-0.085107,-0.024252,0.910783
1,-0.042554,-0.012126,0.910783
2,0.000000,0.000000,0.910783
3,0.042554,0.012126,0.910783
4,0.085107,0.024252,0.910783
0,0.049550,0.044351,0.949053
1,0.024775,0.022175,0.949053
2,-0.000000,-0.000000,0.949053
3,-0.024775,-0.022175,0.949053
4,-0.049550,-0.044351,0.949053
0,0.030446,-0.080488,0.915509
1,0.015223,-0.040244,0.915509
2,0.000000,0.000000,0.915509
3,-0.015223,0.040244,0.915509
4,-0.030446,0.080488,0.915509
0,0.048738,-0.049729,0.944214
1,0.024369,-0.024864,0.944214
2,-0.000000,-0.000000,0.944214
3,-0.024369,0.024864,0.944214
4,-0.048738,0.049729,0.944214
0,0.017401,-0.008421,0.995666
1,0.008701,-0.004210,0.995666
2,0.000000,-0.000000,0.995666
3,-0.008701,0.004210,0.995666
4,-0.017401,0.008421,0.995666
0,0.005053,0.061298,0.956339
1,0.002526,0.030649,0.956339
2,-0.000000,0.000000,0.956339
3,-0.002526,-0.030649,0.956339
4,-0.005053,-0.061298,0.956339
0,0.015619,-0.051833,0.966101
1,0.007810,-0.025917,0.966101
2,-0.000000,-0.000000,0.966101
3,-0.007810,0.025917,0.966101
4,-0.015619,0.051833,0.966101
0,0.068892,0.053593,0.913144
1,0.034446,0.026797,0.913144
2,0.000000,-0.000000,0.913144
3,-0.034446,-0.026797,0.913144
4,-0.068892,-0.053593,0.913144
0,-0.006220,0.049657,0.971003
1,-0.003110,0.024828,0.971003
2,-0.000000,-0.000000,0.971003
3,0.003110,-0.024828,0.971003
4,0.006220,-0.049657,0.971003
0,-0.029526,-0.049850,0.961213
1,-0.014763,-0.024925,0.961213
2,0.000000,-0.000000,0.961213
3,0.014763,0.024925,0.961213
4,0.029526,0.049850,0.961213
0,0.034334,-0.074748,0.922633
1,0.017167,-0.037374,0.922633
2,-0.000000,0.000000,0.922633
3,-0.017167,0.037374,0.922633
4,-0.034334,0.074748,0.922633
0,0.030748,0.082175,0.912258
1,0.015374,0.041088,0.912258
2,-0.000000,-0.000000,0.912258
3,-0.015374,-0.041088,0.912258
4,-0.030748,-0.082175,0.912258
0,-0.065863,-0.040690,0.931287
1,-0.032931,-0.020345,0.931287
2,-0.000000,-0.000000,0.931287
3,0.032931,0.020345,0.931287
4,0.065863,0.040690,0.931287
0,-0.082095,0.023076,0.916991
1,-0.041047,0.011538,0.916991
2,0.000000,-0.000000,0.916991
3,0.041047,-0.011538,0.916991
4,0.082095,-0.023076,0.916991
0,0.033272,0.052496,0.955426
1,0.016636,0.026248,0.955426
2,0.000000,0.000000,0.955426
3,-0.016636,-0.026248,0.955426
4,-0.033272,-0.052496,0.955426
0,-0.051642,0.051841,0.938488
1,-0.025821,0.025920,0.938488
2,0.000000,0.000000,0.938488
3,0.025821,-0.025920,0.938488
4,0.051642,-0.051841,0.938488
0,-0.052157,0.008779,0.967631
1,-0.026079,0.004390,0.967631
2,-0.000000,0.000000,0.967631
3,0.026079,-0.004390,0.967631
4,0.052157,-0.008779,0.967631
0,-0.041289,-0.048694,0.952995
1,-0.020644,-0.024347,0.952995
2,-0.000000,-0.000000,0.952995
3,0.020644,0.024347,0.952995
4,0.041289,0.048694,0.952995
0,0.046885,0.059853,0.933683
1,0.023442,0.029926,0.933683
2,0.000000,0.000000,0.933683
3,-0.023442,-0.029926,0.933683
4,-0.046885,-0.059853,0.933683
0,-0.016823,0.054227,0.962739
1,-0.008412,0.027114,0.962739
2,0.000000,0.000000,0.962739
3,0.008412,-0.027114,0.962739
4,0.016823,-0.054227,0.962739
0,0.057504,0.063812,0.915805
1,0.028752,0.031906,0.915805
2,0.000000,0.000000,0.915805
3,-0.028752,-0.031906,0.915805
4,-0.057504,-0.063812,0.915805
0,-0.052558,-0.053960,0.934883
1,-0.026279,-0.026980,0.934883
2,0.000000,-0.000000,0.934883
3,0.026279,0.026980,0.934883
4,0.052558,0.053960,0.934883
0,0.007212,-0.036884,0.983616
1,0.003606,-0.018442,0.983616
2,-0.000000,-0.000000,0.983616
3,-0.003606,0.018442,0.983616
4,-0.007212,0.036884,0.983616
0,-0.042034,0.036745,0.963961
1,-0.021017,0.018373,0.963961
2,0.000000,-0.000000,0.963961
3,0.021017,-0.018373,0.963961
4,0.042034,-0.036745,0.963961
0,-0.004281,0.018132,0.995975
1,-0.002141,0.009066,0.995975
2,-0.000000,-0.000000,0.995975
3,0.002141,-0.009066,0.995975
4,0.004281,-0.018132,0.995975
0,0.069298,0.025665,0.937286
1,0.034649,0.012832,0.937286
2,0.000000,-0.000000,0.937286
3,-0.034649,-0.012832,0.937286
4,-0.069298,-0.025665,0.937286
0,-0.002240,0.089514,0.908717
1,-0.001120,0.044757,0.908717
2,0.000000,-0.000000,0.908717
3,0.001120,-0.044757,0.908717
4,0.002240,-0.089514,0.908717
0,-0.064950,-0.058079,0.913438
1,-0.032475,-0.029040,0.913438
2,-0.000000,-0.000000,0.913438
3,0.032475,0.029040,0.913438
4,0.064950,0.058079,0.913438
0,-0.038085,-0.066608,0.932484
1,-0.019043,-0.033304,0.932484
2,0.000000,0.000000,0.932484
3,0.019043,0.033304,0.932484
4,0.038085,0.066608,0.932484
0,0.035953,0.018245,0.981149
1,0.017977,0.009123,0.981149
2,-0.000000,0.000000,0.981149
3,-0.017977,-0.009123,0.981149
4,-0.035953,-0.018245,0.981149
0,0.089502,-0.020817,0.904014
1,0.044751,-0.010409,0.904014
2,0.000000,0.000000,0.904014
3,-0.044751,0.010409,0.904014
4,-0.089502,0.020817,0.904014
0,0.037955,0.072793,0.922930
1,0.018977,0.036396,0.922930
2,-0.000000,-0.000000,0.922930
3,-0.018977,-0.036396,0.922930
4,-0.037955,-0.072793,0.922930
0,0.053565,-0.024915,0.959689
1,0.026782,-0.012458,0.959689
2,-0.000000,-0.000000,0.959689
3,-0.026782,0.012458,0.959689
4,-0.053565,0.024915,0.959689
0,0.002826,0.042159,0.979301
1,0.001413,0.021079,0.979301
2,0.000000,-0.000000,0.979301
3,-0.001413,-0.021079,0.979301
4,-0.002826,-0.042159,0.979301
0,0.045674,-0.080732,0.902255
1,0.022837,-0.040366,0.902255
2,-0.000000,-0.000000,0.902255
3,-0.022837,0.040366,0.902255
4,-0.045674,0.080732,0.902255
0,-0.039946,0.020068,0.976838
1,-0.019973,0.010034,0.976838
2,0.000000,0.000000,0.976838
3,0.019973,-0.010034,0.976838
4,0.039946,-0.020068,0.976838
0,0.092140,0.018084,0.899912
1,0.046070,0.009042,0.899912
2,-0.000000,0.000000,0.899912
3,-0.046070,-0.009042,0.899912
4,-0.092140,-0.018084,0.899912
0,-0.019879,-0.049553,0.967018
1,-0.009940,-0.024777,0.967018
2,-0.000000,-0.000000,0.967018
3,0.009940,0.024777,0.967018
4,0.019879,0.049553,0.967018
0,-0.023814,0.083494,0.914031
1,-0.011907,0.041747,0.914031
2,-0.000000,0.000000,0.914031
3,0.011907,-0.041747,0.914031
4,0.023814,-0.083494,0.914031
0,0.028551,0.040117,0.971923
1,0.014276,0.020059,0.971923
2,0.000000,0.000000,0.971923
3,-0.014276,-0.020059,0.971923
4,-0.028551,-0.040117,0.971923
0,-0.044540,0.062048,0.933085
1,-0.022270,0.031024,0.933085
2,-0.000000,0.000000,0.933085
3,0.022270,-0.031024,0.933085
4,0.044540,-0.062048,0.933085
0,-0.054806,-0.016529,0.962129
1,-0.027403,-0.008265,0.962129
2,0.000000,0.000000,0.962129
3,0.027403,0.008265,0.962129
4,0.054806,0.016529,0.962129
0,-0.077872,0.009452,0.929493
1,-0.038936,0.004726,0.929493
2,0.000000,0.000000,0.929493
3,0.038936,-0.004726,0.929493
4,0.077872,-0.009452,0.929493
0,0.004193,-0.024410,0.992883
1,0.002096,-0.012205,0.992883
2,0.000000,-0.000000,0.992883
3,-0.002096,0.012205,0.992883
4,-0.004193,0.024410,0.992883
0,-0.020008,0.000117,0.995357
1,-0.010004,0.000059,0.995357
2,0.000000,-0.000000,0.995357
3,0.010004,-0.000059,0.995357
4,0.020008,-0.000117,0.995357
0,-0.020324,-0.058280,0.956034
1,-0.010162,-0.029140,0.956034
2,0.000000,-0.000000,0.956034
3,0.010162,0.029140,0.956034
4,0.020324,0.058280,0.956034
0,0.077280,-0.019857,0.927103
1,0.038640,-0.009929,0.927103
2,-0.000000,-0.000000,0.927103
3,-0.038640,0.009929,0.927103
4,-0.077280,0.019857,0.927103
0,0.035886,-0.079732,0.912847
1,0.017943,-0.039866,0.912847
2,-0.000000,-0.000000,0.912847
3,-0.017943,0.039866,0.912847
4,-0.035886,0.079732,0.912847
0,-0.029907,-0.028007,0.980533
1,-0.014954,-0.014003,0.980533
2,0.000000,0.000000,0.980533
3,0.014954,0.014003,0.980533
4,0.029907,0.028007,0.980533
0,-0.070653,-0.042904,0.921889
1,-0.035326,-0.021452,0.921889
2,-0.000000,-0.000000,0.921889
3,0.035326,0.021452,0.921889
4,0.070653,0.042904,0.921889
0,0.050060,0.077661,0.902987
1,0.025030,0.038830,0.902987
2,0.000000,-0.000000,0.902987
3,-0.025030,-0.038831,0.902987
4,-0.050060,-0.077661,0.902987
0,0.027361,0.010855,0.989946
1,0.013681,0.005427,0.989946
2,0.000000,0.000000,0.989946
3,-0.013681,-0.005427,0.989946
4,-0.027361,-0.010855,0.989946
0,0.051338,-0.034841,0.955577
1,0.025669,-0.017421,0.955577
2,0.000000,0.000000,0.955577
3,-0.025669,0.017421,0.955577
4,-0.051338,0.034841,0.955577
0,-0.017726,0.042787,0.975147
1,-0.008863,0.021393,0.975147
2,0.000000,0.000000,0.975147
3,0.008863,-0.021393,0.975147
4,0.017726,-0.042787,0.975147
0,-0.074378,-0.004698,0.936234
1,-0.037189,-0.002349,0.936234
2,0.000000,-0.000000,0.936234
3,0.037189,0.002349,0.936234
4,0.074378,0.004698,0.936234
0,0.059656,0.033807,0.945876
1,0.029828,0.016904,0.945876
2,0.000000,-0.000000,0.945876
3,-0.029828,-0.016904,0.945876
4,-0.059656,-0.033807,0.945876
0,-0.031666,-0.008762,0.987474
1,-0.015833,-0.004381,0.987474
2,-0.000000,-0.000000,0.987474
3,0.015833,0.004381,0.987474
4,0.031666,0.008762,0.987474
0,0.020497,0.060353,0.953148
1,0.010249,0.030176,0.953148
2,-0.000000,-0.000000,0.953148
3,-0.010249,-0.030176,0.953148
4,-0.020497,-0.060353,0.953148
0,-0.038448,0.029660,0.972690
1,-0.019224,0.014830,0.972690
2,0.000000,-0.000000,0.972690
3,0.019224,-0.014830,0.972690
4,0.038448,-0.029660,0.972690
0,0.056519,-0.071622,0.905334
1,0.028260,-0.035811,0.905334
2,-0.000000,-0.000000,0.905334
3,-0.028260,0.035811,0.905334
4,-0.056519,0.071622,0.905334
0,-0.068040,0.016894,0.943460
1,-0.034020,0.008447,0.943460
2,0.000000,-0.000000,0.943460
3,0.034020,-0.008447,0.943460
4,0.068040,-0.016894,0.943460
0,-0.005956,-0.009231,0.998602
1,-0.002978,-0.004615,0.998602
2,-0.000000,0.000000,0.998602
3,0.002978,0.004615,0.998602
4,0.005956,0.009231,0.998602
0,0.027537,-0.014653,0.988710
1,0.013769,-0.007326,0.988710
2,-0.000000,-0.000000,0.988710
3,-0.013769,0.007326,0.988710
4,-0.027537,0.014653,0.988710
0,-0.062071,-0.062758,0.911224
1,-0.031036,-0.031379,0.911224
2,0.000000,0.000000,0.911224
3,0.031036,0.031379,0.911224
4,0.062071,0.062758,0.911224
0,-0.031738,0.058094,0.949507
1,-0.015869,0.029047,0.949507
2,0.000000,0.000000,0.949507
3,0.015869,-0.029047,0.949507
4,0.031738,-0.058094,0.949507
0,-0.051458,0.005447,0.969009
1,-0.025729,0.002724,0.969009
2,0.000000,-0.000000,0.969009
3,0.025729,-0.002724,0.969009
4,0.051458,-0.005447,0.969009
0,-0.032888,-0.070748,0.930240
1,-0.016444,-0.035374,0.930240
2,-0.000000,-0.000000,0.930240
3,0.016444,0.035374,0.930240
4,0.032888,0.070748,0.930240
0,0.034235,-0.032854,0.973919
1,0.017118,-0.016427,0.973919
2,0.000000,0.000000,0.973919
3,-0.017118,0.016427,0.973919
4,-0.034235,0.032854,0.973919
0,-0.000967,0.055703,0.964114
1,-0.000483,0.027851,0.964114
2,-0.000000,0.000000,0.964114
3,0.000483,-0.027851,0.964114
4,0.000967,-0.055703,0.964114
0,-0.076899,-0.024484,0.925461
1,-0.038450,-0.012242,0.925461
2,-0.000000,0.000000,0.925461
3,0.038450,0.012242,0.925461
4,0.076899,0.024484,0.925461
0,-0.004134,-0.017795,0.996130
1,-0.002067,-0.008898,0.996130
2,-0.000000,-0.000000,0.996130
3,0.002067,0.008898,0.996130
4,0.004134,0.017795,0.996130
0,-0.027148,0.004784,0.991182
1,-0.013574,0.002392,0.991182
2,0.000000,0.000000,0.991182
3,0.013574,-0.002392,0.991182
4,0.027148,-0.004784,0.991182
0,0.047737,0.013628,0.971463
1,0.023868,0.006814,0.971463
2,0.000000,0.000000,0.971463
3,-0.023868,-0.006814,0.971463
4,-0.047737,-0.013628,0.971463
0,-0.050012,-0.058074,0.932635
1,-0.025006,-0.029037,0.932635
2,0.000000,-0.000000,0.932635
3,0.025006,0.029037,0.932635
4,0.050012,0.058074,0.932635
0,0.020305,-0.034640,0.981303
1,0.010152,-0.017320,0.981303
2,0.000000,-0.000000,0.981303
3,-0.010152,0.017320,0.981303
4,-0.020305,0.034640,0.981303
0,-0.089202,-0.021762,0.904160
1,-0.044601,-0.010881,0.904160
2,0.000000,-0.000000,0.904160
3,0.044601,0.010881,0.904160
4,0.089202,0.021762,0.904160
0,0.026365,-0.078681,0.921294
1,0.013182,-0.039341,0.921294
2,-0.000000,-0.000000,0.921294
3,-0.013182,0.039341,0.921294
4,-0.026365,0.078681,0.921294
0,-0.058932,-0.001912,0.959841
1,-0.029466,-0.000956,0.959841
2,-0.000000,0.000000,0.959841
3,0.029466,0.000956,0.959841
4,0.058932,0.001912,0.959841
0,-0.028444,-0.010519,0.989328
1,-0.014222,-0.005259,0.989328
2,0.000000,-0.000000,0.989328
3,0.014222,0.005259,0.989328
4,0.028444,0.010519,0.989328
0,0.027092,0.043478,0.969623
1,0.013546,0.021739,0.969623
2,-0.000000,0.000000,0.969623
3,-0.013546,-0.021739,0.969623
4,-0.027092,-0.043478,0.969623
0,-0.049076,0.060209,0.930838
1,-0.024538,0.030104,0.930838
2,0.000000,-0.000000,0.930838
3,0.024538,-0.030104,0.930838
4,0.049076,-0.060209,0.930838
0,-0.048002,-0.070766,0.916545
1,-0.024001,-0.035383,0.916545
2,0.000000,-0.000000,0.916545
3,0.024001,0.035383,0.916545
4,0.048002,0.070766,0.916545
0,-0.046377,-0.006884,0.974533
1,-0.023188,-0.003442,0.974533
2,0.000000,0.000000,0.974533
3,0.023188,0.003442,0.974533
4,0.046377,0.006884,0.974533
0,0.078770,-0.044267,0.907100
1,0.039385,-0.022134,0.907100
2,-0.000000,-0.000000,0.907100
3,-0.039385,0.022133,0.907100
4,-0.078770,0.044267,0.907100
0,-0.039362,-0.003092,0.981919
1,-0.019681,-0.001546,0.981919
2,0.000000,-0.000000,0.981919
3,0.019681,0.001546,0.981919
4,0.039362,0.003092,0.981919
0,0.049264,0.028924,0.962281
1,0.024632,0.014462,0.962281
2,-0.000000,0.000000,0.962281
3,-0.024632,-0.014462,0.962281
4,-0.049264,-0.028924,0.962281
0,-0.071994,-0.038596,0.923674
1,-0.035997,-0.019298,0.923674
2,0.000000,0.000000,0.923674
3,0.035997,0.019298,0.923674
4,0.071994,0.038596,0.923674
0,0.009304,-0.009349,0.997984
1,0.004652,-0.004674,0.997984
2,-0.000000,-0.000000,0.997984
3,-0.004652,0.004674,0.997984
4,-0.009304,0.009349,0.997984
0,0.002387,0.031946,0.988092
1,0.001194,0.015973,0.988092
2,0.000000,-0.000000,0.988092
3,-0.001194,-0.015973,0.988092
4,-0.002387,-0.031946,0.988092
0,-0.065047,-0.014294,0.948902
1,-0.032524,-0.007147,0.948902
2,-0.000000,0.000000,0.948902
3,0.032524,0.007147,0.948902
4,0.065047,0.014294,0.948902
0,0.078268,0.003778,0.929641
1,0.039134,0.001889,0.929641
2,-0.000000,-0.000000,0.929641
3,-0.039134,-0.001889,0.929641
4,-0.078268,-0.003778,0.929641
0,-0.019794,-0.014433,0.993037
1,-0.009897,-0.007216,0.993037
2,0.000000,0.000000,0.993037
3,0.009897,0.007216,0.993037
4,0.019794,0.014433,0.993037
0,0.018733,-0.060485,0.953755
1,0.009366,-0.030242,0.953755
2,0.000000,0.000000,0.953755
3,-0.009366,0.030242,0.953755
4,-0.018733,0.060485,0.953755
0,-0.061910,0.043372,0.934434
1,-0.030955,0.021686,0.934434
2,-0.000000,0.000000,0.934434
3,0.030955,-0.021686,0.934434
4,0.061910,-0.043372,0.934434
0,0.038094,-0.001118,0.983153
1,0.019047,-0.000559,0.983153
2,-0.000000,0.000000,0.983153
3,-0.019047,0.000559,0.983153
4,-0.038094,0.001118,0.983153
0,-0.055096,0.011020,0.963502
1,-0.027548,0.005510,0.963502
2,0.000000,0.000000,0.963502
3,0.027548,-0.005510,0.963502
4,0.055096,-0.011020,0.963502
0,0.018451,-0.041848,0.975763
1,0.009225,-0.020924,0.975763
2,-0.000000,-0.000000,0.975763
3,-0.009225,0.020924,0.975763
4,-0.018451,0.041848,0.975763
0,-0.023798,0.048761,0.965948
1,-0.011899,0.024380,0.965948
2,-0.000000,0.000000,0.965948
3,0.011899,-0.024380,0.965948
4,0.023798,-0.048761,0.965948
0,-0.011423,-0.026128,0.990564
1,-0.005712,-0.013064,0.990564
2,0.000000,-0.000000,0.990564
3,0.005712,0.013064,0.990564
4,0.011423,0.026128,0.990564
0,0.056757,-0.052015,0.932036
1,0.028379,-0.026008,0.932036
2,-0.000000,0.000000,0.932036
3,-0.028379,0.026008,0.932036
4,-0.056757,0.052015,0.932036
0,-0.043727,0.056237,0.941652
1,-0.021864,0.028119,0.941652
2,0.000000,-0.000000,0.941652
3,0.021864,-0.028119,0.941652
4,0.043727,-0.056237,0.941652
0,0.041593,0.003930,0.979763
1,0.020796,0.001965,0.979763
2,0.000000,-0.000000,0.979763
3,-0.020796,-0.001965,0.979763
4,-0.041593,-0.003930,0.979763
0,0.076106,-0.014654,0.931137
1,0.038053,-0.007327,0.931137
2,-0.000000,-0.000000,0.931137
3,-0.038053,0.007327,0.931137
4,-0.076106,0.014654,0.931137
0,-0.052905,0.078683,0.898010
1,-0.026452,0.039342,0.898010
2,-0.000000,0.000000,0.898010
3,0.026452,-0.039342,0.898010
4,0.052905,-0.078683,0.898010
0,0.033791,-0.040853,0.967479
1,0.016895,-0.020426,0.967479
2,-0.000000,0.000000,0.967479
3,-0.016895,0.020426,0.967479
4,-0.033791,0.040853,0.967479
0,0.078384,0.036802,0.914473
1,0.039192,0.018401,0.914473
2,0.000000,-0.000000,0.914473
3,-0.039192,-0.018401,0.914473
4,-0.078384,-0.036802,0.914473
0,-0.005321,-0.038781,0.982228
1,-0.002660,-0.019391,0.982228
2,-0.000000,0.000000,0.982228
3,0.002660,0.019391,0.982228
4,0.005321,0.038782,0.982228
0,-0.083168,0.037865,0.905041
1,-0.041584,0.018933,0.905041
2,-0.000000,0.000000,0.905041
3,0.041584,-0.018933,0.905041
4,0.083168,-0.037865,0.905041
0,0.068411,0.016170,0.943159
1,0.034205,0.008085,0.943159
2,-0.000000,0.000000,0.943159
3,-0.034205,-0.008085,0.943159
4,-0.068411,-0.016170,0.943159
0,0.014211,-0.080276,0.923972
1,0.007105,-0.040138,0.923972
2,0.000000,0.000000,0.923972
3,-0.007105,0.040138,0.923972
4,-0.014211,0.080276,0.923972
0,0.004800,0.011148,0.998293
1,0.002400,0.005574,0.998293
2,-0.000000,0.000000,0.998293
3,-0.002400,-0.005574,0.998293
4,-0.004800,-0.011148,0.998293
0,-0.015403,0.070879,0.939543
1,-0.007702,0.035440,0.939543
2,-0.000000,0.000000,0.939543
3,0.007702,-0.035440,0.939543
4,0.015403,-0.070879,0.939543
0,0.071926,0.036963,0.925163
1,0.035963,0.018482,0.925163
2,-0.000000,0.000000,0.925163
3,-0.035963,-0.018482,0.925163
4,-0.071926,-0.036963,0.925163
0,-0.039223,0.062736,0.937135
1,-0.019611,0.031368,0.937135
2,0.000000,-0.000000,0.937135
3,0.019611,-0.031368,0.937135
4,0.039223,-0.062736,0.937135
0,0.070097,-0.051878,0.913291
1,0.035049,-0.025939,0.913291
2,-0.000000,-0.000000,0.913291
3,-0.035049,0.025939,0.913291
4,-0.070097,0.051878,0.913291
0,0.020390,0.074058,0.932336
1,0.010195,0.037029,0.932336
2,-0.000000,-0.000000,0.932336
3,-0.010195,-0.037029,0.932336
4,-0.020390,-0.074058,0.932336
0,-0.004395,0.057655,0.961366
1,-0.002198,0.028828,0.961366
2,0.000000,0.000000,0.961366
3,0.002198,-0.028828,0.961366
4,0.004395,-0.057655,0.961366
0,0.000362,-0.009691,0.998911
1,0.000181,-0.004846,0.998911
2,0.000000,-0.000000,0.998911
3,-0.000181,0.004846,0.998911
4,-0.000362,0.009691,0.998911
0,-0.053348,0.063769,0.920996
1,-0.026674,0.031885,0.920996
2,-0.000000,-0.000000,0.920996
3,0.026674,-0.031885,0.920996
4,0.053348,-0.063769,0.920996
0,0.012104,0.092036,0.902107
1,0.006052,0.046018,0.902107
2,0.000000,0.000000,0.902107
3,-0.006052,-0.046018,0.902107
4,-0.012104,-0.092036,0.902107
0,-0.014869,-0.086855,0.911520
1,-0.007434,-0.043427,0.911520
2,-0.000000,0.000000,0.911520
3,0.007434,0.043427,0.911520
4,0.014869,0.086855,0.911520
0,-0.059124,0.029325,0.949811
1,-0.029562,0.014663,0.949811
2,-0.000000,-0.000000,0.949811
3,0.029562,-0.014663,0.949811
4,0.059124,-0.029325,0.949811
0,-0.036623,0.068695,0.930538
1,-0.018311,0.034347,0.930538
2,-0.000000,0.000000,0.930538
3,0.018311,-0.034347,0.930538
4,0.036623,-0.068695,0.930538
0,-0.023042,-0.058297,0.954666
1,-0.011521,-0.029148,0.954666
2,-0.000000,-0.000000,0.954666
3,0.011521,0.029148,0.954666
4,0.023042,0.058297,0.954666
0,0.074663,-0.030195,0.925760
1,0.037332,-0.015097,0.925760
2,0.000000,0.000000,0.925760
3,-0.037332,0.015097,0.925760
4,-0.074663,0.030195,0.925760
0,0.045262,-0.071252,0.918620
1,0.022631,-0.035626,0.918620
2,0.000000,-0.000000,0.918620
3,-0.022631,0.035626,0.918620
4,-0.045262,0.071252,0.918620
0,0.023752,-0.063281,0.947389
1,0.011876,-0.031640,0.947389
2,0.000000,-0.000000,0.947389
3,-0.011876,0.031640,0.947389
4,-0.023752,0.063281,0.947389
0,0.026654,-0.004780,0.991491
1,0.013327,-0.002390,0.991491
2,0.000000,-0.000000,0.991491
3,-0.013327,0.002390,0.991491
4,-0.026654,0.004780,0.991491
0,0.083719,0.003185,0.919809
1,0.041860,0.001592,0.919809
2,0.000000,0.000000,0.919809
3,-0.041860,-0.001592,0.919809
4,-0.083719,-0.003185,0.919809
0,-0.014099,0.041309,0.977915
1,-0.007050,0.020654,0.977915
2,-0.000000,0.000000,0.977915
3,0.007050,-0.020654,0.977915
4,0.014099,-0.041309,0.977915
0,0.052829,0.040881,0.948599
1,0.026414,0.020440,0.948599
2,-0.000000,0.000000,0.948599
3,-0.026414,-0.020440,0.948599
4,-0.052829,-0.040881,0.948599
0,0.011969,0.021988,0.992728
1,0.005985,0.010994,0.992728
2,0.000000,0.000000,0.992728
3,-0.005985,-0.010994,0.992728
4,-0.011969,-0.021988,0.992728
0,-0.042960,0.046802,0.953451
1,-0.021480,0.023401,0.953451
2,0.000000,0.000000,0.953451
3,0.021480,-0.023401,0.953451
4,0.042960,-0.046802,0.953451
0,0.063693,0.065121,0.905629
1,0.031846,0.032560,0.905629
2,0.000000,-0.000000,0.905629
3,-0.031846,-0.032560,0.905629
4,-0.063693,-0.065121,0.905629
0,-0.058983,-0.055803,0.924568
1,-0.029491,-0.027901,0.924568
2,0.000000,-0.000000,0.924568
3,0.029491,0.027901,0.924568
4,0.058983,0.055803,0.924568
0,0.021816,0.057853,0.955883
1,0.010908,0.028926,0.955883
2,-0.000000,0.000000,0.955883
3,-0.010908,-0.028926,0.955883
4,-0.021816,-0.057853,0.955883
0,0.067057,-0.059897,0.907981
1,0.033529,-0.029949,0.907981
2,-0.000000,-0.000000,0.907981
3,-0.033529,0.029949,0.907981
4,-0.067057,0.059897,0.907981
0,0.038660,-0.052483,0.951023
1,0.019330,-0.026241,0.951023
2,-0.000000,-0.000000,0.951023
3,-0.019330,0.026241,0.951023
4,-0.038660,0.052483,0.951023
0,0.033619,-0.023705,0.980378
1,0.016809,-0.011852,0.980378
2,0.000000,-0.000000,0.980378
3,-0.016809,0.011852,0.980378
4,-0.033619,0.023705,0.980378
0,-0.072552,-0.056981,0.903281
1,-0.036276,-0.028491,0.903281
2,-0.000000,-0.000000,0.903281
3,0.036276,0.028491,0.903281
4,0.072552,0.056981,0.903281
0,-0.058222,-0.002634,0.960755
1,-0.029111,-0.001317,0.960755
2,0.000000,0.000000,0.960755
3,0.029111,0.001317,0.960755
4,0.058222,0.002634,0.960755
0,0.028199,-0.030281,0.980148
1,0.014099,-0.015141,0.980148
2,-0.000000,-0.000000,0.980148
3,-0.014099,0.015141,0.980148
4,-0.028199,0.030281,0.980148
0,0.059993,-0.025882,0.950796
1,0.029996,-0.012941,0.950796
2,0.000000,-0.000000,0.950796
3,-0.029996,0.012941,0.950796
4,-0.059993,0.025882,0.950796
0,-0.038247,-0.025988,0.975224
1,-0.019124,-0.012994,0.975224
2,0.000000,0.000000,0.975224
3,0.019124,0.012994,0.975224
4,0.038247,0.025988,0.975224
0,-0.028503,0.090245,0.898376
1,-0.014252,0.045123,0.898376
2,-0.000000,-0.000000,0.898376
3,0.014252,-0.045123,0.898376
4,0.028503,-0.090245,0.898376
0,0.019661,-0.071839,0.936309
1,0.009831,-0.035920,0.936309
2,0.000000,-0.000000,0.936309
3,-0.009831,0.035920,0.936309
4,-0.019661,0.071839,0.936309
0,-0.007913,0.079606,0.926729
1,-0.003956,0.039803,0.926729
2,0.000000,-0.000000,0.926729
3,0.003956,-0.039803,0.926729
4,0.007913,-0.079606,0.926729
0,-0.014458,0.003394,0.997443
1,-0.007229,0.001697,0.997443
2,-0.000000,0.000000,0.997443
3,0.007229,-0.001697,0.997443
4,0.014458,-0.003394,0.997443
0,0.041796,0.072747,0.919585
1,0.020898,0.036373,0.919585
2,0.000000,-0.000000,0.919585
3,-0.020898,-0.036373,0.919585
4,-0.041796,-0.072747,0.919585
0,-0.038813,-0.061870,0.938714
1,-0.019407,-0.030935,0.938714
2,-0.000000,0.000000,0.938714
3,0.019407,0.030935,0.938714
4,0.038813,0.061870,0.938714
0,0.044563,0.049962,0.948372
1,0.022282,0.024981,0.948372
2,0.000000,-0.000000,0.948372
3,-0.022282,-0.024981,0.948372
4,-0.044563,-0.049962,0.948372
0,-0.047739,0.022326,0.967862
1,-0.023870,0.011163,0.967862
2,0.000000,0.000000,0.967862
3,0.023870,-0.011163,0.967862
4,0.047739,-0.022326,0.967862
0,0.069903,-0.036059,0.929117
1,0.034952,-0.018029,0.929117
2,-0.000000,0.000000,0.929117
3,-0.034952,0.018029,0.929117
4,-0.069903,0.036059,0.929117
0,0.017012,-0.084710,0.914845
1,0.008506,-0.042355,0.914845
2,0.000000,-0.000000,0.914845
3,-0.008506,0.042355,0.914845
4,-0.017012,0.084710,0.914845
0,-0.033447,-0.019501,0.982613
1,-0.016724,-0.009751,0.982613
2,-0.000000,-0.000000,0.982613
3,0.016724,0.009751,0.982613
4,0.033447,0.019501,0.982613
0,-0.021410,0.088651,0.905409
1,-0.010705,0.044326,0.905409
2,0.000000,0.000000,0.905409
3,0.010705,-0.044326,0.905409
4,0.021410,-0.088651,0.905409
0,0.051164,-0.047859,0.943535
1,0.025582,-0.023930,0.943535
2,-0.000000,-0.000000,0.943535
3,-0.025582,0.023930,0.943535
4,-0.051164,0.047859,0.943535
0,-0.001788,0.059330,0.959307
1,-0.000894,0.029665,0.959307
2,-0.000000,-0.000000,0.959307
3,0.000894,-0.029665,0.959307
4,0.001788,-0.059330,0.959307
0,-0.049083,-0.044344,0.949584
1,-0.024542,-0.022172,0.949584
2,-0.000000,-0.000000,0.949584
3,0.024542,0.022172,0.949584
4,0.049083,0.044344,0.949584
0,0.020365,-0.047499,0.969086
1,0.010183,-0.023750,0.969086
2,-0.000000,0.000000,0.969086
3,-0.010183,0.023750,0.969086
4,-0.020365,0.047499,0.969086
0,0.061174,-0.014393,0.954438
1,0.030587,-0.007197,0.954438
2,0.000000,0.000000,0.954438
3,-0.030587,0.007197,0.954438
4,-0.061174,0.014393,0.954438
0,0.003673,-0.037135,0.983847
1,0.001837,-0.018567,0.983847
2,-0.000000,0.000000,0.983847
3,-0.001837,0.018567,0.983847
4,-0.003673,0.037135,0.983847
0,-0.047447,0.077199,0.906584
1,-0.023723,0.038600,0.906584
2,0.000000,0.000000,0.906584
3,0.023723,-0.038600,0.906584
4,0.047447,-0.077199,0.906584
0,-0.009133,-0.084036,0.918397
1,-0.004567,-0.042018,0.918397
2,-0.000000,-0.000000,0.918397
3,0.004567,0.042018,0.918397
4,0.009133,0.084036,0.918397
0,-0.024893,0.069435,0.937512
1,-0.012447,0.034718,0.937512
2,0.000000,0.000000,0.937512
3,0.012447,-0.034718,0.937512
4,0.024893,-0.069435,0.937512
0,-0.034339,-0.000500,0.986316
1,-0.017169,-0.000250,0.986316
2,0.000000,0.000000,0.986316
3,0.017169,0.000250,0.986316
4,0.034339,0.000500,0.986316
0,-0.020994,-0.064404,0.947162
1,-0.010497,-0.032202,0.947162
2,-0.000000,-0.000000,0.947162
3,0.010497,0.032202,0.947162
4,0.020994,0.064404,0.947162
0,0.016614,-0.021846,0.991259
1,0.008307,-0.010923,0.991259
2,-0.000000,0.000000,0.991259
3,-0.008307,0.010923,0.991259
4,-0.016614,0.021846,0.991259
0,0.033840,0.054930,0.952009
1,0.016920,0.027465,0.952009
2,0.000000,0.000000,0.952009
3,-0.016920,-0.027465,0.952009
4,-0.033840,-0.054930,0.952009
0,0.013802,-0.057267,0.959916
1,0.006901,-0.028633,0.959916
2,0.000000,-0.000000,0.959916
3,-0.006901,0.028633,0.959916
4,-0.013802,0.057267,0.959916
0,-0.003051,-0.077573,0.930912
1,-0.001525,-0.038787,0.930912
2,-0.000000,-0.000000,0.930912
3,0.001525,0.038787,0.930912
4,0.003051,0.077573,0.930912
0,-0.038264,-0.049316,0.955046
1,-0.019132,-0.024658,0.955046
2,0.000000,0.000000,0.955046
3,0.019132,0.024658,0.955046
4,0.038264,0.049316,0.955046
0,0.055121,0.050620,0.935708
1,0.027561,0.025310,0.935708
2,-0.000000,-0.000000,0.935708
3,-0.027561,-0.025310,0.935708
4,-0.055121,-0.050620,0.935708
0,-0.031443,0.018722,0.984464
1,-0.015722,0.009361,0.984464
2,0.000000,0.000000,0.984464
3,0.015722,-0.009361,0.984464
4,0.031443,-0.018722,0.984464
0,0.089645,0.011018,0.907173
1,0.044823,0.005509,0.907173
2,-0.000000,-0.000000,0.907173
3,-0.044823,-0.005509,0.907173
4,-0.089645,-0.011018,0.907173
0,-0.022153,0.050528,0.964801
1,-0.011076,0.025264,0.964801
2,-0.000000,-0.000000,0.964801
3,0.011076,-0.025264,0.964801
4,0.022153,-0.050528,0.964801
0,-0.061968,0.057028,0.918991
1,-0.030984,0.028514,0.918991
2,0.000000,0.000000,0.918991
3,0.030984,-0.028514,0.918991
4,0.061968,-0.057028,0.918991
0,-0.033935,0.058170,0.947766
1,-0.016967,0.029085,0.947766
2,0.000000,0.000000,0.947766
3,0.016967,-0.029085,0.947766
4,0.033935,-0.058170,0.947766
0,0.007293,0.078656,0.928521
1,0.003647,0.039328,0.928521
2,0.000000,0.000000,0.928521
3,-0.003647,-0.039328,0.928521
4,-0.007293,-0.078656,0.928521
0,0.056718,0.065586,0.914253
1,0.028359,0.032793,0.914253
2,0.000000,-0.000000,0.914253
3,-0.028359,-0.032793,0.914253
4,-0.056718,-0.065586,0.914253
0,-0.001476,0.012850,0.998061
1,-0.000738,0.006425,0.998061
2,-0.000000,0.000000,0.998061
3,0.000738,-0.006425,0.998061
4,0.001476,-0.012850,0.998061
0,0.014228,0.087382,0.910707
1,0.007114,0.043691,0.910707
2,0.000000,0.000000,0.910707
3,-0.007114,-0.043691,0.910707
4,-0.014228,-0.087382,0.910707
0,-0.047795,0.003706,0.973381
1,-0.023897,0.001853,0.973381
2,0.000000,-0.000000,0.973381
3,0.023897,-0.001853,0.973381
4,0.047795,-0.003706,0.973381
0,-0.059649,-0.036014,0.944138
1,-0.029824,-0.018007,0.944138
2,-0.000000,-0.000000,0.944138
3,0.029824,0.018007,0.944138
4,0.059649,0.036014,0.944138
0,-0.002074,0.045614,0.975839
1,-0.001037,0.022807,0.975839
2,-0.000000,0.000000,0.975839
3,0.001037,-0.022807,0.975839
4,0.002074,-0.045614,0.975839
0,0.055378,-0.076398,0.898961
1,0.027689,-0.038199,0.898961
2,0.000000,-0.000000,0.898961
3,-0.027689,0.038199,0.898961
4,-0.055378,0.076398,0.898961
0,0.067796,0.006755,0.946556
1,0.033898,0.003378,0.946556
2,0.000000,0.000000,0.946556
3,-0.033898,-0.003378,0.946556
4,-0.067796,-0.006755,0.946556
0,0.049255,-0.009223,0.970925
1,0.024628,-0.004612,0.970925
2,-0.000000,0.000000,0.970925
3,-0.024628,0.004612,0.970925
4,-0.049255,0.009223,0.970925
0,-0.040293,0.005938,0.980764
1,-0.020147,0.002969,0.980764
2,0.000000,-0.000000,0.980764
3,0.020147,-0.002969,0.980764
4,0.040293,-0.005938,0.980764
0,0.038985,0.083411,0.903646
1,0.019492,0.041706,0.903646
2,0.000000,0.000000,0.903646
3,-0.019492,-0.041706,0.903646
4,-0.038985,-0.083411,0.903646
0,0.055298,0.017480,0.961137
1,0.027649,0.008740,0.961137
2,0.000000,0.000000,0.961137
3,-0.027649,-0.008740,0.961137
4,-0.055298,-0.017480,0.961137
0,-0.051930,-0.063843,0.922557
1,-0.025965,-0.031922,0.922557
2,0.000000,0.000000,0.922557
3,0.025965,0.031922,0.922557
4,0.051930,0.063843,0.922557
0,-0.039124,0.014423,0.979840
1,-0.019562,0.007211,0.979840
2,0.000000,0.000000,0.979840
3,0.019562,-0.007211,0.979840
4,0.039124,-0.014423,0.979840
0,-0.008749,0.028458,0.989714
1,-0.004375,0.014229,0.989714
2,-0.000000,-0.000000,0.989714
3,0.004375,-0.014229,0.989714
4,0.008749,-0.028458,0.989714
0,-0.017983,-0.047620,0.970006
1,-0.008992,-0.023810,0.970006
2,-0.000000,-0.000000,0.970006
3,0.008992,0.023810,0.970006
4,0.017983,0.047620,0.970006
0,-0.019905,-0.008004,0.994661
1,-0.009953,-0.004002,0.994661
2,0.000000,0.000000,0.994661
3,0.009953,0.004002,0.994661
4,0.019905,0.008004,0.994661
0,-0.007788,0.084959,0.916916
1,-0.003894,0.042480,0.916916
2,0.000000,0.000000,0.916916
3,0.003894,-0.042480,0.916916
4,0.007788,-0.084959,0.916916
0,0.004986,-0.094649,0.898083
1,0.002493,-0.047325,0.898083
2,-0.000000,0.000000,0.898083
3,-0.002493,0.047325,0.898083
4,-0.004986,0.094649,0.898083
0,-0.048777,0.056523,0.936009
1,-0.024389,0.028262,0.936009
2,0.000000,0.000000,0.936009
3,0.024389,-0.028262,0.936009
4,0.048777,-0.056523,0.936009
0,0.034848,-0.009909,0.984773
1,0.017424,-0.004955,0.984773
2,-0.000000,-0.000000,0.984773
3,-0.017424,0.004955,0.984773
4,-0.034848,0.009909,0.984773
0,-0.048503,-0.076016,0.907468
1,-0.024251,-0.038008,0.907468
2,-0.000000,-0.000000,0.907468
3,0.024251,0.038008,0.907468
4,0.048503,0.076016,0.907468
0,0.015363,0.003343,0.997134
1,0.007682,0.001671,0.997134
2,0.000000,0.000000,0.997134
3,-0.007682,-0.001671,0.997134
4,-0.015363,-0.003343,0.997134
0,-0.093178,0.009383,0.900423
1,-0.046589,0.004691,0.900423
2,0.000000,0.000000,0.900423
3,0.046589,-0.004691,0.900423
4,0.093178,-0.009383,0.900423
0,-0.012037,0.051568,0.967555
1,-0.006018,0.025784,0.967555
2,-0.000000,0.000000,0.967555
3,0.006018,-0.025784,0.967555
4,0.012037,-0.051568,0.967555
0,0.048369,-0.029845,0.962662
1,0.024184,-0.014923,0.962662
2,0.000000,-0.000000,0.962662
3,-0.024184,0.014923,0.962662
4,-0.048369,0.029845,0.962662
0,-0.011793,-0.001261,0.998370
1,-0.005896,-0.000630,0.998370
2,0.000000,0.000000,0.998370
3,0.005896,0.000630,0.998370
4,0.011793,0.001261,0.998370
0,-0.065232,-0.031611,0.939616
1,-0.032616,-0.015806,0.939616
2,0.000000,0.000000,0.939616
3,0.032616,0.015806,0.939616
4,0.065232,0.031611,0.939616
0,0.029467,0.059446,0.949280
1,0.014734,0.029723,0.949280
2,0.000000,0.000000,0.949280
3,-0.014734,-0.029723,0.949280
4,-0.029467,-0.059446,0.949280
0,-0.028205,0.043612,0.968780
1,-0.014103,0.021806,0.968780
2,0.000000,0.000000,0.968780
3,0.014103,-0.021806,0.968780
4,0.028205,-0.043612,0.968780
0,0.071514,-0.031504,0.930015
1,0.035757,-0.015752,0.930015
2,0.000000,0.000000,0.930015
3,-0.035757,0.015752,0.930015
4,-0.071514,0.031504,0.930015
0,0.001106,0.023782,0.993424
1,0.000553,0.011891,0.993424
2,-0.000000,-0.000000,0.993424
3,-0.000553,-0.011891,0.993424
4,-0.001106,-0.023782,0.993424
0,-0.067474,0.044499,0.925237
1,-0.033737,0.022249,0.925237
2,0.000000,-0.000000,0.925237
3,0.033737,-0.022249,0.925237
4,0.067474,-0.044499,0.925237
0,0.050030,0.079836,0.899253
1,0.025015,0.039918,0.899253
2,0.000000,0.000000,0.899253
3,-0.025015,-0.039918,0.899253
4,-0.050030,-0.079836,0.899253
0,0.085372,-0.027130,0.908644
1,0.042686,-0.013565,0.908644
2,0.000000,0.000000,0.908644
3,-0.042686,0.013565,0.908644
4,-0.085372,0.027130,0.908644
0,0.055149,0.057257,0.927624
1,0.027575,0.028629,0.927624
2,-0.000000,0.000000,0.927624
3,-0.027575,-0.028629,0.927624
4,-0.055149,-0.057257,0.927624
0,-0.024825,0.012791,0.990950
1,-0.012413,0.006395,0.990950
2,-0.000000,0.000000,0.990950
3,0.012413,-0.006395,0.990950
4,0.024825,-0.012791,0.990950
0,-0.003902,-0.083010,0.921070
1,-0.001951,-0.041505,0.921070
2,0.000000,-0.000000,0.921070
3,0.001951,0.041505,0.921070
4,0.003902,0.083010,0.921070
0,-0.033990,0.048387,0.959613
1,-0.016995,0.024193,0.959613
2,-0.000000,-0.000000,0.959613
3,0.016995,-0.024193,0.959613
4,0.033990,-0.048387,0.959613
0,-0.059688,-0.049909,0.930614
1,-0.029844,-0.024955,0.930614
2,0.000000,0.000000,0.930614
3,0.029844,0.024955,0.930614
4,0.059688,0.049909,0.930614
0,0.013365,0.061189,0.954742
1,0.006682,0.030595,0.954742
2,0.000000,-0.000000,0.954742
3,-0.006682,-0.030595,0.954742
4,-0.013365,-0.061189,0.954742
0,-0.034410,0.032157,0.974302
1,-0.017205,0.016079,0.974302
2,0.000000,0.000000,0.974302
3,0.017205,-0.016079,0.974302
4,0.034410,-0.032157,0.974302
0,0.073937,-0.012676,0.935409
1,0.036969,-0.006338,0.935409
2,-0.000000,0.000000,0.935409
3,-0.036969,0.006338,0.935409
4,-0.073937,0.012676,0.935409
0,0.063652,-0.064286,0.906878
1,0.031826,-0.032143,0.906878
2,0.000000,0.000000,0.906878
3,-0.031826,0.032143,0.906878
4,-0.063652,0.064286,0.906878
0,-0.068510,0.009027,0.945045
1,-0.034255,0.004513,0.945045
2,0.000000,0.000000,0.945045
3,0.034255,-0.004513,0.945045
4,0.068510,-0.009027,0.945045
0,0.028768,0.034315,0.976762
1,0.014384,0.017157,0.976762
2,0.000000,-0.000000,0.976762
3,-0.014384,-0.017157,0.976762
4,-0.028768,-0.034315,0.976762
0,-0.010864,-0.093303,0.899837
1,-0.005432,-0.046652,0.899837
2,0.000000,-0.000000,0.899837
3,0.005432,0.046652,0.899837
4,0.010864,0.093303,0.899837
0,0.026979,-0.020614,0.986625
1,0.013489,-0.010307,0.986625
2,-0.000000,-0.000000,0.986625
3,-0.013489,0.010307,0.986625
4,-0.026979,0.020614,0.986625
0,-0.025110,-0.075074,0.928222
1,-0.012555,-0.037537,0.928222
2,0.000000,-0.000000,0.928222
3,0.012555,0.037537,0.928222
4,0.025110,0.075074,0.928222
0,-0.027094,0.029067,0.981688
1,-0.013547,0.014533,0.981688
2,-0.000000,0.000000,0.981688
3,0.013547,-0.014533,0.981688
4,0.027094,-0.029067,0.981688
0,-0.073539,0.040055,0.919883
1,-0.036770,0.020027,0.919883
2,0.000000,0.000000,0.919883
3,0.036770,-0.020027,0.919883
4,0.073539,-0.040055,0.919883
0,0.059254,0.009599,0.958394
1,0.029627,0.004799,0.958394
2,-0.000000,0.000000,0.958394
3,-0.029627,-0.004799,0.958394
4,-0.059254,-0.009599,0.958394
0,-0.021369,-0.040682,0.975532
1,-0.010684,-0.020341,0.975532
2,-0.000000,-0.000000,0.975532
3,0.010684,0.020341,0.975532
4,0.021369,0.040682,0.975532
0,0.065015,0.035971,0.936610
1,0.032507,0.017986,0.936610
2,-0.000000,-0.000000,0.936610
3,-0.032507,-0.017986,0.936610
4,-0.065015,-0.035971,0.936610
0,0.002030,0.065102,0.951099
1,0.001015,0.032551,0.951099
2,0.000000,-0.000000,0.951099
3,-0.001015,-0.032551,0.951099
4,-0.002030,-0.065102,0.951099
0,0.041044,0.000932,0.980456
1,0.020522,0.000466,0.980456
2,-0.000000,-0.000000,0.980456
3,-0.020522,-0.000466,0.980456
4,-0.041044,-0.000932,0.980456
0,0.071969,-0.057657,0.903354
1,0.035985,-0.028828,0.903354
2,-0.000000,-0.000000,0.903354
3,-0.035985,0.028828,0.903354
4,-0.071969,0.057657,0.903354
0,0.015800,-0.056040,0.960831
1,0.007900,-0.028020,0.960831
2,0.000000,0.000000,0.960831
3,-0.007900,0.028020,0.960831
4,-0.015800,0.056040,0.960831
0,0.024917,0.078603,0.922261
1,0.012458,0.039302,0.922261
2,0.000000,0.000000,0.922261
3,-0.012458,-0.039302,0.922261
4,-0.024917,-0.078603,0.922261
0,0.066172,0.049604,0.921813
1,0.033086,0.024802,0.921813
2,-0.000000,-0.000000,0.921813
3,-0.033086,-0.024802,0.921813
4,-0.066172,-0.049604,0.921813
0,-0.004425,0.041302,0.979994
1,-0.002213,0.020651,0.979994
2,-0.000000,-0.000000,0.979994
3,0.002213,-0.020651,0.979994
4,0.004425,-0.041302,0.979994
0,-0.069883,0.015843,0.940974
1,-0.034941,0.007922,0.940974
2,-0.000000,0.000000,0.940974
3,0.034941,-0.007922,0.940974
4,0.069883,-0.015843,0.940974
0,0.002006,-0.029480,0.989869
1,0.001003,-0.014740,0.989869
2,-0.000000,0.000000,0.989869
3,-0.001003,0.014740,0.989869
4,-0.002006,0.029480,0.989869
0,-0.037081,0.064697,0.936160
1,-0.018541,0.032349,0.936160
2,-0.000000,-0.000000,0.936160
3,0.018541,-0.032349,0.936160
4,0.037081,-0.064697,0.936160
0,-0.029084,-0.062150,0.945801
1,-0.014542,-0.031075,0.945801
2,0.000000,-0.000000,0.945801
3,0.014542,0.031075,0.945801
4,0.029084,0.062150,0.945801
0,0.088081,0.031601,0.900568
1,0.044041,0.015801,0.900568
2,-0.000000,-0.000000,0.900568
3,-0.044041,-0.015801,0.900568
4,-0.088081,-0.031601,0.900568
0,-0.035933,0.078659,0.914696
1,-0.017966,0.039330,0.914696
2,-0.000000,-0.000000,0.914696
3,0.017966,-0.039330,0.914696
4,0.035933,-0.078659,0.914696
0,0.009282,0.047734,0.972614
1,0.004641,0.023867,0.972614
2,0.000000,-0.000000,0.972614
3,-0.004641,-0.023867,0.972614
4,-0.009282,-0.047734,0.972614
0,-0.010671,0.069337,0.943384
1,-0.005336,0.034669,0.943384
2,0.000000,0.000000,0.943384
3,0.005336,-0.034669,0.943384
4,0.010671,-0.069337,0.943384
0,-0.055832,0.009985,0.962815
1,-0.027916,0.004993,0.962815
2,0.000000,-0.000000,0.962815
3,0.027916,-0.004993,0.962815
4,0.055832,-0.009985,0.962815
0,0.009253,-0.080874,0.924194
1,0.004626,-0.040437,0.924194
2,-0.000000,-0.000000,0.924194
3,-0.004626,0.040437,0.924194
4,-0.009253,0.080874,0.924194
0,0.076009,-0.034182,0.920625
1,0.038005,-0.017091,0.920625
2,-0.000000,-0.000000,0.920625
3,-0.038005,0.017091,0.920625
4,-0.076009,0.034182,0.920625
0,-0.078026,-0.002332,0.930164
1,-0.039013,-0.001166,0.930164
2,-0.000000,-0.000000,0.930164
3,0.039013,0.001166,0.930164
4,0.078026,0.002332,0.930164
0,-0.044224,-0.017389,0.973842
1,-0.022112,-0.008695,0.973842
2,0.000000,0.000000,0.973842
3,0.022112,0.008695,0.973842
4,0.044224,0.017389,0.973842
0,0.046484,-0.059216,0.934958
1,0.023242,-0.029608,0.934958
2,-0.000000,0.000000,0.934958
3,-0.023242,0.029608,0.934958
4,-0.046484,0.059216,0.934958
0,0.019174,0.032220,0.983692
1,0.009587,0.016110,0.983692
2,-0.000000,0.000000,0.983692
3,-0.009587,-0.016110,0.983692
4,-0.019174,-0.032220,0.983692
0,0.009915,0.080133,0.925387
1,0.004957,0.040067,0.925387
2,0.000000,0.000000,0.925387
3,-0.004957,-0.040067,0.925387
4,-0.009915,-0.080133,0.925387
0,0.008605,-0.033447,0.986161
1,0.004303,-0.016723,0.986161
2,0.000000,0.000000,0.986161
3,-0.004303,0.016723,0.986161
4,-0.008605,0.033447,0.986161
0,-0.042535,0.032986,0.966484
1,-0.021268,0.016493,0.966484
2,-0.000000,-0.000000,0.966484
3,0.021268,-0.016493,0.966484
4,0.042535,-0.032986,0.966484
0,0.079173,-0.006176,0.927775
1,0.039587,-0.003088,0.927775
2,0.000000,0.000000,0.927775
3,-0.039587,0.003088,0.927775
4,-0.079173,0.006176,0.927775
0,-0.032732,-0.064160,0.940371
1,-0.016366,-0.032080,0.940371
2,-0.000000,-0.000000,0.940371
3,0.016366,0.032080,0.940371
4,0.032732,0.064160,0.940371
0,0.032608,0.070548,0.930763
1,0.016304,0.035274,0.930763
2,-0.000000,-0.000000,0.930763
3,-0.016304,-0.035274,0.930763
4,-0.032608,-0.070548,0.930763
0,-0.011352,0.019271,0.994197
1,-0.005676,0.009635,0.994197
2,0.000000,-0.000000,0.994197
3,0.005676,-0.009635,0.994197
4,0.011352,-0.019271,0.994197
0,0.083067,0.020458,0.916471
1,0.041534,0.010229,0.916471
2,-0.000000,-0.000000,0.916471
3,-0.041534,-0.010229,0.916471
4,-0.083067,-0.020458,0.916471
0,0.056119,-0.027571,0.954895
1,0.028059,-0.013785,0.954895
2,0.000000,0.000000,0.954895
3,-0.028059,0.013785,0.954895
4,-0.056119,0.027571,0.954895
0,0.005381,-0.067229,0.947615
1,0.002690,-0.033614,0.947615
2,-0.000000,0.000000,0.947615
3,-0.002690,0.033614,0.947615
4,-0.005381,0.067229,0.947615
0,0.048059,0.023116,0.967096
1,0.024030,0.011558,0.967096
2,-0.000000,0.000000,0.967096
3,-0.024030,-0.011558,0.967096
4,-0.048059,-0.023116,0.967096
0,-0.086011,-0.011572,0.914104
1,-0.043005,-0.005786,0.914104
2,0.000000,-0.000000,0.914104
3,0.043005,0.005786,0.914104
4,0.086011,0.011572,0.914104
0,-0.022416,-0.052609,0.962205
1,-0.011208,-0.026305,0.962205
2,0.000000,-0.000000,0.962205
3,0.011208,0.026305,0.962205
4,0.022416,0.052609,0.962205
0,-0.011475,-0.006995,0.997907
1,-0.005738,-0.003498,0.997907
2,-0.000000,-0.000000,0.997907
3,0.005738,0.003498,0.997907
4,0.011475,0.006995,0.997907
0,-0.003311,0.066567,0.948826
1,-0.001656,0.033284,0.948826
2,-0.000000,-0.000000,0.948826
3,0.001656,-0.033284,0.948826
4,0.003311,-0.066567,0.948826
0,-0.049971,-0.038972,0.953679
1,-0.024986,-0.019486,0.953679
2,-0.000000,0.000000,0.953679
3,0.024986,0.019486,0.953679
4,0.049971,0.038972,0.953679
0,-0.046422,0.071114,0.917656
1,-0.023211,0.035557,0.917656
2,-0.000000,-0.000000,0.917656
3,0.023211,-0.035557,0.917656
4,0.046422,-0.071114,0.917656
0,-0.029565,-0.034989,0.975685
1,-0.014783,-0.017494,0.975685
2,0.000000,-0.000000,0.975685
3,0.014783,0.017494,0.975685
4,0.029565,0.034989,0.975685
0,0.021720,0.027825,0.985544
1,0.010860,0.013913,0.985544
2,-0.000000,-0.000000,0.985544
3,-0.010860,-0.013913,0.985544
4,-0.021720,-0.027825,0.985544
0,-0.022715,-0.060935,0.951250
1,-0.011358,-0.030467,0.951250
2,-0.000000,0.000000,0.951250
3,0.011358,0.030467,0.951250
4,0.022715,0.060935,0.951250
0,-0.071346,-0.029041,0.931961
1,-0.035673,-0.014520,0.931961
2,0.000000,0.000000,0.931961
3,0.035673,0.014520,0.931961
4,0.071346,0.029041,0.931961
0,0.025631,-0.031862,0.980610
1,0.012816,-0.015931,0.980610
2,-0.000000,0.000000,0.980610
3,-0.012816,0.015931,0.980610
4,-0.025631,0.031862,0.980610
0,0.000764,0.006845,0.999451
1,0.000382,0.003423,0.999451
2,-0.000000,0.000000,0.999451
3,-0.000382,-0.003423,0.999451
4,-0.000764,-0.006845,0.999451
0,-0.057847,-0.010509,0.960069
1,-0.028923,-0.005254,0.960069
2,0.000000,-0.000000,0.960069
3,0.028923,0.005254,0.960069
4,0.057847,0.010509,0.960069
0,0.021565,-0.002927,0.994506
1,0.010782,-0.001463,0.994506
2,-0.000000,0.000000,0.994506
3,-0.010782,0.001463,0.994506
4,-0.021565,0.002927,0.994506
0,0.034125,0.012704,0.984618
1,0.017062,0.006352,0.984618
2,0.000000,-0.000000,0.984618
3,-0.017062,-0.006352,0.984618
4,-0.034125,-0.012704,0.984618
0,0.085027,-0.030244,0.907318
1,0.042514,-0.015122,0.907318
2,0.000000,0.000000,0.907318
3,-0.042514,0.015122,0.907318
4,-0.085027,0.030244,0.907318
0,-0.014088,0.007877,0.996980
1,-0.007044,0.003938,0.996980
2,0.000000,0.000000,0.996980
3,0.007044,-0.003938,0.996980
4,0.014088,-0.007877,0.996980
0,0.036638,-0.086262,0.900277
1,0.018319,-0.043131,0.900277
2,-0.000000,0.000000,0.900277
3,-0.018319,0.043131,0.900277
4,-0.036638,0.086262,0.900277
0,-0.072861,-0.008103,0.938264
1,-0.036430,-0.004051,0.938264
2,0.000000,-0.000000,0.938264
3,0.036430,0.004051,0.938264
4,0.072861,0.008103,0.938264
0,-0.016509,-0.028987,0.987088
1,-0.008255,-0.014494,0.987088
2,0.000000,0.000000,0.987088
3,0.008255,0.014494,0.987088
4,0.016509,0.028987,0.987088
0,0.052234,-0.059146,0.928670
1,0.026117,-0.029573,0.928670
2,-0.000000,0.000000,0.928670
3,-0.026117,0.029573,0.928670
4,-0.052234,0.059146,0.928670
0,0.004964,0.075999,0.933459
1,0.002482,0.038000,0.933459
2,0.000000,0.000000,0.933459
3,-0.002482,-0.038000,0.933459
4,-0.004964,-0.075999,0.933459
0,-0.035539,0.024405,0.978454
1,-0.017769,0.012202,0.978454
2,-0.000000,0.000000,0.978454
3,0.017769,-0.012202,0.978454
4,0.035539,-0.024405,0.978454
0,-0.002304,0.031638,0.988324
1,-0.001152,0.015819,0.988324
2,-0.000000,-0.000000,0.988324
3,0.001152,-0.015819,0.988324
4,0.002304,-0.031638,0.988324
0,0.053847,-0.070180,0.910854
1,0.026923,-0.035090,0.910854
2,0.000000,0.000000,0.910854
3,-0.026923,0.035090,0.910854
4,-0.053847,0.070180,0.910854
0,-0.064267,0.016889,0.949129
1,-0.032134,0.008445,0.949129
2,0.000000,-0.000000,0.949129
3,0.032134,-0.008445,0.949129
4,0.064267,-0.016889,0.949129
0,-0.032525,0.061512,0.944291
1,-0.016263,0.030756,0.944291
2,0.000000,-0.000000,0.944291
3,0.016263,-0.030756,0.944291
4,0.032525,-0.061512,0.944291
0,-0.029996,-0.075143,0.925089
1,-0.014998,-0.037572,0.925089
2,0.000000,-0.000000,0.925089
3,0.014998,0.037572,0.925089
4,0.029996,0.075143,0.925089
0,-0.075152,0.044315,0.913216
1,-0.037576,0.022158,0.913216
2,-0.000000,0.000000,0.913216
3,0.037576,-0.022158,0.913216
4,0.075152,-0.044315,0.913216
0,-0.037956,-0.032514,0.971079
1,-0.018978,-0.016257,0.971079
2,0.000000,-0.000000,0.971079
3,0.018978,0.016257,0.971079
4,0.037956,0.032514,0.971079
0,0.033155,0.076288,0.920923
1,0.016577,0.038144,0.920923
2,-0.000000,0.000000,0.920923
3,-0.016577,-0.038144,0.920923
4,-0.033155,-0.076288,0.920923
0,0.041333,0.009844,0.979070
1,0.020666,0.004922,0.979070
2,-0.000000,-0.000000,0.979070
3,-0.020666,-0.004922,0.979070
4,-0.041333,-0.009844,0.979070
0,-0.049497,-0.052579,0.940069
1,-0.024748,-0.026290,0.940069
2,-0.000000,0.000000,0.940069
3,0.024748,0.026290,0.940069
4,0.049497,0.052579,0.940069
0,0.014417,-0.027298,0.988941
1,0.007209,-0.013649,0.988941
2,0.000000,0.000000,0.988941
3,-0.007209,0.013649,0.988941
4,-0.014417,0.027298,0.988941
0,-0.086485,-0.017084,0.911447
1,-0.043242,-0.008542,0.911447
2,-0.000000,-0.000000,0.911447
3,0.043242,0.008542,0.911447
4,0.086485,0.017084,0.911447
0,-0.062734,0.000742,0.954590
1,-0.031367,0.000371,0.954590
2,-0.000000,-0.000000,0.954590
3,0.031367,-0.000371,0.954590
4,0.062734,-0.000742,0.954590
0,-0.015820,-0.044511,0.974148
1,-0.007910,-0.022255,0.974148
2,-0.000000,0.000000,0.974148
3,0.007910,0.022255,0.974148
4,0.015820,0.044511,0.974148
0,-0.053829,0.059962,0.925686
1,-0.026914,0.029981,0.925686
2,-0.000000,0.000000,0.925686
3,0.026914,-0.029981,0.925686
4,0.053829,-0.059962,0.925686
0,0.010011,0.060190,0.957024
1,0.005005,0.030095,0.957024
2,-0.000000,0.000000,0.957024
3,-0.005005,-0.030095,0.957024
4,-0.010011,-0.060190,0.957024
0,-0.044570,-0.005649,0.976608
1,-0.022285,-0.002825,0.976608
2,0.000000,-0.000000,0.976608
3,0.022285,0.002825,0.976608
4,0.044570,0.005649,0.976608
0,0.072789,0.047540,0.913808
1,0.036395,0.023770,0.913808
2,-0.000000,-0.000000,0.913808
3,-0.036395,-0.023770,0.913808
4,-0.072789,-0.047540,0.913808
0,0.065891,0.025687,0.942480
1,0.032946,0.012843,0.942480
2,0.000000,-0.000000,0.942480
3,-0.032946,-0.012843,0.942480
4,-0.065891,-0.025687,0.942480
0,-0.022563,-0.080725,0.919733
1,-0.011282,-0.040363,0.919733
2,0.000000,0.000000,0.919733
3,0.011282,0.040363,0.919733
4,0.022563,0.080725,0.919733
0,-0.072789,-0.058584,0.900862
1,-0.036395,-0.029292,0.900862
2,-0.000000,-0.000000,0.900862
3,0.036395,0.029292,0.900862
4,0.072789,0.058584,0.900862
0,-0.032498,-0.001858,0.987705
1,-0.016249,-0.000929,0.987705
2,-0.000000,0.000000,0.987705
3,0.016249,0.000929,0.987705
4,0.032498,0.001858,0.987705
0,-0.030834,-0.059313,0.948524
1,-0.015417,-0.029656,0.948524
2,0.000000,-0.000000,0.948524
3,0.015417,0.029656,0.948524
4,0.030834,0.059313,0.948524
0,0.017370,-0.018212,0.992651
1,0.008685,-0.009106,0.992651
2,-0.000000,-0.000000,0.992651
3,-0.008685,0.009106,0.992651
4,-0.017370,0.018212,0.992651
0,-0.027048,0.040080,0.972921
1,-0.013524,0.020040,0.972921
2,0.000000,-0.000000,0.972921
3,0.013524,-0.020040,0.972921
4,0.027048,-0.040080,0.972921
0,0.001037,0.038531,0.982768
1,0.000519,0.019265,0.982768
2,-0.000000,-0.000000,0.982768
3,-0.000519,-0.019265,0.982768
4,-0.001037,-0.038531,0.982768
0,-0.033711,-0.088357,0.898523
1,-0.016856,-0.044178,0.898523
2,0.000000,-0.000000,0.898523
3,0.016856,0.044178,0.898523
4,0.033711,0.088357,0.898523
0,-0.058979,0.045339,0.936460
1,-0.029490,0.022669,0.936460
2,-0.000000,-0.000000,0.936460
3,0.029490,-0.022669,0.936460
4,0.058979,-0.045339,0.936460
0,0.003932,-0.079819,0.926879
1,0.001966,-0.039909,0.926879
2,-0.000000,-0.000000,0.926879
3,-0.001966,0.039909,0.926879
4,-0.003932,0.079819,0.926879
0,0.026593,0.011802,0.990178
1,0.013297,0.005901,0.990178
2,-0.000000,0.000000,0.990178
3,-0.013297,-0.005901,0.990178
4,-0.026593,-0.011802,0.990178
0,0.090245,0.019313,0.903206
1,0.045123,0.009657,0.903206
2,-0.000000,-0.000000,0.903206
3,-0.045123,-0.009657,0.903206
4,-0.090245,-0.019313,0.903206
0,-0.000857,-0.001851,0.999952
1,-0.000428,-0.000926,0.999952
2,-0.000000,0.000000,0.999952
3,0.000428,0.000926,0.999952
4,0.000857,0.001851,0.999952
0,-0.020684,0.089997,0.903097
1,-0.010342,0.044998,0.903097
2,0.000000,-0.000000,0.903097
3,0.010342,-0.044998,0.903097
4,0.020684,-0.089997,0.903097
0,-0.038984,0.052402,0.950834
1,-0.019492,0.026201,0.950834
2,0.000000,-0.000000,0.950834
3,0.019492,-0.026201,0.950834
4,0.038984,-0.052402,0.950834
0,0.047549,-0.017325,0.970350
1,0.023775,-0.008662,0.970350
2,0.000000,0.000000,0.970350
3,-0.023775,0.008662,0.970350
4,-0.047549,0.017325,0.970350
0,0.061569,0.058805,0.917249
1,0.030785,0.029402,0.917249
2,0.000000,-0.000000,0.917249
3,-0.030785,-0.029402,0.917249
4,-0.061569,-0.058805,0.917249
0,-0.013920,-0.060380,0.955692
1,-0.006960,-0.030190,0.955692
2,-0.000000,0.000000,0.955692
3,0.006960,0.030190,0.955692
4,0.013920,0.060380,0.955692
0,0.080357,-0.049962,0.898412
1,0.040178,-0.024981,0.898412
2,-0.000000,0.000000,0.898412
3,-0.040178,0.024981,0.898412
4,-0.080357,0.049962,0.898412
0,0.013748,-0.033070,0.985120
1,0.006874,-0.016535,0.985120
2,-0.000000,0.000000,0.985120
3,-0.006874,0.016535,0.985120
4,-0.013748,0.033070,0.985120
0,0.012788,0.067293,0.945990
1,0.006394,0.033646,0.945990
2,-0.000000,0.000000,0.945990
3,-0.006394,-0.033646,0.945990
4,-0.012788,-0.067293,0.945990
0,-0.038342,0.038951,0.965451
1,-0.019171,0.019475,0.965451
2,0.000000,0.000000,0.965451
3,0.019171,-0.019475,0.965451
4,0.038342,-0.038951,0.965451
0,0.078196,-0.016789,0.926767
1,0.039098,-0.008395,0.926767
2,0.000000,0.000000,0.926767
3,-0.039098,0.008395,0.926767
4,-0.078196,0.016789,0.926767
0,0.056480,-0.062013,0.919622
1,0.028240,-0.031007,0.919622
2,0.000000,-0.000000,0.919622
3,-0.028240,0.031007,0.919622
4,-0.056480,0.062013,0.919622
0,0.005169,-0.043533,0.977723
1,0.002584,-0.021767,0.977723
2,0.000000,0.000000,0.977723
3,-0.002584,0.021767,0.977723
4,-0.005169,0.043533,0.977723
0,-0.021299,-0.024818,0.987590
1,-0.010649,-0.012409,0.987590
2,0.000000,0.000000,0.987590
3,0.010649,0.012409,0.987590
4,0.021299,0.024818,0.987590
0,0.033941,-0.057678,0.948409
1,0.016970,-0.028839,0.948409
2,0.000000,-0.000000,0.948409
3,-0.016970,0.028839,0.948409
4,-0.033941,0.057678,0.948409
0,0.032726,0.041269,0.967900
1,0.016363,0.020635,0.967900
2,0.000000,-0.000000,0.967900
3,-0.016363,-0.020635,0.967900
4,-0.032726,-0.041269,0.967900
0,-0.073038,0.029136,0.929156
1,-0.036519,0.014568,0.929156
2,-0.000000,-0.000000,0.929156
3,0.036519,-0.014568,0.929156
4,0.073038,-0.029136,0.929156
0,0.034092,-0.045145,0.963006
1,0.017046,-0.022572,0.963006
2,-0.000000,-0.000000,0.963006
3,-0.017046,0.022572,0.963006
4,-0.034092,0.045145,0.963006
0,0.042877,0.069073,0.924381
1,0.021439,0.034536,0.924381
2,0.000000,-0.000000,0.924381
3,-0.021439,-0.034536,0.924381
4,-0.042877,-0.069073,0.924381
0,0.056618,-0.017727,0.959345
1,0.028309,-0.008864,0.959345
2,0.000000,0.000000,0.959345
3,-0.028309,0.008864,0.959345
4,-0.056618,0.017727,0.959345
0,0.006023,0.042179,0.978954
1,0.003011,0.021089,0.978954
2,0.000000,-0.000000,0.978954
3,-0.003011,-0.021089,0.978954
4,-0.006023,-0.042179,0.978954
0,-0.037093,-0.035941,0.969124
1,-0.018547,-0.017970,0.969124
2,0.000000,-0.000000,0.969124
3,0.018547,0.017970,0.969124
4,0.037093,0.035941,0.969124
0,-0.035217,0.012204,0.983886
1,-0.017608,0.006102,0.983886
2,0.000000,0.000000,0.983886
3,0.017608,-0.006102,0.983886
4,0.035217,-0.012204,0.983886
0,0.052697,0.017800,0.964229
1,0.026348,0.008900,0.964229
2,0.000000,-0.000000,0.964229
3,-0.026348,-0.008900,0.964229
4,-0.052697,-0.017800,0.964229
0,0.093394,0.011156,0.899583
1,0.046697,0.005578,0.899583
2,-0.000000,-0.000000,0.899583
3,-0.046697,-0.005578,0.899583
4,-0.093394,-0.011156,0.899583
0,0.061712,-0.040364,0.937549
1,0.030856,-0.020182,0.937549
2,-0.000000,-0.000000,0.937549
3,-0.030856,0.020182,0.937549
4,-0.061712,0.040364,0.937549
0,-0.013663,0.031455,0.986355
1,-0.006831,0.015727,0.986355
2,-0.000000,0.000000,0.986355
3,0.006831,-0.015727,0.986355
4,0.013663,-0.031455,0.986355
0,0.020095,0.045285,0.971577
1,0.010047,0.022643,0.971577
2,0.000000,-0.000000,0.971577
3,-0.010047,-0.022643,0.971577
4,-0.020095,-0.045285,0.971577
0,0.036192,-0.017098,0.981418
1,0.018096,-0.008549,0.981418
2,-0.000000,-0.000000,0.981418
3,-0.018096,0.008549,0.981418
4,-0.036192,0.017098,0.981418
0,0.016287,0.093495,0.897827
1,0.008144,0.046748,0.897827
2,-0.000000,0.000000,0.897827
3,-0.008144,-0.046748,0.897827
4,-0.016287,-0.093495,0.897827
0,0.029774,-0.068636,0.935746
1,0.014887,-0.034318,0.935746
2,0.000000,-0.000000,0.935746
3,-0.014887,0.034318,0.935746
4,-0.029774,0.068636,0.935746
0,-0.060381,0.033155,0.945386
1,-0.030190,0.016577,0.945386
2,0.000000,0.000000,0.945386
3,0.030190,-0.016577,0.945386
4,0.060381,-0.033155,0.945386
0,-0.016383,0.001453,0.996864
1,-0.008191,0.000726,0.996864
2,0.000000,0.000000,0.996864
3,0.008191,-0.000726,0.996864
4,0.016383,-0.001453,0.996864
0,-0.024631,-0.055435,0.957518
1,-0.012315,-0.027718,0.957518
2,-0.000000,-0.000000,0.957518
3,0.012315,0.027718,0.957518
4,0.024631,0.055435,0.957518
0,0.037394,0.024016,0.977108
1,0.018697,0.012008,0.977108
2,0.000000,0.000000,0.977108
3,-0.018697,-0.012008,0.977108
4,-0.037394,-0.024016,0.977108
0,0.093016,-0.011898,0.900166
1,0.046508,-0.005949,0.900166
2,0.000000,-0.000000,0.900166
3,-0.046508,0.005949,0.900166
4,-0.093016,0.011898,0.900166
0,0.024568,-0.022786,0.986972
1,0.012284,-0.011393,0.986972
2,0.000000,0.000000,0.986972
3,-0.012284,0.011393,0.986972
4,-0.024568,0.022786,0.986972
0,0.074606,-0.025895,0.928558
1,0.037303,-0.012948,0.928558
2,0.000000,-0.000000,0.928558
3,-0.037303,0.012948,0.928558
4,-0.074606,0.025895,0.928558
0,-0.000907,0.026379,0.991916
1,-0.000454,0.013189,0.991916
2,-0.000000,-0.000000,0.991916
3,0.000454,-0.013189,0.991916
4,0.000907,-0.026379,0.991916
0,0.050098,-0.070748,0.914287
1,0.025049,-0.035374,0.914287
2,-0.000000,-0.000000,0.914287
3,-0.025049,0.035374,0.914287
4,-0.050098,0.070748,0.914287
0,0.075930,0.006718,0.933346
1,0.037965,0.003359,0.933346
2,0.000000,0.000000,0.933346
3,-0.037965,-0.003359,0.933346
4,-0.075930,-0.006718,0.933346
0,0.040396,0.083995,0.901339
1,0.020198,0.041997,0.901339
2,0.000000,0.000000,0.901339
3,-0.020198,-0.041997,0.901339
4,-0.040396,-0.083995,0.901339
0,0.009669,-0.072002,0.939355
1,0.004835,-0.036001,0.939355
2,0.000000,0.000000,0.939355
3,-0.004835,0.036001,0.939355
4,-0.009669,0.072002,0.939355
0,0.030501,0.009272,0.988208
1,0.015251,0.004636,0.988208
2,0.000000,0.000000,0.988208
3,-0.015251,-0.004636,0.988208
4,-0.030501,-0.009272,0.988208
0,-0.042546,-0.051140,0.949015
1,-0.021273,-0.025570,0.949015
2,-0.000000,-0.000000,0.949015
3,0.021273,0.025570,0.949015
4,0.042546,0.051140,0.949015
0,0.027140,-0.044546,0.968512
1,0.013570,-0.022273,0.968512
2,0.000000,0.000000,0.968512
3,-0.013570,0.022273,0.968512
4,-0.027140,0.044546,0.968512
0,0.047702,0.062085,0.929755
1,0.023851,0.031043,0.929755
2,-0.000000,0.000000,0.929755
3,-0.023851,-0.031043,0.929755
4,-0.047702,-0.062085,0.929755
0,0.049220,-0.039708,0.953869
1,0.024610,-0.019854,0.953869
2,0.000000,-0.000000,0.953869
3,-0.024610,0.019854,0.953869
4,-0.049220,0.039708,0.953869
0,-0.075510,0.001472,0.934546
1,-0.037755,0.000736,0.934546
2,-0.000000,-0.000000,0.934546
3,0.037755,-0.000736,0.934546
4,0.075510,-0.001472,0.934546
0,-0.051796,-0.021547,0.963617
1,-0.025898,-0.010773,0.963617
2,-0.000000,-0.000000,0.963617
3,0.025898,0.010773,0.963617
4,0.051796,0.021547,0.963617
0,0.044031,-0.011955,0.975878
1,0.022015,-0.005978,0.975878
2,-0.000000,0.000000,0.975878
3,-0.022015,0.005978,0.975878
4,-0.044031,0.011955,0.975878
0,-0.086761,0.009708,0.913106
1,-0.043380,0.004854,0.913106
2,0.000000,0.000000,0.913106
3,0.043380,-0.004854,0.913106
4,0.086761,-0.009708,0.913106
0,0.077537,0.027521,0.922595
1,0.038768,0.013760,0.922595
2,0.000000,0.000000,0.922595
3,-0.038768,-0.013760,0.922595
4,-0.077537,-0.027521,0.922595
0,-0.000943,0.082755,0.921703
1,-0.000471,0.041377,0.921703
2,0.000000,0.000000,0.921703
3,0.000471,-0.041377,0.921703
4,0.000943,-0.082755,0.921703
0,0.025116,-0.015884,0.989752
1,0.012558,-0.007942,0.989752
2,-0.000000,0.000000,0.989752
3,-0.012558,0.007942,0.989752
4,-0.025116,0.015884,0.989752
0,-0.066209,-0.057602,0.912221
1,-0.033104,-0.028801,0.912221
2,-0.000000,-0.000000,0.912221
3,0.033104,0.028801,0.912221
4,0.066209,0.057602,0.912221
0,-0.050638,-0.004847,0.970045
1,-0.025319,-0.002424,0.970045
2,-0.000000,0.000000,0.970045
3,0.025319,0.002424,0.970045
4,0.050638,0.004847,0.970045
0,-0.093225,0.017000,0.898119
1,-0.046613,0.008500,0.898119
2,-0.000000,-0.000000,0.898119
3,0.046613,-0.008500,0.898119
4,0.093225,-0.017000,0.898119
0,0.003158,0.054808,0.965145
1,0.001579,0.027404,0.965145
2,0.000000,-0.000000,0.965145
3,-0.001579,-0.027404,0.965145
4,-0.003158,-0.054808,0.965145
0,-0.077972,-0.018531,0.926468
1,-0.038986,-0.009265,0.926468
2,-0.000000,-0.000000,0.926468
3,0.038986,0.009265,0.926468
4,0.077972,0.018531,0.926468
0,-0.001502,-0.015544,0.997173
1,-0.000751,-0.007772,0.997173
2,-0.000000,-0.000000,0.997173
3,0.000751,0.007772,0.997173
4,0.001502,0.015544,0.997173
0,0.060312,0.003942,0.957822
1,0.030156,0.001971,0.957822
2,-0.000000,0.000000,0.957822
3,-0.030156,-0.001971,0.957822
4,-0.060312,-0.003942,0.957822
0,0.022842,-0.069541,0.938451
1,0.011421,-0.034770,0.938451
2,-0.000000,0.000000,0.938451
3,-0.011421,0.034770,0.938451
4,-0.022842,0.069541,0.938451
0,-0.026562,-0.084906,0.909860
1,-0.013281,-0.042453,0.909860
2,-0.000000,0.000000,0.909860
3,0.013281,0.042453,0.909860
4,0.026562,0.084906,0.909860
0,0.052918,-0.000651,0.967593
1,0.026459,-0.000326,0.967593
2,0.000000,0.000000,0.967593
3,-0.026459,0.000326,0.967593
4,-0.052918,0.000651,0.967593
0,-0.090097,-0.014945,0.905151
1,-0.045048,-0.007472,0.905151
2,0.000000,-0.000000,0.905151
3,0.045048,0.007472,0.905151
4,0.090097,0.014945,0.905151
0,0.047717,0.051523,0.943272
1,0.023859,0.025761,0.943272
2,-0.000000,-0.000000,0.943272
3,-0.023859,-0.025761,0.943272
4,-0.047717,-0.051523,0.943272
0,0.050649,-0.042819,0.949318
1,0.025325,-0.021410,0.949318
2,-0.000000,-0.000000,0.949318
3,-0.025325,0.021410,0.949318
4,-0.050649,0.042819,0.949318
0,0.022044,-0.008806,0.993463
1,0.011022,-0.004403,0.993463
2,0.000000,0.000000,0.993463
3,-0.011022,0.004403,0.993463
4,-0.022044,0.008806,0.993463
0,-0.008796,0.044471,0.976185
1,-0.004398,0.022235,0.976185
2,0.000000,0.000000,0.976185
3,0.004398,-0.022235,0.976185
4,0.008796,-0.044471,0.976185
0,-0.036353,-0.039822,0.966369
1,-0.018176,-0.019911,0.966369
2,0.000000,-0.000000,0.966369
3,0.018176,0.019911,0.966369
4,0.036353,0.039822,0.966369
0,-0.028731,0.031035,0.979262
1,-0.014366,0.015518,0.979262
2,0.000000,0.000000,0.979262
3,0.014366,-0.015518,0.979262
4,0.028731,-0.031035,0.979262
0,0.069993,-0.017288,0.940256
1,0.034997,-0.008644,0.940256
2,-0.000000,0.000000,0.940256
3,-0.034997,0.008644,0.940256
4,-0.069993,0.017288,0.940256
0,0.004557,0.030259,0.989134
1,0.002279,0.015129,0.989134
2,0.000000,0.000000,0.989134
3,-0.002279,-0.015129,0.989134
4,-0.004557,-0.030259,0.989134
0,0.036893,-0.079961,0.911629
1,0.018447,-0.039980,0.911629
2,-0.000000,0.000000,0.911629
3,-0.018447,0.039980,0.911629
4,-0.036893,0.079961,0.911629
0,-0.009619,-0.050482,0.969431
1,-0.004809,-0.025241,0.969431
2,-0.000000,0.000000,0.969431
3,0.004809,0.025241,0.969431
4,0.009619,0.050482,0.969431
0,0.076524,0.013939,0.930651
1,0.038262,0.006970,0.930651
2,-0.000000,0.000000,0.930651
3,-0.038262,-0.006970,0.930651
4,-0.076524,-0.013939,0.930651
0,-0.016342,-0.015593,0.994081
1,-0.008171,-0.007797,0.994081
2,0.000000,-0.000000,0.994081
3,0.008171,0.007797,0.994081
4,0.016342,0.015593,0.994081
0,-0.058028,0.047506,0.935447
1,-0.029014,0.023753,0.935447
2,0.000000,-0.000000,0.935447
3,0.029014,-0.023753,0.935447
4,0.058028,-0.047506,0.935447
0,0.015963,0.006506,0.996555
1,0.007981,0.003253,0.996555
2,0.000000,0.000000,0.996555
3,-0.007981,-0.003253,0.996555
4,-0.015963,-0.006506,0.996555
0,-0.034475,-0.050178,0.957213
1,-0.017238,-0.025089,0.957213
2,-0.000000,-0.000000,0.957213
3,0.017237,0.025089,0.957213
4,0.034475,0.050178,0.957213
0,-0.088278,-0.032049,0.899873
1,-0.044139,-0.016025,0.899873
2,0.000000,-0.000000,0.899873
3,0.044139,0.016025,0.899873
4,0.088278,0.032049,0.899873
0,0.056328,0.047309,0.937850
1,0.028164,0.023654,0.937850
2,-0.000000,-0.000000,0.937850
3,-0.028164,-0.023654,0.937850
4,-0.056328,-0.047309,0.937850
0,0.088991,0.006958,0.909270
1,0.044496,0.003479,0.909270
2,-0.000000,0.000000,0.909270
3,-0.044496,-0.003479,0.909270
4,-0.088991,-0.006958,0.909270
0,-0.019265,0.049829,0.966981
1,-0.009632,0.024914,0.966981
2,0.000000,-0.000000,0.966981
3,0.009632,-0.024914,0.966981
4,0.019265,-0.049829,0.966981
0,-0.044305,-0.021563,0.971884
1,-0.022152,-0.010782,0.971884
2,0.000000,0.000000,0.971884
3,0.022152,0.010782,0.971884
4,0.044305,0.021563,0.971884
0,0.043532,0.000395,0.978031
1,0.021766,0.000198,0.978031
2,0.000000,0.000000,0.978031
3,-0.021766,-0.000198,0.978031
4,-0.043532,-0.000395,0.978031
0,0.008339,-0.031199,0.987899
1,0.004170,-0.015599,0.987899
2,0.000000,-0.000000,0.987899
3,-0.004170,0.015599,0.987899
4,-0.008339,0.031199,0.987899
0,0.021027,0.063325,0.948712
1,0.010513,0.031662,0.948712
2,-0.000000,0.000000,0.948712
3,-0.010513,-0.031662,0.948712
4,-0.021027,-0.063325,0.948712
0,0.078281,-0.005370,0.929454
1,0.039140,-0.002685,0.929454
2,0.000000,0.000000,0.929454
3,-0.039140,0.002685,0.929454
4,-0.078281,0.005370,0.929454
0,0.053876,-0.067324,0.915176
1,0.026938,-0.033662,0.915176
2,-0.000000,0.000000,0.915176
3,-0.026938,0.033662,0.915176
4,-0.053876,0.067324,0.915176
0,0.031509,-0.062333,0.943875
1,0.015755,-0.031167,0.943875
2,0.000000,-0.000000,0.943875
3,-0.015755,0.031167,0.943875
4,-0.031509,0.062333,0.943875
0,-0.059348,-0.060827,0.917546
1,-0.029674,-0.030414,0.917546
2,0.000000,-0.000000,0.917546
3,0.029674,0.030414,0.917546
4,0.059348,0.060827,0.917546
0,-0.045693,0.004523,0.975570
1,-0.022846,0.002261,0.975570
2,-0.000000,0.000000,0.975570
3,0.022846,-0.002261,0.975570
4,0.045693,-0.004523,0.975570
0,0.030014,0.018846,0.985428
1,0.015007,0.009423,0.985428
2,0.000000,0.000000,0.985428
3,-0.015007,-0.009423,0.985428
4,-0.030014,-0.018846,0.985428
0,-0.073301,-0.023889,0.931850
1,-0.036650,-0.011945,0.931850
2,0.000000,-0.000000,0.931850
3,0.036650,0.011945,0.931850
4,0.073301,0.023889,0.931850
0,-0.080359,0.045199,0.903391
1,-0.040180,0.022600,0.903391
2,-0.000000,0.000000,0.903391
3,0.040180,-0.022600,0.903391
4,0.080359,-0.045199,0.903391
0,-0.043414,-0.038755,0.960870
1,-0.021707,-0.019378,0.960870
2,-0.000000,-0.000000,0.960870
3,0.021707,0.019378,0.960870
4,0.043414,0.038755,0.960870
0,0.000760,0.004111,0.999798
1,0.000380,0.002056,0.999798
2,0.000000,-0.000000,0.999798
3,-0.000380,-0.002056,0.999798
4,-0.000760,-0.004111,0.999798
0,-0.041101,-0.071740,0.921852
1,-0.020550,-0.035870,0.921852
2,-0.000000,-0.000000,0.921852
3,0.020550,0.035870,0.921852
4,0.041101,0.071740,0.921852
0,-0.040313,0.042445,0.960412
1,-0.020156,0.021222,0.960412
2,-0.000000,0.000000,0.960412
3,0.020156,-0.021222,0.960412
4,0.040313,-0.042445,0.960412
0,0.040411,-0.009435,0.980032
1,0.020206,-0.004718,0.980032
2,-0.000000,-0.000000,0.980032
3,-0.020206,0.004718,0.980032
4,-0.040411,0.009435,0.980032
0,-0.084003,-0.038523,0.902951
1,-0.042002,-0.019261,0.902951
2,0.000000,-0.000000,0.902951
3,0.042002,0.019261,0.902951
4,0.084003,0.038523,0.902951
0,0.040605,0.077714,0.912367
1,0.020302,0.038857,0.912367
2,-0.000000,0.000000,0.912367
3,-0.020302,-0.038857,0.912367
4,-0.040605,-0.077714,0.912367
0,-0.051419,-0.057790,0.931399
1,-0.025709,-0.028895,0.931399
2,0.000000,0.000000,0.931399
3,0.025709,0.028895,0.931399
4,0.051419,0.057790,0.931399
0,0.039431,0.047938,0.955540
1,0.019715,0.023969,0.955540
2,0.000000,0.000000,0.955540
3,-0.019715,-0.023969,0.955540
4,-0.039431,-0.047938,0.955540
0,0.002932,-0.093515,0.900605
1,0.001466,-0.046757,0.900605
2,0.000000,-0.000000,0.900605
3,-0.001466,0.046757,0.900605
4,-0.002932,0.093515,0.900605
0,-0.046573,0.056350,0.938602
1,-0.023287,0.028175,0.938602
2,0.000000,0.000000,0.938602
3,0.023287,-0.028175,0.938602
4,0.046573,-0.056350,0.938602
0,0.009135,0.066397,0.948259
1,0.004568,0.033199,0.948259
2,0.000000,0.000000,0.948259
3,-0.004568,-0.033199,0.948259
4,-0.009135,-0.066397,0.948259
0,0.025151,0.004914,0.992380
1,0.012575,0.002457,0.992380
2,-0.000000,0.000000,0.992380
3,-0.012575,-0.002457,0.992380
4,-0.025151,-0.004914,0.992380
0,-0.026156,-0.033830,0.978800
1,-0.013078,-0.016915,0.978800
2,-0.000000,0.000000,0.978800
3,0.013078,0.016915,0.978800
4,0.026156,0.033830,0.978800
0,-0.000110,0.092989,0.901778
1,-0.000055,0.046495,0.901778
2,-0.000000,0.000000,0.901778
3,0.000055,-0.046495,0.901778
4,0.000110,-0.092989,0.901778
0,0.022978,0.021174,0.988671
1,0.011489,0.010587,0.988671
2,0.000000,0.000000,0.988671
3,-0.011489,-0.010587,0.988671
4,-0.022978,-0.021174,0.988671
0,-0.056958,0.033783,0.949469
1,-0.028479,0.016892,0.949469
2,-0.000000,0.000000,0.949469
3,0.028479,-0.016892,0.949469
4,0.056958,-0.033783,0.949469
0,0.027811,0.063547,0.944631
1,0.013905,0.031774,0.944631
2,-0.000000,-0.000000,0.944631
3,-0.013905,-0.031774,0.944631
4,-0.027811,-0.063547,0.944631
0,0.001664,0.018285,0.996091
1,0.000832,0.009142,0.996091
2,0.000000,-0.000000,0.996091
3,-0.000832,-0.009142,0.996091
4,-0.001664,-0.018285,0.996091
0,0.073792,0.002367,0.937398
1,0.036896,0.001183,0.937398
2,0.000000,-0.000000,0.937398
3,-0.036896,-0.001183,0.937398
4,-0.073792,-0.002367,0.937398
0,0.015775,0.051431,0.966521
1,0.007887,0.025716,0.966521
2,0.000000,0.000000,0.966521
3,-0.007887,-0.025716,0.966521
4,-0.015775,-0.051431,0.966521
0,-0.048549,0.010529,0.971424
1,-0.024274,0.005265,0.971424
2,0.000000,0.000000,0.971424
3,0.024274,-0.005265,0.971424
4,0.048549,-0.010529,0.971424
0,0.023604,-0.052564,0.961633
1,0.011802,-0.026282,0.961633
2,-0.000000,0.000000,0.961633
3,-0.011802,0.026282,0.961633
4,-0.023604,0.052564,0.961633
0,0.057708,0.058303,0.923041
1,0.028854,0.029151,0.923041
2,0.000000,-0.000000,0.923041
3,-0.028854,-0.029151,0.923041
4,-0.057708,-0.058303,0.923041
0,-0.007424,0.003954,0.999181
1,-0.003712,0.001977,0.999181
2,-0.000000,-0.000000,0.999181
3,0.003712,-0.001977,0.999181
4,0.007424,-0.003954,0.999181
0,-0.018738,0.037739,0.979416
1,-0.009369,0.018870,0.979416
2,-0.000000,-0.000000,0.979416
3,0.009369,-0.018870,0.979416
4,0.018738,-0.037739,0.979416
0,-0.043837,-0.026570,0.969585
1,-0.021919,-0.013285,0.969585
2,0.000000,0.000000,0.969585
3,0.021919,0.013285,0.969585
4,0.043837,0.026570,0.969585
0,-0.038699,0.049077,0.954933
1,-0.019349,0.024538,0.954933
2,-0.000000,-0.000000,0.954933
3,0.019349,-0.024538,0.954933
4,0.038699,-0.049077,0.954933
0,-0.003530,0.074822,0.935596
1,-0.001765,0.037411,0.935596
2,-0.000000,-0.000000,0.935596
3,0.001765,-0.037411,0.935596
4,0.003530,-0.074822,0.935596
0,-0.084112,-0.005241,0.918881
1,-0.042056,-0.002621,0.918881
2,-0.000000,-0.000000,0.918881
3,0.042056,0.002621,0.918881
4,0.084112,0.005241,0.918881
0,-0.032162,0.030887,0.976954
1,-0.016081,0.015444,0.976954
2,-0.000000,-0.000000,0.976954
3,0.016081,-0.015444,0.976954
4,0.032162,-0.030887,0.976954
0,-0.066715,0.009716,0.947653
1,-0.033358,0.004858,0.947653
2,0.000000,-0.000000,0.947653
3,0.033358,-0.004858,0.947653
4,0.066715,-0.009716,0.947653
0,-0.071648,0.026274,0.933198
1,-0.035824,0.013137,0.933198
2,0.000000,-0.000000,0.933198
3,0.035824,-0.013137,0.933198
4,0.071648,-0.026274,0.933198
0,0.010821,0.007758,0.997946
1,0.005411,0.003879,0.997946
2,0.000000,0.000000,0.997946
3,-0.005411,-0.003879,0.997946
4,-0.010821,-0.007758,0.997946
0,0.026845,-0.034077,0.978185
1,0.013422,-0.017039,0.978185
2,-0.000000,0.000000,0.978185
3,-0.013422,0.017039,0.978185
4,-0.026845,0.034077,0.978185
0,0.037093,0.062572,0.939203
1,0.018546,0.031286,0.939203
2,0.000000,-0.000000,0.939203
3,-0.018546,-0.031286,0.939203
4,-0.037093,-0.062572,0.939203
0,-0.033813,-0.034129,0.973266
1,-0.016906,-0.017064,0.973266
2,0.000000,0.000000,0.973266
3,0.016906,0.017064,0.973266
4,0.033813,0.034129,0.973266
0,0.013877,-0.074328,0.934397
1,0.006938,-0.037164,0.934397
2,0.000000,-0.000000,0.934397
3,-0.006938,0.037164,0.934397
4,-0.013877,0.074328,0.934397
0,0.088623,-0.032547,0.898850
1,0.044312,-0.016273,0.898850
2,0.000000,-0.000000,0.898850
3,-0.044312,0.016273,0.898850
4,-0.088623,0.032547,0.898850
0,0.019854,-0.029129,0.985583
1,0.009927,-0.014564,0.985583
2,-0.000000,0.000000,0.985583
3,-0.009927,0.014564,0.985583
4,-0.019854,0.029129,0.985583
0,-0.036868,-0.017596,0.980648
1,-0.018434,-0.008798,0.980648
2,-0.000000,-0.000000,0.980648
3,0.018434,0.008798,0.980648
4,0.036868,0.017596,0.980648
0,-0.014168,0.091030,0.903536
1,-0.007084,0.045515,0.903536
2,-0.000000,0.000000,0.903536
3,0.007084,-0.045515,0.903536
4,0.014168,-0.091030,0.903536
0,-0.040635,-0.009877,0.979724
1,-0.020317,-0.004938,0.979724
2,0.000000,0.000000,0.979724
3,0.020317,0.004938,0.979724
4,0.040635,0.009877,0.979724
0,0.016163,-0.048371,0.969890
1,0.008081,-0.024186,0.969890
2,0.000000,0.000000,0.969890
3,-0.008081,0.024186,0.969890
4,-0.016163,0.048371,0.969890
0,0.056956,-0.075824,0.897974
1,0.028478,-0.037912,0.897974
2,0.000000,0.000000,0.897974
3,-0.028478,0.037912,0.897974
4,-0.056956,0.075824,0.897974
0,0.063566,0.026289,0.945536
1,0.031783,0.013144,0.945536
2,-0.000000,-0.000000,0.945536
3,-0.031783,-0.013144,0.945536
4,-0.063566,-0.026289,0.945536
0,-0.030925,-0.045507,0.964993
1,-0.015462,-0.022753,0.964993
2,0.000000,0.000000,0.964993
3,0.015462,0.022753,0.964993
4,0.030925,0.045507,0.964993
0,-0.033248,0.002009,0.987127
1,-0.016624,0.001004,0.987127
2,-0.000000,0.000000,0.987127
3,0.016624,-0.001004,0.987127
4,0.033248,-0.002009,0.987127
0,-0.025558,-0.062173,0.947956
1,-0.012779,-0.031087,0.947956
2,0.000000,-0.000000,0.947956
3,0.012779,0.031087,0.947956
4,0.025558,0.062173,0.947956
0,-0.081765,0.028570,0.914437
1,-0.040883,0.014285,0.914437
2,0.000000,-0.000000,0.914437
3,0.040883,-0.014285,0.914437
4,0.081765,-0.028570,0.914437
0,-0.067495,-0.019731,0.943120
1,-0.033747,-0.009865,0.943120
2,-0.000000,-0.000000,0.943120
3,0.033747,0.009865,0.943120
4,0.067495,0.019731,0.943120
0,0.021489,-0.055661,0.958888
1,0.010744,-0.027830,0.958888
2,0.000000,-0.000000,0.958888
3,-0.010744,0.027830,0.958888
4,-0.021489,0.055661,0.958888
0,0.012583,-0.077191,0.929904
1,0.006291,-0.038596,0.929904
2,-0.000000,-0.000000,0.929904
3,-0.006291,0.038596,0.929904
4,-0.012583,0.077191,0.929904
0,-0.042327,-0.046845,0.954020
1,-0.021164,-0.023422,0.954020
2,0.000000,-0.000000,0.954020
3,0.021164,0.023422,0.954020
4,0.042327,0.046845,0.954020
0,-0.006019,-0.018097,0.995782
1,-0.003009,-0.009049,0.995782
2,-0.000000,-0.000000,0.995782
3,0.003009,0.009049,0.995782
4,0.006019,0.018097,0.995782
0,0.048224,0.038045,0.956453
1,0.024112,0.019022,0.956453
2,-0.000000,0.000000,0.956453
3,-0.024112,-0.019022,0.956453
4,-0.048224,-0.038045,0.956453
0,-0.012353,0.093457,0.899142
1,-0.006177,0.046728,0.899142
2,0.000000,-0.000000,0.899142
3,0.006177,-0.046728,0.899142
4,0.012353,-0.093457,0.899142
0,0.016385,0.030782,0.985891
1,0.008193,0.015391,0.985891
2,0.000000,-0.000000,0.985891
3,-0.008193,-0.015391,0.985891
4,-0.016385,-0.030782,0.985891
0,-0.046456,0.049670,0.946746
1,-0.023228,0.024835,0.946746
2,0.000000,0.000000,0.946746
3,0.023228,-0.024835,0.946746
4,0.046456,-0.049670,0.946746
0,-0.013264,-0.063428,0.951592
1,-0.006632,-0.031714,0.951592
2,-0.000000,-0.000000,0.951592
3,0.006632,0.031714,0.951592
4,0.013264,0.063428,0.951592
0,-0.091662,0.007656,0.903830
1,-0.045831,0.003828,0.903830
2,-0.000000,0.000000,0.903830
3,0.045831,-0.003828,0.903830
4,0.091662,-0.007656,0.903830
0,0.061262,-0.056239,0.920959
1,0.030631,-0.028120,0.920959
2,-0.000000,-0.000000,0.920959
3,-0.030631,0.028120,0.920959
4,-0.061262,0.056239,0.920959
0,-0.056741,0.016944,0.959497
1,-0.028370,0.008472,0.959497
2,-0.000000,-0.000000,0.959497
3,0.028370,-0.008472,0.959497
4,0.056741,-0.016944,0.959497
0,0.067325,0.026048,0.940106
1,0.033663,0.013024,0.940106
2,-0.000000,0.000000,0.940106
3,-0.033663,-0.013024,0.940106
4,-0.067325,-0.026048,0.940106
0,-0.017902,-0.025084,0.988980
1,-0.008951,-0.012542,0.988980
2,0.000000,0.000000,0.988980
3,0.008951,0.012542,0.988980
4,0.017902,0.025084,0.988980
0,-0.003479,0.088068,0.911483
1,-0.001740,0.044034,0.911483
2,-0.000000,-0.000000,0.911483
3,0.001740,-0.044034,0.911483
4,0.003479,-0.088068,0.911483
0,-0.009819,0.014630,0.996400
1,-0.004910,0.007315,0.996400
2,0.000000,0.000000,0.996400
3,0.004910,-0.007315,0.996400
4,0.009819,-0.014630,0.996400
0,0.021628,-0.076216,0.928109
1,0.010814,-0.038108,0.928109
2,0.000000,0.000000,0.928109
3,-0.010814,0.038108,0.928109
4,-0.021628,0.076216,0.928109
0,0.051969,0.024346,0.961937
1,0.025985,0.012173,0.961937
2,0.000000,-0.000000,0.961937
3,-0.025985,-0.012173,0.961937
4,-0.051969,-0.024346,0.961937
0,-0.082252,-0.016030,0.919772
1,-0.041126,-0.008015,0.919772
2,-0.000000,0.000000,0.919772
3,0.041126,0.008015,0.919772
4,0.082252,0.016030,0.919772
0,0.039589,0.045231,0.958279
1,0.019795,0.022616,0.958279
2,0.000000,0.000000,0.958279
3,-0.019795,-0.022616,0.958279
4,-0.039589,-0.045231,0.958279
0,0.065119,-0.032822,0.938902
1,0.032559,-0.016411,0.938902
2,-0.000000,-0.000000,0.938902
3,-0.032559,0.016411,0.938902
4,-0.065119,0.032822,0.938902
0,-0.016209,0.028169,0.987744
1,-0.008104,0.014085,0.987744
2,0.000000,-0.000000,0.987744
3,0.008104,-0.014085,0.987744
4,0.016209,-0.028169,0.987744
0,-0.021949,-0.012179,0.992690
1,-0.010974,-0.006089,0.992690
2,-0.000000,-0.000000,0.992690
3,0.010974,0.006089,0.992690
4,0.021949,0.012179,0.992690
0,-0.044614,0.061266,0.934096
1,-0.022307,0.030633,0.934096
2,-0.000000,0.000000,0.934096
3,0.022307,-0.030633,0.934096
4,0.044614,-0.061266,0.934096
0,-0.055174,-0.072502,0.905592
1,-0.027587,-0.036251,0.905592
2,-0.000000,0.000000,0.905592
3,0.027587,0.036251,0.905592
4,0.055174,0.072502,0.905592
0,-0.053937,-0.016668,0.963159
1,-0.026968,-0.008334,0.963159
2,0.000000,-0.000000,0.963159
3,0.026968,0.008334,0.963159
4,0.053937,0.016668,0.963159
0,0.071775,-0.045649,0.917398
1,0.035887,-0.022824,0.917398
2,-0.000000,-0.000000,0.917398
3,-0.035887,0.022824,0.917398
4,-0.071775,0.045649,0.917398
0,-0.046771,-0.040481,0.955844
1,-0.023385,-0.020241,0.955844
2,-0.000000,-0.000000,0.955844
3,0.023385,0.020241,0.955844
4,0.046771,0.040481,0.955844
0,-0.024732,0.025644,0.985274
1,-0.012366,0.012822,0.985274
2,-0.000000,0.000000,0.985274
3,0.012366,-0.012822,0.985274
4,0.024732,-0.025644,0.985274
0,0.079917,0.041243,0.907944
1,0.039959,0.020621,0.907944
2,0.000000,0.000000,0.907944
3,-0.039959,-0.020621,0.907944
4,-0.079917,-0.041243,0.907944
0,0.003129,-0.028868,0.990216
1,0.001564,-0.014434,0.990216
2,0.000000,0.000000,0.990216
3,-0.001564,0.014434,0.990216
4,-0.003129,0.028868,0.990216
0,-0.046528,0.074140,0.912664
1,-0.023264,0.037070,0.912664
2,0.000000,0.000000,0.912664
3,0.023264,-0.037070,0.912664
4,0.046528,-0.074140,0.912664
0,0.038461,-0.066916,0.931699
1,0.019231,-0.033458,0.931699
2,0.000000,-0.000000,0.931699
3,-0.019231,0.033458,0.931699
4,-0.038461,0.066916,0.931699
0,0.018003,-0.023217,0.989984
1,0.009001,-0.011608,0.989984
2,0.000000,0.000000,0.989984
3,-0.009001,0.011608,0.989984
4,-0.018003,0.023217,0.989984
0,-0.007731,-0.045627,0.975186
1,-0.003866,-0.022813,0.975186
2,-0.000000,-0.000000,0.975186
3,0.003866,0.022813,0.975186
4,0.007731,0.045627,0.975186
0,-0.084871,0.041916,0.898339
1,-0.042436,0.020958,0.898339
2,-0.000000,0.000000,0.898339
3,0.042436,-0.020958,0.898339
4,0.084871,-0.041916,0.898339
0,-0.070399,-0.045675,0.919548
1,-0.035200,-0.022838,0.919548
2,0.000000,0.000000,0.919548
3,0.035200,0.022838,0.919548
4,0.070399,0.045675,0.919548
0,0.082427,-0.033172,0.910080
1,0.041214,-0.016586,0.910080
2,0.000000,-0.000000,0.910080
3,-0.041214,0.016586,0.910080
4,-0.082427,0.033172,0.910080
0,-0.021727,0.013341,0.992457
1,-0.010864,0.006671,0.992457
2,-0.000000,-0.000000,0.992457
3,0.010864,-0.006671,0.992457
4,0.021727,-0.013341,0.992457
0,0.052960,-0.035418,0.953185
1,0.026480,-0.017709,0.953185
2,0.000000,0.000000,0.953185
3,-0.026480,0.017709,0.953185
4,-0.052960,0.035418,0.953185
0,-0.066274,0.062678,0.905373
1,-0.033137,0.031339,0.905373
2,-0.000000,-0.000000,0.905373
3,0.033137,-0.031339,0.905373
4,0.066274,-0.062678,0.905373
0,0.057099,0.067289,0.911261
1,0.028549,0.033645,0.911261
2,-0.000000,-0.000000,0.911261
3,-0.028549,-0.033645,0.911261
4,-0.057099,-0.067289,0.911261
0,0.051673,0.002054,0.969048
1,0.025836,0.001027,0.969048
2,0.000000,0.000000,0.969048
3,-0.025836,-0.001027,0.969048
4,-0.051673,-0.002054,0.969048
0,0.006707,-0.022328,0.993694
1,0.003354,-0.011164,0.993694
2,-0.000000,-0.000000,0.993694
3,-0.003354,0.011164,0.993694
4,-0.006707,0.022328,0.993694
0,-0.085802,-0.000081,0.915992
1,-0.042901,-0.000040,0.915992
2,0.000000,0.000000,0.915992
3,0.042901,0.000040,0.915992
4,0.085802,0.000081,0.915992
0,-0.009277,-0.015632,0.996168
1,-0.004638,-0.007816,0.996168
2,-0.000000,-0.000000,0.996168
3,0.004638,0.007816,0.996168
4,0.009277,0.015632,0.996168
0,0.031488,0.032304,0.976415
1,0.015744,0.016152,0.976415
2,-0.000000,-0.000000,0.976415
3,-0.015744,-0.016152,0.976415
4,-0.031488,-0.032304,0.976415
0,-0.002234,-0.007688,0.999258
1,-0.001117,-0.003844,0.999258
2,-0.000000,0.000000,0.999258
3,0.001117,0.003844,0.999258
4,0.002234,0.007688,0.999258
0,0.058719,0.005044,0.959879
1,0.029359,0.002522,0.959879
2,0.000000,0.000000,0.959879
3,-0.029359,-0.002522,0.959879
4,-0.058719,-0.005044,0.959879
0,0.007313,0.029375,0.989366
1,0.003656,0.014688,0.989366
2,0.000000,0.000000,0.989366
3,-0.003656,-0.014688,0.989366
4,-0.007313,-0.029375,0.989366
0,-0.021859,0.003526,0.994313
1,-0.010929,0.001763,0.994313
2,0.000000,0.000000,0.994313
3,0.010929,-0.001763,0.994313
4,0.021859,-0.003526,0.994313
0,0.044859,0.013511,0.974571
1,0.022429,0.006755,0.974571
2,0.000000,-0.000000,0.974571
3,-0.022429,-0.006755,0.974571
4,-0.044859,-0.013511,0.974571
0,-0.087445,-0.022679,0.907136
1,-0.043723,-0.011340,0.907136
2,-0.000000,-0.000000,0.907136
3,0.043723,0.011340,0.907136
4,0.087445,0.022679,0.907136
0,0.042138,0.054554,0.945310
1,0.021069,0.027277,0.945310
2,0.000000,-0.000000,0.945310
3,-0.021069,-0.027277,0.945310
4,-0.042138,-0.054554,0.945310
0,-0.005041,0.015867,0.996787
1,-0.002521,0.007933,0.996787
2,0.000000,-0.000000,0.996787
3,0.002521,-0.007933,0.996787
4,0.005041,-0.015867,0.996787
0,-0.060701,0.001338,0.957442
1,-0.030350,0.000669,0.957442
2,0.000000,0.000000,0.957442
3,0.030350,-0.000669,0.957442
4,0.060701,-0.001338,0.957442
0,-0.075098,0.056218,0.900093
1,-0.037549,0.028109,0.900093
2,0.000000,0.000000,0.900093
3,0.037549,-0.028109,0.900093
4,0.075098,-0.056218,0.900093
0,0.059011,0.043689,0.938075
1,0.029505,0.021845,0.938075
2,-0.000000,-0.000000,0.938075
3,-0.029505,-0.021845,0.938075
4,-0.059011,-0.043689,0.938075
0,0.026442,0.046205,0.967210
1,0.013221,0.023102,0.967210
2,0.000000,-0.000000,0.967210
3,-0.013221,-0.023102,0.967210
4,-0.026442,-0.046205,0.967210
0,0.006790,0.063769,0.952578
1,0.003395,0.031884,0.952578
2,0.000000,0.000000,0.952578
3,-0.003395,-0.031884,0.952578
4,-0.006790,-0.063769,0.952578
0,-0.048235,-0.009017,0.972115
1,-0.024118,-0.004509,0.972115
2,0.000000,0.000000,0.972115
3,0.024118,0.004509,0.972115
4,0.048235,0.009017,0.972115
0,0.038460,0.008746,0.981958
1,0.019230,0.004373,0.981958
2,-0.000000,0.000000,0.981958
3,-0.019230,-0.004373,0.981958
4,-0.038460,-0.008746,0.981958
0,0.059329,-0.007743,0.958660
1,0.029664,-0.003872,0.958660
2,-0.000000,0.000000,0.958660
3,-0.029664,0.003872,0.958660
4,-0.059329,0.007743,0.958660
0,0.062272,0.023546,0.948940
1,0.031136,0.011773,0.948940
2,-0.000000,0.000000,0.948940
3,-0.031136,-0.011773,0.948940
4,-0.062272,-0.023546,0.948940
0,0.045108,-0.064047,0.929679
1,0.022554,-0.032024,0.929679
2,-0.000000,-0.000000,0.929679
3,-0.022554,0.032024,0.929679
4,-0.045108,0.064047,0.929679
0,-0.018272,-0.084151,0.915398
1,-0.009136,-0.042075,0.915398
2,0.000000,0.000000,0.915398
3,0.009136,0.042075,0.915398
4,0.018272,0.084151,0.915398
0,-0.032565,0.068192,0.934471
1,-0.016283,0.034096,0.934471
2,-0.000000,0.000000,0.934471
3,0.016283,-0.034096,0.934471
4,0.032565,-0.068192,0.934471
0,-0.034804,-0.060390,0.944102
1,-0.017402,-0.030195,0.944102
2,0.000000,-0.000000,0.944102
3,0.017402,0.030195,0.944102
4,0.034804,0.060390,0.944102
0,-0.073724,-0.033581,0.924902
1,-0.036862,-0.016791,0.924902
2,0.000000,-0.000000,0.924902
3,0.036862,0.016791,0.924902
4,0.073724,0.033581,0.924902
0,-0.066505,-0.014911,0.946519
1,-0.033252,-0.007456,0.946519
2,0.000000,0.000000,0.946519
3,0.033252,0.007456,0.946519
4,0.066505,0.014911,0.946519
0,-0.029405,0.082241,0.913033
1,-0.014703,0.041121,0.913033
2,-0.000000,0.000000,0.913033
3,0.014703,-0.041121,0.913033
4,0.029405,-0.082241,0.913033
0,0.019480,-0.061964,0.951365
1,0.009740,-0.030982,0.951365
2,0.000000,0.000000,0.951365
3,-0.009740,0.030982,0.951365
4,-0.019480,0.061964,0.951365
0,-0.004809,0.071051,0.941689
1,-0.002404,0.035526,0.941689
2,0.000000,0.000000,0.941689
3,0.002404,-0.035526,0.941689
4,0.004809,-0.071051,0.941689
0,0.005643,0.002368,0.999567
1,0.002822,0.001184,0.999567
2,-0.000000,0.000000,0.999567
3,-0.002822,-0.001184,0.999567
4,-0.005643,-0.002368,0.999567
0,0.017872,-0.037718,0.979801
1,0.008936,-0.018859,0.979801
2,0.000000,0.000000,0.979801
3,-0.008936,0.018859,0.979801
4,-0.017872,0.037718,0.979801
0,0.049437,0.052031,0.940785
1,0.024719,0.026016,0.940785
2,-0.000000,-0.000000,0.940785
3,-0.024719,-0.026016,0.940785
4,-0.049437,-0.052031,0.940785
0,0.057295,-0.031878,0.950455
1,0.028648,-0.015939,0.950455
2,-0.000000,0.000000,0.950455
3,-0.028648,0.015939,0.950455
4,-0.057295,0.031878,0.950455
0,-0.023579,0.045149,0.969967
1,-0.011789,0.022574,0.969967
2,-0.000000,0.000000,0.969967
3,0.011789,-0.022574,0.969967
4,0.023579,-0.045149,0.969967
0,-0.008085,-0.019956,0.994622
1,-0.004042,-0.009978,0.994622
2,0.000000,0.000000,0.994622
3,0.004042,0.009978,0.994622
4,0.008085,0.019956,0.994622
0,0.056412,-0.048940,0.935971
1,0.028206,-0.024470,0.935971
2,0.000000,-0.000000,0.935971
3,-0.028206,0.024470,0.935971
4,-0.056412,0.048940,0.935971
0,-0.003621,-0.090118,0.907431
1,-0.001811,-0.045059,0.907431
2,-0.000000,0.000000,0.907431
3,0.001811,0.045059,0.907431
4,0.003621,0.090118,0.907431
0,0.000110,0.080186,0.926394
1,0.000055,0.040093,0.926394
2,0.000000,-0.000000,0.926394
3,-0.000055,-0.040093,0.926394
4,-0.000110,-0.080186,0.926394
0,0.043891,0.005357,0.977339
1,0.021946,0.002678,0.977339
2,-0.000000,-0.000000,0.977339
3,-0.021946,-0.002678,0.977339
4,-0.043891,-0.005357,0.977339
0,0.012119,-0.030919,0.987204
1,0.006059,-0.015459,0.987204
2,-0.000000,0.000000,0.987204
3,-0.006059,0.015459,0.987204
4,-0.012119,0.030919,0.987204
0,-0.088698,-0.007348,0.909785
1,-0.044349,-0.003674,0.909785
2,-0.000000,0.000000,0.909785
3,0.044349,0.003674,0.909785
4,0.088698,0.007348,0.909785
0,0.013886,0.065721,0.948031
1,0.006943,0.032860,0.948031
2,0.000000,0.000000,0.948031
3,-0.006943,-0.032860,0.948031
4,-0.013886,-0.065721,0.948031
0,-0.005308,0.025466,0.992148
1,-0.002654,0.012733,0.992148
2,0.000000,0.000000,0.992148
3,0.002654,-0.012733,0.992148
4,0.005308,-0.025466,0.992148
0,-0.026730,-0.028540,0.982266
1,-0.013365,-0.014270,0.982266
2,0.000000,0.000000,0.982266
3,0.013365,0.014270,0.982266
4,0.026730,0.028540,0.982266
0,0.008513,0.090967,0.905078
1,0.004256,0.045483,0.905078
2,-0.000000,0.000000,0.905078
3,-0.004256,-0.045483,0.905078
4,-0.008513,-0.090967,0.905078
0,0.032977,-0.062054,0.943195
1,0.016488,-0.031027,0.943195
2,-0.000000,-0.000000,0.943195
3,-0.016488,0.031027,0.943195
4,-0.032977,0.062054,0.943195
0,-0.074320,0.033456,0.924009
1,-0.037160,0.016728,0.924009
2,-0.000000,0.000000,0.924009
3,0.037160,-0.016728,0.924009
4,0.074320,-0.033456,0.924009
0,-0.061019,-0.026118,0.949243
1,-0.030510,-0.013059,0.949243
2,-0.000000,-0.000000,0.949243
3,0.030510,0.013059,0.949243
4,0.061019,0.026118,0.949243
0,0.033294,-0.039905,0.968741
1,0.016647,-0.019953,0.968741
2,-0.000000,-0.000000,0.968741
3,-0.016647,0.019953,0.968741
4,-0.033294,0.039905,0.968741
0,0.037956,0.068334,0.929978
1,0.018978,0.034167,0.929978
2,0.000000,-0.000000,0.929978
3,-0.018978,-0.034167,0.929978
4,-0.037956,-0.068334,0.929978
0,-0.015996,0.017728,0.993385
1,-0.007998,0.008864,0.993385
2,-0.000000,-0.000000,0.993385
3,0.007998,-0.008864,0.993385
4,0.015996,-0.017728,0.993385
0,0.007705,0.047068,0.973650
1,0.003853,0.023534,0.973650
2,-0.000000,0.000000,0.973650
3,-0.003853,-0.023534,0.973650
4,-0.007705,-0.047068,0.973650
0,-0.074769,-0.009671,0.934771
1,-0.037385,-0.004835,0.934771
2,-0.000000,-0.000000,0.934771
3,0.037385,0.004835,0.934771
4,0.074769,0.009671,0.934771
0,-0.040947,-0.038084,0.963846
1,-0.020474,-0.019042,0.963846
2,-0.000000,0.000000,0.963846
3,0.020474,0.019042,0.963846
4,0.040947,0.038084,0.963846
0,0.006818,0.017624,0.995859
1,0.003409,0.008812,0.995859
2,0.000000,0.000000,0.995859
3,-0.003409,-0.008812,0.995859
4,-0.006818,-0.017624,0.995859
0,-0.046986,0.039479,0.956529
1,-0.023493,0.019739,0.956529
2,0.000000,-0.000000,0.956529
3,0.023493,-0.019739,0.956529
4,0.046986,-0.039479,0.956529
0,0.048799,0.075143,0.908608
1,0.024400,0.037571,0.908608
2,-0.000000,-0.000000,0.908608
3,-0.024400,-0.037571,0.908608
4,-0.048799,-0.075143,0.908608
0,0.000395,-0.067959,0.946821
1,0.000197,-0.033980,0.946821
2,-0.000000,-0.000000,0.946821
3,-0.000197,0.033980,0.946821
4,-0.000395,0.067959,0.946821
0,0.048720,0.042647,0.951667
1,0.024360,0.021323,0.951667
2,0.000000,0.000000,0.951667
3,-0.024360,-0.021323,0.951667
4,-0.048720,-0.042647,0.951667
0,-0.015351,0.037415,0.981033
1,-0.007676,0.018707,0.981033
2,0.000000,-0.000000,0.981033
3,0.007676,-0.018707,0.981033
4,0.015351,-0.037415,0.981033
0,-0.070900,-0.004236,0.941990
1,-0.035450,-0.002118,0.941990
2,0.000000,-0.000000,0.941990
3,0.035450,0.002118,0.941990
4,0.070900,0.004236,0.941990
0,-0.026526,-0.051347,0.961403
1,-0.013263,-0.025673,0.961403
2,-0.000000,-0.000000,0.961403
3,0.013263,0.025673,0.961403
4,0.026526,0.051347,0.961403
0,-0.008477,-0.004342,0.998949
1,-0.004239,-0.002171,0.998949
2,0.000000,0.000000,0.998949
3,0.004239,0.002171,0.998949
4,0.008477,0.004342,0.998949
0,-0.015085,0.081741,0.921034
1,-0.007543,0.040871,0.921034
2,-0.000000,-0.000000,0.921034
3,0.007543,-0.040871,0.921034
4,0.015085,-0.081741,0.921034
0,0.040940,-0.042707,0.959574
1,0.020470,-0.021353,0.959574
2,0.000000,0.000000,0.959574
3,-0.020470,0.021353,0.959574
4,-0.040940,0.042707,0.959574
0,0.017973,0.038370,0.979185
1,0.008987,0.019185,0.979185
2,0.000000,-0.000000,0.979185
3,-0.008987,-0.019185,0.979185
4,-0.017973,-0.038370,0.979185
0,0.065967,-0.054623,0.916288
1,0.032983,-0.027312,0.916288
2,0.000000,-0.000000,0.916288
3,-0.032983,0.027312,0.916288
4,-0.065967,0.054623,0.916288
0,0.023828,0.071154,0.935371
1,0.011914,0.035577,0.935371
2,0.000000,-0.000000,0.935371
3,-0.011914,-0.035577,0.935371
4,-0.023828,-0.071154,0.935371
0,-0.055082,0.063939,0.918659
1,-0.027541,0.031969,0.918659
2,-0.000000,-0.000000,0.918659
3,0.027541,-0.031969,0.918659
4,0.055082,-0.063939,0.918659
0,-0.024138,-0.037759,0.976723
1,-0.012069,-0.018880,0.976723
2,0.000000,-0.000000,0.976723
3,0.012069,0.018880,0.976723
4,0.024138,0.037759,0.976723
0,0.010901,0.093317,0.899801
1,0.005451,0.046658,0.899801
2,0.000000,-0.000000,0.899801
3,-0.005451,-0.046658,0.899801
4,-0.010901,-0.093317,0.899801
0,0.028817,-0.027420,0.981650
1,0.014408,-0.013710,0.981650
2,0.000000,-0.000000,0.981650
3,-0.014408,0.013710,0.981650
4,-0.028817,0.027420,0.981650
0,-0.000303,0.014042,0.997714
1,-0.000152,0.007021,0.997714
2,0.000000,-0.000000,0.997714
3,0.000152,-0.007021,0.997714
4,0.000303,-0.014042,0.997714
0,0.025790,-0.061593,0.948637
1,0.012895,-0.030796,0.948637
2,-0.000000,0.000000,0.948637
3,-0.012895,0.030796,0.948637
4,-0.025790,0.061593,0.948637
0,-0.055217,0.055808,0.929380
1,-0.027608,0.027904,0.929380
2,-0.000000,-0.000000,0.929380
3,0.027608,-0.027904,0.929380
4,0.055217,-0.055808,0.929380
0,0.024425,-0.005179,0.992767
1,0.012213,-0.002590,0.992767
2,0.000000,-0.000000,0.992767
3,-0.012213,0.002590,0.992767
4,-0.024425,0.005179,0.992767
0,-0.010087,0.062697,0.953489
1,-0.005043,0.031348,0.953489
2,0.000000,0.000000,0.953489
3,0.005043,-0.031348,0.953489
4,0.010087,-0.062697,0.953489
0,0.083312,-0.036786,0.905665
1,0.041656,-0.018393,0.905665
2,-0.000000,-0.000000,0.905665
3,-0.041656,0.018393,0.905665
4,-0.083312,0.036786,0.905665
0,-0.045382,-0.053154,0.943799
1,-0.022691,-0.026577,0.943799
2,-0.000000,0.000000,0.943799
3,0.022691,0.026577,0.943799
4,0.045382,0.053154,0.943799
0,0.028725,-0.048531,0.963235
1,0.014362,-0.024265,0.963235
2,-0.000000,0.000000,0.963235
3,-0.014362,0.024265,0.963235
4,-0.028725,0.048531,0.963235
0,0.050276,0.063733,0.924604
1,0.025138,0.031867,0.924604
2,0.000000,0.000000,0.924604
3,-0.025138,-0.031867,0.924604
4,-0.050276,-0.063733,0.924604
0,-0.018834,0.007457,0.995241
1,-0.009417,0.003729,0.995241
2,0.000000,0.000000,0.995241
3,0.009417,-0.003729,0.995241
4,0.018834,-0.007457,0.995241
0,0.084780,0.006411,0.917472
1,0.042390,0.003206,0.917472
2,0.000000,-0.000000,0.917472
3,-0.042390,-0.003206,0.917472
4,-0.084780,-0.006411,0.917472
0,-0.016474,0.042937,0.975493
1,-0.008237,0.021468,0.975493
2,-0.000000,0.000000,0.975493
3,0.008237,-0.021468,0.975493
4,0.016474,-0.042937,0.975493
0,-0.010262,-0.034019,0.985351
1,-0.005131,-0.017010,0.985351
2,0.000000,0.000000,0.985351
3,0.005131,0.017010,0.985351
4,0.010262,0.034019,0.985351
0,0.052452,0.043826,0.946216
1,0.026226,0.021913,0.946216
2,0.000000,-0.000000,0.946216
3,-0.026226,-0.021913,0.946216
4,-0.052452,-0.043826,0.946216
0,-0.040996,0.050646,0.951061
1,-0.020498,0.025323,0.951061
2,0.000000,-0.000000,0.951061
3,0.020498,-0.025323,0.951061
4,0.040996,-0.050646,0.951061
0,0.048029,-0.015308,0.970580
1,0.024014,-0.007654,0.970580
2,0.000000,-0.000000,0.970580
3,-0.024014,0.007654,0.970580
4,-0.048029,0.015308,0.970580
0,0.001110,-0.004786,0.999721
1,0.000555,-0.002393,0.999721
2,0.000000,0.000000,0.999721
3,-0.000555,0.002393,0.999721
4,-0.001110,0.004786,0.999721
0,-0.007804,0.028558,0.989830
1,-0.003902,0.014279,0.989830
2,0.000000,0.000000,0.989830
3,0.003902,-0.014279,0.989830
4,0.007804,-0.028558,0.989830
0,0.000770,0.085253,0.917026
1,0.000385,0.042627,0.917026
2,-0.000000,-0.000000,0.917026
3,-0.000385,-0.042627,0.917026
4,-0.000770,-0.085253,0.917026
0,-0.023865,-0.091672,0.898191
1,-0.011932,-0.045836,0.898191
2,-0.000000,0.000000,0.898191
3,0.011932,0.045836,0.898191
4,0.023865,0.091672,0.898191
0,0.082778,-0.014264,0.919400
1,0.041389,-0.007132,0.919400
2,0.000000,0.000000,0.919400
3,-0.041389,0.007132,0.919400
4,-0.082778,0.014264,0.919400
0,-0.092784,0.012305,0.900532
1,-0.046392,0.006153,0.900532
2,-0.000000,-0.000000,0.900532
3,0.046392,-0.006153,0.900532
4,0.092784,-0.012305,0.900532
0,0.030011,0.066711,0.938525
1,0.015006,0.033356,0.938525
2,0.000000,-0.000000,0.938525
3,-0.015006,-0.033356,0.938525
4,-0.030011,-0.066711,0.938525
0,-0.076983,-0.016642,0.928931
1,-0.038492,-0.008321,0.928931
2,0.000000,0.000000,0.928931
3,0.038492,0.008321,0.928931
4,0.076983,0.016642,0.928931
0,0.010940,0.037363,0.982421
1,0.005470,0.018681,0.982421
2,0.000000,0.000000,0.982421
3,-0.005470,-0.018681,0.982421
4,-0.010940,-0.037363,0.982421
0,0.038415,0.018963,0.978723
1,0.019207,0.009481,0.978723
2,0.000000,0.000000,0.978723
3,-0.019207,-0.009481,0.978723
4,-0.038415,-0.018963,0.978723
0,-0.036640,-0.062466,0.939730
1,-0.018320,-0.031233,0.939730
2,-0.000000,0.000000,0.939730
3,0.018320,0.031233,0.939730
4,0.036640,0.062466,0.939730
0,0.047100,0.046624,0.949394
1,0.023550,0.023312,0.949394
2,0.000000,0.000000,0.949394
3,-0.023550,-0.023312,0.949394
4,-0.047100,-0.046624,0.949394
0,0.017482,-0.084081,0.915842
1,0.008741,-0.042041,0.915842
2,0.000000,0.000000,0.915842
3,-0.008741,0.042041,0.915842
4,-0.017482,0.084081,0.915842
0,-0.032299,-0.019128,0.983654
1,-0.016150,-0.009564,0.983654
2,-0.000000,-0.000000,0.983654
3,0.016150,0.009564,0.983654
4,0.032299,0.019128,0.983654
0,-0.049339,-0.068759,0.918213
1,-0.024669,-0.034380,0.918213
2,0.000000,0.000000,0.918213
3,0.024670,0.034380,0.918213
4,0.049339,0.068759,0.918213
0,-0.020250,-0.071046,0.937324
1,-0.010125,-0.035523,0.937324
2,-0.000000,0.000000,0.937324
3,0.010125,0.035523,0.937324
4,0.020250,0.071046,0.937324
0,0.076258,0.042107,0.913475
1,0.038129,0.021054,0.913475
2,-0.000000,-0.000000,0.913475
3,-0.038129,-0.021054,0.913475
4,-0.076258,-0.042107,0.913475
0,0.032923,-0.026422,0.979339
1,0.016461,-0.013211,0.979339
2,-0.000000,-0.000000,0.979339
3,-0.016461,0.013211,0.979339
4,-0.032923,0.026422,0.979339
0,-0.030487,0.000516,0.989212
1,-0.015243,0.000258,0.989212
2,-0.000000,0.000000,0.989212
3,0.015243,-0.000258,0.989212
4,0.030487,-0.000516,0.989212
0,-0.022377,-0.061953,0.950000
1,-0.011188,-0.030977,0.950000
2,0.000000,0.000000,0.950000
3,0.011188,0.030977,0.950000
4,0.022377,0.061953,0.950000
0,0.041094,0.030751,0.969508
1,0.020547,0.015375,0.969508
2,-0.000000,0.000000,0.969508
3,-0.020547,-0.015375,0.969508
4,-0.041094,-0.030751,0.969508
0,0.003712,0.036635,0.984271
1,0.001856,0.018317,0.984271
2,-0.000000,0.000000,0.984271
3,-0.001856,-0.018317,0.984271
4,-0.003712,-0.036634,0.984271
0,0.078340,0.018236,0.925946
1,0.039170,0.009118,0.925946
2,-0.000000,0.000000,0.925946
3,-0.039170,-0.009118,0.925946
4,-0.078340,-0.018236,0.925946
0,0.017384,0.041145,0.976877
1,0.008692,0.020572,0.976877
2,-0.000000,-0.000000,0.976877
3,-0.008692,-0.020572,0.976877
4,-0.017384,-0.041145,0.976877
0,0.033437,-0.004973,0.986741
1,0.016719,-0.002487,0.986741
2,0.000000,-0.000000,0.986741
3,-0.016719,0.002487,0.986741
4,-0.033437,0.004973,0.986741
0,-0.050723,0.016569,0.967057
1,-0.025362,0.008284,0.967057
2,-0.000000,-0.000000,0.967057
3,0.025362,-0.008284,0.967057
4,0.050723,-0.016569,0.967057
0,-0.038637,-0.051313,0.952427
1,-0.019319,-0.025657,0.952427
2,-0.000000,-0.000000,0.952427
3,0.019319,0.025657,0.952427
4,0.038637,0.051313,0.952427
0,0.027610,-0.040730,0.971961
1,0.013805,-0.020365,0.971961
2,0.000000,0.000000,0.971961
3,-0.013805,0.020365,0.971961
4,-0.027610,0.040730,0.971961
0,0.047729,-0.021513,0.968282
1,0.023864,-0.010756,0.968282
2,-0.000000,-0.000000,0.968282
3,-0.023864,0.010756,0.968282
4,-0.047729,0.021513,0.968282
0,-0.090961,-0.002641,0.905813
1,-0.045480,-0.001321,0.905813
2,-0.000000,-0.000000,0.905813
3,0.045480,0.001321,0.905813
4,0.090961,0.002641,0.905813
0,0.002022,-0.045799,0.975647
1,0.001011,-0.022899,0.975647
2,-0.000000,-0.000000,0.975647
3,-0.001011,0.022899,0.975647
4,-0.002022,0.045799,0.975647
0,0.036828,0.039970,0.965833
1,0.018414,0.019985,0.965833
2,0.000000,0.000000,0.965833
3,-0.018414,-0.019985,0.965833
4,-0.036828,-0.039970,0.965833
0,-0.071702,0.034957,0.927140
1,-0.035851,0.017479,0.927140
2,-0.000000,0.000000,0.927140
3,0.035851,-0.017479,0.927140
4,0.071702,-0.034957,0.927140
0,-0.027834,-0.071849,0.931924
1,-0.013917,-0.035924,0.931924
2,0.000000,-0.000000,0.931924
3,0.013917,0.035924,0.931924
4,0.027834,0.071849,0.931924
0,0.033328,0.023764,0.980571
1,0.016664,0.011882,0.980571
2,-0.000000,0.000000,0.980571
3,-0.016664,-0.011882,0.980571
4,-0.033328,-0.023764,0.980571
0,-0.059621,-0.039116,0.941537
1,-0.029810,-0.019558,0.941537
2,-0.000000,0.000000,0.941537
3,0.029810,0.019558,0.941537
4,0.059621,0.039116,0.941537
0,0.044494,-0.037421,0.960947
1,0.022247,-0.018711,0.960947
2,0.000000,-0.000000,0.960947
3,-0.022247,0.018711,0.960947
4,-0.044494,0.037421,0.960947
0,0.049026,0.066225,0.922372
1,0.024513,0.033113,0.922372
2,0.000000,-0.000000,0.922372
3,-0.024513,-0.033113,0.922372
4,-0.049026,-0.066225,0.922372
0,0.027197,-0.072645,0.931025
1,0.013598,-0.036322,0.931025
2,0.000000,0.000000,0.931025
3,-0.013598,0.036322,0.931025
4,-0.027197,0.072645,0.931025
0,-0.084102,-0.043896,0.897900
1,-0.042051,-0.021948,0.897900
2,0.000000,0.000000,0.897900
3,0.042051,0.021948,0.897900
4,0.084102,0.043896,0.897900
0,-0.014133,0.073424,0.935823
1,-0.007066,0.036712,0.935823
2,-0.000000,0.000000,0.935823
3,0.007066,-0.036712,0.935823
4,0.014133,-0.073424,0.935823
0,0.093674,0.003484,0.900241
1,0.046837,0.001742,0.900241
2,0.000000,-0.000000,0.900241
3,-0.046837,-0.001742,0.900241
4,-0.093674,-0.003484,0.900241
0,0.066077,-0.007254,0.949091
1,0.033039,-0.003627,0.949091
2,0.000000,0.000000,0.949091
3,-0.033039,0.003627,0.949091
4,-0.066077,0.007254,0.949091
0,0.023808,-0.025610,0.985814
1,0.011904,-0.012805,0.985814
2,-0.000000,-0.000000,0.985814
3,-0.011904,0.012805,0.985814
4,-0.023808,0.025610,0.985814
0,0.029810,0.061182,0.946670
1,0.014905,0.030591,0.946670
2,0.000000,0.000000,0.946670
3,-0.014905,-0.030591,0.946670
4,-0.029810,-0.061182,0.946670
0,-0.062816,-0.016120,0.951516
1,-0.031408,-0.008060,0.951516
2,0.000000,0.000000,0.951516
3,0.031408,0.008060,0.951516
4,0.062816,0.016120,0.951516
0,-0.027639,0.087769,0.903757
1,-0.013819,0.043884,0.903757
2,-0.000000,-0.000000,0.903757
3,0.013819,-0.043884,0.903757
4,0.027639,-0.087769,0.903757
0,0.017968,0.055051,0.961252
1,0.008984,0.027525,0.961252
2,-0.000000,-0.000000,0.961252
3,-0.008984,-0.027525,0.961252
4,-0.017968,-0.055051,0.961252
0,-0.076982,-0.031564,0.920886
1,-0.038491,-0.015782,0.920886
2,-0.000000,-0.000000,0.920886
3,0.038491,0.015782,0.920886
4,0.076982,0.031564,0.920886
0,0.055756,-0.028821,0.954552
1,0.027878,-0.014411,0.954552
2,-0.000000,0.000000,0.954552
3,-0.027878,0.014411,0.954552
4,-0.055756,0.028821,0.954552
0,0.058435,0.037109,0.944858
1,0.029217,0.018555,0.944858
2,-0.000000,0.000000,0.944858
3,-0.029217,-0.018555,0.944858
4,-0.058435,-0.037109,0.944858
0,-0.000804,-0.084468,0.918510
1,-0.000402,-0.042234,0.918510
2,-0.000000,-0.000000,0.918510
3,0.000402,0.042234,0.918510
4,0.000804,0.084468,0.918510
0,-0.032459,-0.010762,0.986432
1,-0.016230,-0.005381,0.986432
2,-0.000000,-0.000000,0.986432
3,0.016230,0.005381,0.986432
4,0.032459,0.010762,0.986432
0,0.010722,-0.025066,0.991375
1,0.005361,-0.012533,0.991375
2,0.000000,0.000000,0.991375
3,-0.005361,0.012533,0.991375
4,-0.010722,0.025066,0.991375
0,-0.069531,0.013047,0.942442
1,-0.034766,0.006523,0.942442
2,-0.000000,0.000000,0.942442
3,0.034766,-0.006523,0.942442
4,0.069531,-0.013047,0.942442
0,0.029848,-0.052239,0.958203
1,0.014924,-0.026119,0.958203
2,-0.000000,-0.000000,0.958203
3,-0.014924,0.026119,0.958203
4,-0.029848,0.052239,0.958203
0,-0.067424,0.027900,0.938827
1,-0.033712,0.013950,0.938827
2,0.000000,-0.000000,0.938827
3,0.033712,-0.013950,0.938827
4,0.067424,-0.027900,0.938827
0,0.026189,-0.019417,0.987667
1,0.013095,-0.009708,0.987667
2,-0.000000,-0.000000,0.987667
3,-0.013095,0.009708,0.987667
4,-0.026189,0.019417,0.987667
0,-0.052595,-0.001124,0.967976
1,-0.026297,-0.000562,0.967976
2,0.000000,-0.000000,0.967976
3,0.026297,0.000562,0.967976
4,0.052595,0.001124,0.967976
0,0.086330,-0.001504,0.914955
1,0.043165,-0.000752,0.914955
2,0.000000,0.000000,0.914955
3,-0.043165,0.000752,0.914955
4,-0.086330,0.001504,0.914955
0,-0.024735,0.029618,0.982729
1,-0.012367,0.014809,0.982729
2,0.000000,0.000000,0.982729
3,0.012367,-0.014809,0.982729
4,0.024735,-0.029618,0.982729
0,0.083775,0.035906,0.905518
1,0.041888,0.017953,0.905518
2,-0.000000,-0.000000,0.905518
3,-0.041888,-0.017953,0.905518
4,-0.083775,-0.035906,0.905518
0,-0.003490,-0.020285,0.995086
1,-0.001745,-0.010142,0.995086
2,0.000000,-0.000000,0.995086
3,0.001745,0.010142,0.995086
4,0.003490,0.020285,0.995086
0,-0.032802,-0.032439,0.975339
1,-0.016401,-0.016220,0.975339
2,0.000000,0.000000,0.975339
3,0.016401,0.016220,0.975339
4,0.032802,0.032439,0.975339
0,-0.022251,0.076777,0.926841
1,-0.011126,0.038388,0.926841
2,-0.000000,-0.000000,0.926841
3,0.011126,-0.038388,0.926841
4,0.022251,-0.076777,0.926841
0,0.050471,0.071560,0.912590
1,0.025236,0.035780,0.912590
2,-0.000000,-0.000000,0.912590
3,-0.025236,-0.035780,0.912590
4,-0.050471,-0.071560,0.912590
0,-0.088261,-0.027029,0.903170
1,-0.044130,-0.013515,0.903170
2,0.000000,0.000000,0.903170
3,0.044130,0.013515,0.903170
4,0.088261,0.027029,0.903170
0,-0.025601,-0.014120,0.990081
1,-0.012801,-0.007060,0.990081
2,0.000000,-0.000000,0.990081
3,0.012801,0.007060,0.990081
4,0.025601,0.014120,0.990081
0,0.020046,0.046450,0.970370
1,0.010023,0.023225,0.970370
2,0.000000,0.000000,0.970370
3,-0.010023,-0.023225,0.970370
4,-0.020046,-0.046450,0.970370
0,0.005982,0.061661,0.955711
1,0.002991,0.030831,0.955711
2,0.000000,0.000000,0.955711
3,-0.002991,-0.030831,0.955711
4,-0.005982,-0.061661,0.955711
0,-0.056216,-0.039114,0.946009
1,-0.028108,-0.019557,0.946009
2,-0.000000,-0.000000,0.946009
3,0.028108,0.019557,0.946009
4,0.056216,0.039114,0.946009
0,-0.055997,0.030253,0.953280
1,-0.027999,0.015127,0.953280
2,-0.000000,0.000000,0.953280
3,0.027999,-0.015127,0.953280
4,0.055997,-0.030253,0.953280
0,-0.069767,-0.041719,0.924400
1,-0.034883,-0.020859,0.924400
2,-0.000000,-0.000000,0.924400
3,0.034883,0.020859,0.924400
4,0.069767,0.041719,0.924400
0,-0.026170,0.033598,0.978974
1,-0.013085,0.016799,0.978974
2,-0.000000,0.000000,0.978974
3,0.013085,-0.016799,0.978974
4,0.026170,-0.033598,0.978974
0,-0.001277,0.030979,0.988845
1,-0.000638,0.015490,0.988845
2,-0.000000,-0.000000,0.988845
3,0.000638,-0.015490,0.988845
4,0.001277,-0.030979,0.988845
0,0.011002,0.046030,0.974053
1,0.005501,0.023015,0.974053
2,-0.000000,-0.000000,0.974053
3,-0.005501,-0.023015,0.974053
4,-0.011002,-0.046030,0.974053
0,0.011276,-0.079838,0.925592
1,0.005638,-0.039919,0.925592
2,0.000000,0.000000,0.925592
3,-0.005638,0.039919,0.925592
4,-0.011276,0.079838,0.925592
0,0.017136,0.005337,0.996265
1,0.008568,0.002668,0.996265
2,0.000000,0.000000,0.996265
3,-0.008568,-0.002668,0.996265
4,-0.017136,-0.005337,0.996265
0,-0.032104,0.011990,0.986374
1,-0.016052,0.005995,0.986374
2,-0.000000,0.000000,0.986374
3,0.016052,-0.005995,0.986374
4,0.032104,-0.011990,0.986374
0,0.020342,0.034449,0.981438
1,0.010171,0.017225,0.981438
2,0.000000,0.000000,0.981438
3,-0.010171,-0.017225,0.981438
4,-0.020342,-0.034449,0.981438
0,-0.046014,0.053782,0.942385
1,-0.023007,0.026891,0.942385
2,-0.000000,-0.000000,0.942385
3,0.023007,-0.026891,0.942385
4,0.046014,-0.053782,0.942385
0,-0.007359,-0.001272,0.999354
1,-0.003679,-0.000636,0.999354
2,-0.000000,-0.000000,0.999354
3,0.003679,0.000636,0.999354
4,0.007359,0.001272,0.999354
0,0.055922,0.061212,0.921425
1,0.027961,0.030606,0.921425
2,-0.000000,0.000000,0.921425
3,-0.027961,-0.030606,0.921425
4,-0.055922,-0.061212,0.921425
0,-0.009290,-0.058126,0.959974
1,-0.004645,-0.029063,0.959974
2,0.000000,-0.000000,0.959974
3,0.004645,0.029063,0.959974
4,0.009290,0.058126,0.959974
0,0.081804,-0.043440,0.902528
1,0.040902,-0.021720,0.902528
2,0.000000,-0.000000,0.902528
3,-0.040902,0.021720,0.902528
4,-0.081804,0.043440,0.902528
0,-0.050517,-0.051163,0.940577
1,-0.025258,-0.025581,0.940577
2,-0.000000,-0.000000,0.940577
3,0.025258,0.025581,0.940577
4,0.050517,0.051163,0.940577
0,-0.004899,0.021399,0.994410
1,-0.002450,0.010700,0.994410
2,0.000000,0.000000,0.994410
3,0.002450,-0.010700,0.994410
4,0.004899,-0.021399,0.994410
0,-0.000962,-0.046750,0.974668
1,-0.000481,-0.023375,0.974668
2,0.000000,-0.000000,0.974668
3,0.000481,0.023375,0.974668
4,0.000962,0.046750,0.974668
0,-0.056577,0.076184,0.897845
1,-0.028288,0.038092,0.897845
2,0.000000,0.000000,0.897845
3,0.028288,-0.038092,0.897845
4,0.056577,-0.076184,0.897845
0,-0.021847,-0.029273,0.984522
1,-0.010924,-0.014637,0.984522
2,0.000000,-0.000000,0.984522
3,0.010924,0.014637,0.984522
4,0.021847,0.029273,0.984522
0,-0.069752,0.039782,0.926188
1,-0.034876,0.019891,0.926188
2,0.000000,0.000000,0.926188
3,0.034876,-0.019891,0.926188
4,0.069752,-0.039782,0.926188
0,0.013917,-0.008669,0.996883
1,0.006959,-0.004335,0.996883
2,-0.000000,0.000000,0.996883
3,-0.006959,0.004335,0.996883
4,-0.013917,0.008669,0.996883
0,-0.063136,-0.055688,0.919049
1,-0.031568,-0.027844,0.919049
2,0.000000,0.000000,0.919049
3,0.031568,0.027844,0.919049
4,0.063136,0.055688,0.919049
0,0.035370,0.070597,0.928577
1,0.017685,0.035299,0.928577
2,-0.000000,0.000000,0.928577
3,-0.017685,-0.035299,0.928577
4,-0.035370,-0.070597,0.928577
0,0.058517,-0.026076,0.952672
1,0.029258,-0.013038,0.952672
2,0.000000,-0.000000,0.952672
3,-0.029258,0.013038,0.952672
4,-0.058517,0.026076,0.952672
0,0.002485,0.048923,0.972210
1,0.001242,0.024461,0.972210
2,-0.000000,-0.000000,0.972210
3,-0.001242,-0.024461,0.972210
4,-0.002485,-0.048923,0.972210
0,-0.003517,-0.039178,0.982054
1,-0.001759,-0.019589,0.982054
2,0.000000,-0.000000,0.982054
3,0.001759,0.019589,0.982054
4,0.003517,0.039178,0.982054
0,0.070220,0.005070,0.942989
1,0.035110,0.002535,0.942989
2,0.000000,0.000000,0.942989
3,-0.035110,-0.002535,0.942989
4,-0.070220,-0.005070,0.942989
0,0.003246,0.012319,0.998119
1,0.001623,0.006160,0.998119
2,0.000000,0.000000,0.998119
3,-0.001623,-0.006160,0.998119
4,-0.003246,-0.012319,0.998119
0,0.046741,0.075155,0.910762
1,0.023371,0.037578,0.910762
2,-0.000000,0.000000,0.910762
3,-0.023371,-0.037578,0.910762
4,-0.046741,-0.075155,0.910762
0,-0.085120,-0.012708,0.915490
1,-0.042560,-0.006354,0.915490
2,-0.000000,0.000000,0.915490
3,0.042560,0.006354,0.915490
4,0.085120,0.012708,0.915490
